,segment_id
245,864691132690984696
283,864691132745562317
345,864691132680774344
395,864691132683151044
439,864691132779301067
447,864691132722461041
467,864691132887035593
501,864691132658062711
513,864691132638370192
528,864691132769384229
535,864691132628536162
710,864691132904223620
827,864691132735149160
853,864691132642153126
928,864691132896590550
972,864691132802008285
1000,864691132990653941
1057,864691132780154016
1121,864691132659833769
1172,864691132740599380
1266,864691133028935378
1326,864691132984459872
1424,864691132949420106
1505,864691132960730397
1514,864691132666827566
1593,864691132763964766
1678,864691132779264203
1800,864691132659534516
1836,864691132667816911
2000,864691132596401983
2009,864691132896047590
2113,864691133043000096
2140,864691132624453272
2179,864691132654396358
2185,864691132628594786
2188,864691132833696405
2197,864691132688456470
2199,864691132740044380
2212,864691132681884959
2217,864691132835943812
2231,864691132667453485
2249,864691132833542946
2262,864691132578301453
2263,864691132828309508
2265,864691132760793991
2288,864691132782905502
2314,864691132688478954
2323,864691132953416295
2347,864691132719724686
2348,864691132737848153
2352,864691132823992211
2382,864691132657901481
2388,864691132902170874
2399,864691132787168082
2400,864691132710615557
2404,864691132574738746
2411,864691132792853487
2418,864691132636661031
2419,864691132624520088
2420,864691132894518486
2427,864691132727390336
2428,864691132958064999
2430,864691132574654522
2438,864691132606457155
2486,864691132633945127
2488,864691132687769066
2492,864691132654176483
2523,864691132569568028
2527,864691132830599324
2533,864691132821414399
2544,864691132762665063
2552,864691132624892047
2558,864691132772080567
2562,864691132685563274
2571,864691132762889663
2578,864691132660954813
2600,864691132919533281
2601,864691132834577774
2625,864691132637266015
2646,864691132782910366
2650,864691132739202852
2661,864691132572568890
2666,864691132615679809
2667,864691132827499641
2672,864691132827499396
2673,864691132777976703
2679,864691132721562580
2694,864691132739188260
2699,864691132773149588
2706,864691132546466370
2728,864691132736987075
2773,864691132752538350
2789,864691132825555649
2803,864691132762320563
2804,864691132610912952
2822,864691132746417357
2847,864691132741334425
2869,864691132737835353
2870,864691132802121830
2875,864691132890763758
2884,864691132564267726
2889,864691132646421159
2890,864691132637126544
2893,864691132783638056
2895,864691132782553996
2908,864691132616924103
2923,864691132717250218
2938,864691132944883401
2953,864691132719091675
2958,864691132616204353
2960,864691132744033214
2974,864691132773418104
3017,864691132758361396
3020,864691133032789282
3036,864691132806476321
3038,864691132751217646
3045,864691132667325100
3049,864691132596362559
3063,864691132997038517
3064,864691132631232341
3083,864691132737965467
3090,864691132788050911
3092,864691132555006217
3093,864691132680784608
3097,864691132604503237
3110,864691133047278436
3154,864691132728554909
3162,864691132622632335
3163,864691132792817647
3175,864691132615659073
3179,864691132924432937
3180,864691132767933708
3198,864691132937442782
3199,864691132829938948
3210,864691132811987232
3213,864691132688008712
3222,864691132606843333
3247,864691132616894407
3251,864691132657979305
3266,864691132680467539
3270,864691132618832705
3271,864691132602278317
3281,864691132654696152
3287,864691132766170405
3292,864691132633783822
3294,864691132663021380
3304,864691132729684844
3321,864691132801329408
3329,864691132737873241
3338,864691132606411331
3342,864691132560066532
3347,864691132655548023
3353,864691132752852340
3354,864691132779199179
3377,864691132718279744
3379,864691132724937735
3393,864691132826640945
3399,864691132827065714
3400,864691132846916307
3401,864691132788078070
3404,864691132905753191
3407,864691132661462205
3414,864691132642301822
3420,864691132729722220
3421,864691132668199848
3425,864691132828277508
3429,864691132633849127
3438,864691132533674586
3447,864691132786354728
3451,864691132683861831
3457,864691132831552420
3462,864691132786421841
3470,864691132903029193
3474,864691132621015500
3493,864691132659176311
3497,864691132799366807
3523,864691132667316652
3537,864691132817959184
3543,864691132668339482
3565,864691132666532288
3581,864691132748356483
3591,864691132766176780
3594,864691132653920880
3595,864691132589840381
3597,864691132725549469
3598,864691132888784329
3603,864691132668670120
3608,864691132722920602
3610,864691132781025266
3615,864691132777635183
3625,864691132737006275
3628,864691132719321819
3655,864691132905838725
3658,864691132779122954
3662,864691132833037973
3666,864691133068438217
3669,864691132616875719
3671,864691132664062808
3683,864691132608097049
3691,864691132980067004
3700,864691132855120643
3701,864691132667027030
3727,864691132935710859
3735,864691132731102080
3739,864691133313629008
3746,864691132579269645
3750,864691132796818869
3754,864691132849694782
3755,864691132831525796
3777,864691132752593012
3781,864691132779267787
3787,864691132906899182
3790,864691132679317295
3793,864691133047305060
3795,864691132695830761
3802,864691132849719358
3809,864691132653457526
3810,864691132788116191
3820,864691132616895175
3822,864691132656274156
3825,864691132842513670
3826,864691132767840636
3832,864691132689271288
3833,864691132747156815
3849,864691132752048894
3868,864691132722901914
3883,864691132622681804
3886,864691132736226459
3894,864691132714136591
3909,864691132729713260
3913,864691132737000899
3922,864691132659563709
3925,864691132917526283
3950,864691132620040123
3961,864691132919492065
3987,864691132741374398
3995,864691132832413832
3999,864691132672111573
4014,864691132767557793
4023,864691132583572450
4028,864691132682296997
4034,864691132799337879
4045,864691132653888624
4053,864691132604506053
4055,864691133042938912
4071,864691132758317674
4107,864691132641845690
4108,864691133109766224
4126,864691132703935617
4137,864691132777595503
4149,864691132583634914
4151,864691133035029794
4165,864691132817166864
4170,864691132633938727
4171,864691132683323983
4184,864691132735038684
4185,864691132653745644
4192,864691132630954581
4193,864691132719758945
4199,864691132611698872
4212,864691132827938722
4217,864691132622589583
4225,864691132806620153
4227,864691132697763419
4228,864691132792776943
4233,864691132698315320
4239,864691132681934111
4244,864691132636905594
4248,864691132782015319
4255,864691132926439209
4276,864691132805588729
4283,864691132892944598
4293,864691132829182005
4296,864691132949396810
4297,864691132790659822
4302,864691132956213070
4305,864691132956199502
4306,864691132634882062
4307,864691132578995474
4312,864691132900526212
4319,864691132785355089
4325,864691132712574469
4330,864691132670519468
4332,864691132572376634
4334,864691132832458376
4362,864691132719784545
4366,864691132736985283
4381,864691132748681059
4389,864691132680162141
4406,864691132917555979
4416,864691132839384500
4426,864691132831628964
4434,864691132770170749
4436,864691132608657787
4461,864691132634417703
4483,864691132867582901
4485,864691132685598090
4486,864691132726853115
4492,864691132966575725
4494,864691132829214257
4499,864691133310621008
4505,864691132883682735
4515,864691132703972225
4526,864691133215742544
4536,864691132957208785
4544,864691132622819215
4547,864691132826375217
4573,864691132918867723
4577,864691132637303903
4582,864691132696009002
4589,864691132779078154
4592,864691132948560743
4596,864691132705134898
4603,864691132728951965
4609,864691132831966574
4610,864691132592907517
4617,864691132895596502
4628,864691133119261797
4638,864691132987380770
4656,864691132604553413
4657,864691132717897715
4675,864691132779107199
4700,864691132752063998
4708,864691132839479302
4724,864691132744105604
4726,864691132735743536
4732,864691132644346956
4756,864691132821325567
4761,864691132752600180
4763,864691132738569371
4770,864691132758229556
4778,864691132546000706
4783,864691132990602229
4793,864691132653854972
4802,864691132763055039
4815,864691132653582454
4816,864691132808024457
4817,864691133246128464
4836,864691132710149957
4847,864691132749955303
4858,864691132733070131
4867,864691132680809952
4873,864691132649696679
4878,864691133043055136
4885,864691132808957577
4891,864691132636766193
4892,864691132668192045
4894,864691132563174884
4900,864691132606209989
4906,864691132928964584
4910,864691132702645394
4917,864691132719830881
4919,864691132725496989
4926,864691133143717968
4946,864691132656399063
4951,864691132576896781
4957,864691132760434282
4962,864691132563041764
4965,864691132633588238
4967,864691132669114129
4982,864691132681547941
4983,864691132950020938
5010,864691132807173122
5019,864691132808156041
5020,864691132694997339
5026,864691132663407267
5031,864691132592719927
5032,864691132767526049
5035,864691133034482722
5036,864691132728075248
5048,864691132799478237
5052,864691132818921232
5054,864691132903559918
5058,864691132698305080
5063,864691132681536165
5068,864691132828236548
5084,864691132924936885
5085,864691132668201384
5093,864691132679624761
5095,864691132596354367
5101,864691132831579300
5106,864691132714206991
5114,864691132773338004
5124,864691132826117282
5125,864691132682710949
5137,864691132689698824
5145,864691132717537039
5155,864691132646449575
5159,864691132664310442
5162,864691132707148326
5179,864691132739275860
5181,864691132782014039
5193,864691132661584452
5194,864691132760840071
5212,864691132615671361
5230,864691132561528014
5241,864691132973309493
5244,864691132642307454
5256,864691132731261824
5257,864691132615931610
5262,864691132686714120
5264,864691133062245704
5278,864691132937470430
5281,864691132966572141
5284,864691132807347202
5291,864691132877002487
5306,864691132683168196
5307,864691132561738958
5310,864691132654419910
5320,864691132659432933
5323,864691132832458888
5335,864691132641836730
5344,864691132903664110
5348,864691132716807338
5375,864691132644644918
5377,864691132559528164
5382,864691132825546899
5387,864691132698228024
5412,864691132689342728
5414,864691132767815036
5418,864691133031170770
5420,864691132661059652
5421,864691132710809925
5428,864691132680707016
5433,864691132641152054
5440,864691132608729723
5454,864691132806448161
5459,864691132716027099
5465,864691132702787730
5467,864691132825282466
5488,864691133047258980
5493,864691132770229885
5498,864691132667085142
5503,864691132743372124
5506,864691132799731607
5508,864691132894731494
5513,864691132644362060
5522,864691132817189648
5533,864691132678461011
5542,864691132806483489
5546,864691132695096809
5550,864691133009442512
5570,864691132719829345
5576,864691132783957842
5588,864691132770811041
5599,864691132608710267
5607,864691132871020520
5609,864691132802123957
5619,864691132997021621
5629,864691132801223133
5644,864691132787899082
5645,864691132696035114
5652,864691132928972264
5673,864691132762872255
5687,864691132698479179
5690,864691132653434230
5693,864691132856203042
5706,864691132966970221
5710,864691132670510252
5720,864691132851309315
5727,864691132732147479
5754,864691132726747643
5769,864691132905286992
5771,864691132860834485
5781,864691132740888254
5797,864691133313558608
5808,864691132655358691
5809,864691132805608697
5812,864691132833753493
5819,864691132782171122
5831,864691132789491025
5839,864691132830124402
5857,864691132620969932
5868,864691132611413053
5871,864691132608702075
5873,864691132828308740
5883,864691132703968897
5907,864691132780764287
5912,864691132827041650
5946,864691132665853347
5951,864691132780756466
5957,864691132956490343
5960,864691132752617076
5961,864691132936840843
5975,864691133125416784
5976,864691132727256238
5984,864691132806646431
5987,864691132742685081
6001,864691132785295441
6002,864691132668287002
6017,864691132758362932
6025,864691132743455422
6026,864691132783127534
6033,864691132806412577
6043,864691132659544253
6053,864691132682144825
6055,864691132624523928
6056,864691132698277432
6074,864691132680869945
6076,864691132606393881
6085,864691132760714119
6088,864691132686640904
6089,864691132624501144
6091,864691132733911344
6112,864691133044904480
6113,864691132616935623
6117,864691133205427280
6120,864691132637297247
6124,864691132717300906
6143,864691132779280587
6165,864691132689231352
6174,864691132731479024
6185,864691132607163333
6191,864691132749785575
6198,864691132818907903
6209,864691132686732296
6214,864691132758497844
6224,864691132564072164
6231,864691132731346048
6245,864691132762303411
6261,864691132681892895
6267,864691132773280951
6272,864691132608690555
6279,864691132736154267
6286,864691132754950004
6291,864691132894746342
6295,864691132849979829
6297,864691132779992992
6298,864691132668962321
6299,864691132824993456
6304,864691132745373007
6306,864691132831971950
6310,864691132751297059
6328,864691132785035466
6329,864691132744496318
6332,864691132664207150
6347,864691132729774387
6365,864691132732087831
6370,864691132619994299
6375,864691132894679526
6377,864691132715968271
6385,864691132819661584
6401,864691132779271371
6408,864691132654394822
6416,864691132714386765
6420,864691132734112795
6449,864691132825605825
6469,864691132620045499
6472,864691132752031230
6480,864691133042994720
6482,864691132682094367
6483,864691132681966111
6485,864691132727469230
6489,864691132811362697
6515,864691132705145650
6516,864691132785187409
6521,864691132653833328
6533,864691132679299129
6549,864691132686904516
6552,864691132684486084
6558,864691132851955125
6561,864691132903650542
6565,864691132744214718
6570,864691132958949405
6581,864691132667383085
6588,864691132831618212
6590,864691132956192590
6596,864691132697671722
6617,864691132760319082
6619,864691133262848336
6623,864691132817114640
6628,864691132659203447
6636,864691132923211233
6644,864691132846870227
6651,864691132654398406
6657,864691132726842107
6666,864691132781465727
6676,864691132828915393
6695,864691132999410101
6697,864691132604764185
6707,864691132854852934
6733,864691132785010316
6734,864691132785358673
6739,864691132576898061
6749,864691132783979858
6757,864691132734907752
6766,864691132664176942
6768,864691132762891967
6789,864691132751492327
6797,864691132657965481
6799,864691132703946113
6804,864691132811418756
6808,864691132989169252
6818,864691132664082008
6821,864691132743633390
6823,864691132669425681
6826,864691132958325457
6842,864691133066791385
6849,864691132958570274
6854,864691133119252325
6858,864691132788023286
6865,864691132576897549
6869,864691132662890820
6872,864691132760808839
6878,864691132801147238
6889,864691132555077129
6893,864691132739276628
6905,864691132700334667
6907,864691132564024782
6915,864691132650744947
6922,864691132610477691
6941,864691132746180483
6949,864691132762689154
6956,864691133031114706
6957,864691132808085241
6964,864691132923049513
6989,864691132831537060
6997,864691132663057085
7001,864691132667414829
7005,864691132929028840
7008,864691132670850988
7014,864691132792853743
7015,864691132664053060
7017,864691132728045040
7019,864691132679532125
7036,864691132928962536
7054,864691132655650679
7058,864691132751193132
7065,864691132615678273
7066,864691132782668810
7082,864691132827554972
7083,864691132900520068
7085,864691132576348948
7091,864691132784071830
7097,864691132766160933
7105,864691132692679657
7122,864691132727415726
7135,864691133049661540
7144,864691132653757164
7160,864691132846884563
7169,864691132956216398
7177,864691132718498523
7199,864691132680757448
7202,864691132798175488
7206,864691132800094997
7212,864691132657947561
7215,864691132779204299
7221,864691132703010450
7225,864691132641838522
7237,864691132739227428
7239,864691132682449781
7240,864691132604570797
7243,864691132608641659
7248,864691132569580572
7250,864691132638282106
7255,864691132654669052
7256,864691132689141130
7271,864691132958935581
7275,864691132792765423
7286,864691132715739456
7288,864691132641184822
7290,864691132788015606
7312,864691132683942600
7320,864691132726393014
7326,864691132698532171
7331,864691132827103346
7341,864691132818930943
7344,864691132856294432
7347,864691132782602636
7360,864691132886960559
7368,864691132576823565
7376,864691133071474377
7382,864691132630689122
7389,864691132747560067
7391,864691132611812413
7392,864691132799458525
7397,864691132680817632
7399,864691132719688590
7401,864691132653479127
7410,864691132668313114
7422,864691132736152987
7429,864691132806421537
7430,864691132770268797
7440,864691132621489083
7445,864691132969323885
7449,864691132833389461
7461,864691133009281488
7465,864691132783608872
7466,864691132904069114
7471,864691132766229285
7476,864691132970787125
7487,864691132856204834
7502,864691132767645820
7521,864691132823952787
7523,864691132679368239
7535,864691132827637922
7557,864691132752423858
7559,864691132966551405
7572,864691132638039862
7573,864691132654705368
7585,864691132602064045
7587,864691132851313411
7591,864691132653909616
7599,864691132760310878
7605,864691133030822178
7612,864691132668284698
7622,864691132937445854
7625,864691132574637882
7631,864691132678448979
7633,864691132807747577
7640,864691132667381549
7645,864691132766201381
7650,864691132762295219
7651,864691132636921722
7652,864691132682438969
7656,864691132579041810
7685,864691132667445549
7689,864691132765030274
7705,864691132736946883
7714,864691132668205736
7716,864691133062296392
7728,864691133062264136
7729,864691132569588764
7730,864691132659935913
7734,864691132819468816
7741,864691132639914874
7747,864691132956240206
7760,864691132762287539
7765,864691132752448178
7766,864691132659438821
7776,864691132678228510
7783,864691132806741151
7790,864691132672061141
7797,864691132681959455
7801,864691132680661817
7806,864691132760266078
7811,864691132748718947
7830,864691132773413752
7831,864691132607246616
7833,864691132615936218
7835,864691132656574460
7839,864691132758393706
7844,864691132545844034
7850,864691132686702600
7866,864691132641958310
7878,864691132824934064
7891,864691132719842401
7900,864691132664270894
7902,864691132646483879
7908,864691132774025108
7916,864691132641506214
7918,864691132672097493
7923,864691132667785167
7926,864691132555044105
7936,864691132788099153
7941,864691132827121778
7944,864691132787956682
7947,864691132602076077
7958,864691132699628526
7960,864691132893506997
7969,864691132729441924
7971,864691132900509828
7976,864691132849696062
7977,864691132579029010
7982,864691132883706543
7985,864691132668311066
7988,864691132686428743
8001,864691132696439174
8003,864691132569539356
8004,864691133028353058
8006,864691132782624494
8008,864691132740321884
8012,864691132766179109
8014,864691132893596118
8021,864691132937495262
8028,864691132578985234
8030,864691132728463879
8034,864691132719744910
8035,864691132686302404
8044,864691132655306694
8062,864691132654430918
8065,864691132579969810
8079,864691132958356814
8082,864691132708186674
8085,864691132663246053
8089,864691132733258035
8098,864691132596314431
8120,864691132689260024
8126,864691132827084146
8134,864691132782518924
8141,864691132799525597
8142,864691132762851775
8170,864691132959618919
8177,864691132894648294
8178,864691132758395242
8196,864691132682938592
8197,864691132583594210
8207,864691132681802208
8217,864691132919522785
8226,864691132740109032
8237,864691133009485008
8241,864691132700040430
8250,864691132772185838
8257,864691132824896944
8259,864691132653482455
8261,864691132819411711
8263,864691132752617332
8276,864691132669060800
8284,864691132752750964
8292,864691132688355862
8294,864691132666490816
8297,864691132560073700
8299,864691132653717872
8332,864691132788025055
8337,864691132670655404
8346,864691132622551695
8352,864691132682341177
8353,864691132606291267
8355,864691132691186680
8363,864691132583598306
8365,864691132861503981
8370,864691132923096617
8405,864691132766171404
8417,864691132604571333
8429,864691132770178685
8444,864691132729495531
8445,864691132745545933
8456,864691132737363560
8457,864691132628478012
8460,864691132715761984
8477,864691132689217016
8502,864691132972310325
8518,864691132654697176
8522,864691132591486605
8526,864691133027084745
8537,864691132755462772
8542,864691132727432366
8562,864691133065616712
8564,864691132664203822
8567,864691132653866864
8576,864691132741343129
8603,864691132717872371
8608,864691132615596097
8616,864691132661004100
8617,864691132997127349
8627,864691132655693687
8641,864691132918989159
8649,864691132725543325
8664,864691132727796662
8691,864691132715725019
8693,864691132726880491
8714,864691132752622196
8716,864691132661726634
8731,864691132677090141
8733,864691132884256644
8738,864691132801146214
8753,864691132688445718
8758,864691132758067563
8760,864691132694928219
8768,864691132717890547
8769,864691132637423482
8775,864691132714145295
8782,864691132805416706
8785,864691132667341484
8809,864691132782918814
8822,864691132731744027
8825,864691132926332201
8829,864691132849727550
8837,864691132717936883
8838,864691132919482081
8842,864691133042983200
8866,864691132756586884
8867,864691132828262916
8880,864691133232149584
8884,864691132652464820
8902,864691132649853095
8907,864691132755219828
8914,864691132758664810
8926,864691132608646267
8935,864691132602090413
8953,864691132751149868
8956,864691132905829765
8972,864691132830235257
8987,864691132736990659
8996,864691132908343753
9012,864691132548572738
9014,864691132754303779
9023,864691132560078052
9029,864691132650763379
9035,864691132666501824
9061,864691132611825725
9068,864691132615675713
9072,864691132583578082
9074,864691132861244136
9089,864691132990681333
9090,864691132639254950
9093,864691132769324069
9103,864691132852292584
9110,864691132779804799
9113,864691132724913927
9123,864691132900558212
9129,864691132903659502
9144,864691132834120612
9169,864691132604499397
9171,864691132808418081
9173,864691132987882336
9176,864691132776922272
9177,864691132958954781
9179,864691132710113349
9180,864691132923048745
9184,864691132847671507
9190,864691132544837265
9194,864691132764410727
9203,864691132751126883
9210,864691132583646690
9214,864691132667444525
9217,864691132739821401
9223,864691132545882946
9226,864691132691447032
9232,864691132779290827
9234,864691132620007355
9237,864691132928977384
9239,864691132817134352
9268,864691132727428526
9275,864691132782882462
9276,864691132779187915
9279,864691132799451101
9287,864691132621714370
9290,864691132784109462
9295,864691132688545418
9305,864691132896576230
9314,864691132604732441
9328,864691132949434186
9330,864691132576895501
9342,864691132805422338
9350,864691133032770594
9358,864691132724953713
9366,864691132758364212
9380,864691132901590254
9387,864691132799526365
9388,864691132583626210
9398,864691132714364237
9403,864691132900564612
9404,864691132745559245
9421,864691132770492308
9425,864691132737919065
9430,864691132681928735
9436,864691132678423379
9437,864691132766234124
9440,864691132846866643
9454,864691132966560877
9456,864691132669541206
9458,864691132697698139
9462,864691132745479299
9475,864691132765891714
9487,864691132861367533
9503,864691132639255903
9512,864691132943435879
9513,864691132625855548
9530,864691132828286468
9535,864691132766177829
9542,864691132621449403
9549,864691132930866664
9550,864691132766021669
9553,864691133014214601
9555,864691132766160421
9558,864691132758395188
9560,864691132806657273
9563,864691132766230284
9567,864691132684088288
9569,864691132641117238
9581,864691132754466164
9584,864691132749780967
9588,864691132762917470
9607,864691132719702926
9610,864691132606425923
9625,864691132625085583
9631,864691132653472727
9637,864691132908534405
9649,864691132593387575
9653,864691132700135570
9656,864691132560051172
9660,864691132680809696
9663,864691132702432756
9664,864691132766200332
9667,864691132788076022
9678,864691132615636033
9692,864691132646468519
9696,864691132681920031
9703,864691132645016446
9708,864691132660974916
9709,864691132731093678
9710,864691132734993540
9718,864691132561504462
9727,864691132827599004
9736,864691132719800673
9737,864691132578817556
9755,864691132806753951
9759,864691132716052187
9762,864691132625811260
9772,864691132908523367
9773,864691132621005772
9775,864691132728102128
9777,864691132555284745
9785,864691132592720951
9787,864691132806367265
9797,864691132937441502
9808,864691132719849825
9810,864691132680743624
9811,864691132954636745
9820,864691132609860280
9830,864691132938966193
9849,864691132722580833
9853,864691132825285794
9857,864691132664076376
9858,864691132842480308
9873,864691132984451680
9886,864691132900368634
9887,864691132966561901
9893,864691132608747131
9894,864691132916461001
9897,864691132863464941
9898,864691132642254462
9906,864691132679317305
9925,864691132772091831
9940,864691132737946457
9952,864691132960203293
9965,864691132760062059
9966,864691132711334149
9971,864691132738643129
9974,864691132966530669
9978,864691132680861664
9983,864691132657972905
9986,864691132801172838
9994,864691132797839381
10002,864691132633012404
10003,864691132661065284
10019,864691132845290216
10022,864691132699984440
10041,864691132809046153
10042,864691132650781811
10044,864691132660978756
10047,864691132729878267
10050,864691132807138553
10065,864691132779103242
10070,864691132728109808
10076,864691132730745328
10079,864691132887804752
10086,864691132810797215
10089,864691132828278532
10097,864691132774633848
10098,864691132741740724
10105,864691132779423599
10112,864691132602026413
10118,864691132727446958
10126,864691132799346583
10130,864691132903660782
10132,864691132769643795
10135,864691132655722615
10141,864691132691696150
10146,864691132748737123
10150,864691132854839878
10156,864691132762666370
10159,864691132924216935
10162,864691132681936159
10180,864691132743899740
10182,864691132749818087
10187,864691132956453735
10199,864691132923086377
10205,864691133310578512
10209,864691132777626735
10213,864691132602079917
10219,864691132758911339
10221,864691132938679473
10228,864691132685573002
10230,864691132808118153
10231,864691132846902995
10232,864691133047221348
10234,864691132682876975
10243,864691132787799121
10255,864691132728456861
10259,864691132769655827
10263,864691132783718696
10267,864691132719782497
10268,864691132628641122
10271,864691132857672738
10277,864691132663094340
10286,864691132728071664
10298,864691132615586369
10306,864691132655958508
10315,864691132731748635
10316,864691132827323036
10317,864691133062277192
10332,864691132604783385
10342,864691132779238859
10343,864691132705102642
10350,864691132561550542
10352,864691132631229269
10369,864691132653940848
10388,864691132766159653
10395,864691132726389942
10399,864691132717972211
10405,864691132745526989
10407,864691132783919191
10417,864691132715830336
10433,864691132637459322
10436,864691132741195417
10440,864691132737608040
10442,864691132892909270
10446,864691132775718888
10451,864691132739621571
10458,864691132833116821
10470,864691132997092021
10476,864691132560096484
10503,864691132623899852
10515,864691133063779785
10518,864691132694366185
10544,864691133002882594
10552,864691132659570109
10554,864691132678493470
10557,864691133009449680
10559,864691132782520716
10563,864691133047022948
10575,864691132606466883
10578,864691132654436550
10585,864691132738992724
10612,864691132766138661
10619,864691132640546170
10620,864691132852376126
10631,864691132644320588
10633,864691132576851469
10637,864691132657309040
10658,864691132592706103
10678,864691132676290334
10688,864691132645451700
10722,864691132625363394
10738,864691132782884510
10739,864691132970776373
10740,864691132826313777
10749,864691132961861917
10754,864691132968906605
10755,864691132818900735
10769,864691132749771239
10776,864691132687820266
10797,864691132659465701
10801,864691132833001109
10804,864691132737921369
10823,864691132849725246
10833,864691132824916144
10841,864691133042979104
10849,864691132655676279
10866,864691132770555041
10872,864691132726410678
10874,864691132668166312
10882,864691132683821127
10891,864691132808088201
10893,864691132730225070
10895,864691132726941675
10902,864691132657897158
10918,864691132733913136
10930,864691132839377076
10948,864691132799349911
10962,864691132754949492
10963,864691133047258212
10971,864691132596364863
10978,864691132588536461
10981,864691132960186909
10985,864691132723295073
10995,864691132784840076
11022,864691132722826138
11023,864691133000502965
11037,864691132727352192
11039,864691132663366819
11052,864691132633874215
11057,864691132846894035
11075,864691132782924446
11077,864691132777575023
11082,864691132663935064
11090,864691132758498356
11094,864691132657975465
11106,864691132800752565
11108,864691132696032298
11118,864691132751164460
11129,864691132821301865
11146,864691132949403466
11149,864691132949418058
11158,864691132770547092
11165,864691132799364247
11170,864691132668297754
11173,864691132641118518
11179,864691132735187694
11187,864691132778014335
11205,864691132770054012
11207,864691132824925360
11218,864691132738421945
11236,864691132892993675
11247,864691133120278117
11249,864691132667375149
11264,864691132636753934
11303,864691132656569462
11318,864691132644366412
11324,864691132824882864
11328,864691132664047704
11329,864691132631242581
11330,864691132776893088
11342,864691132900528260
11353,864691132705089830
11363,864691132668761901
11370,864691133043021088
11374,864691132768840485
11381,864691132828249604
11388,864691132830717554
11398,864691132775143032
11419,864691132933718197
11436,864691132876045559
11440,864691132756006772
11463,864691132631258197
11466,864691132646457511
11470,864691132615633729
11471,864691132788017654
11476,864691132785351976
11491,864691132847234515
11495,864691132904992750
11500,864691132804633190
11511,864691132608668795
11518,864691132634162673
11541,864691132923116329
11550,864691132683846983
11561,864691132807880737
11575,864691132797079573
11577,864691132778009215
11580,864691132602054829
11601,864691132777557103
11608,864691132604946349
11616,864691132766390309
11630,864691132938807217
11632,864691132789734376
11635,864691132664029016
11645,864691132990668277
11649,864691132940560094
11665,864691132785333329
11666,864691132580710674
11684,864691132743892559
11699,864691132653873660
11708,864691132611368827
11712,864691132808116873
11720,864691132835091490
11723,864691132787802314
11726,864691132752656500
11732,864691132825608129
11747,864691132781019122
11763,864691132762649986
11765,864691132770253949
11771,864691132782893726
11773,864691132978925904
11782,864691133234804816
11784,864691132958954013
11802,864691132997124277
11803,864691132578832404
11808,864691132892808406
11834,864691132634138097
11835,864691132785381713
11843,864691133312229968
11852,864691132679139641
11886,864691132678787933
11895,864691132782609036
11905,864691132543930769
11912,864691132682902575
11915,864691132849754805
11918,864691132689257976
11924,864691132604779033
11940,864691132658064759
11953,864691132709663233
11970,864691132808046217
11985,864691132782570380
12002,864691132831622052
12012,864691132661088580
12013,864691132854841670
12023,864691132825543361
12025,864691132698508619
12026,864691132642223742
12034,864691132668250906
12046,864691132984508768
12050,864691132546017346
12058,864691132779112970
12091,864691132806428961
12096,864691132668284442
12102,864691132778661503
12108,864691132827060338
12128,864691132824927920
12133,864691132955351761
12139,864691132575281428
12146,864691132805419010
12147,864691132686733064
12149,864691132727471534
12161,864691132692653801
12170,864691132585888994
12179,864691132810015903
12187,864691132733916976
12191,864691132668467880
12197,864691132615656769
12199,864691132717300394
12214,864691132831628452
12228,864691132817155088
12231,864691132641148214
12239,864691132682421877
12240,864691133310611792
12262,864691132781744138
12263,864691132606451523
12272,864691132838498948
12282,864691132680779720
12288,864691132783699496
12293,864691132714354253
12303,864691132728565307
12307,864691132663209284
12310,864691132722493041
12311,864691132769651475
12319,864691132726604039
12324,864691132668207528
12346,864691132919511777
12348,864691132851316483
12349,864691132733687979
12352,864691132689220344
12355,864691132596377919
12360,864691132766152485
12362,864691132824957872
12363,864691132788301288
12365,864691132955353297
12368,864691132777960575
12373,864691132608748155
12384,864691132752447666
12391,864691132681743407
12395,864691132637094670
12397,864691132705147186
12398,864691132809094945
12404,864691132634173169
12410,864691132698498379
12413,864691132589863421
12416,864691132702100724
12419,864691132939247070
12422,864691132842515076
12435,864691132657950889
12443,864691132762073438
12444,864691132677081181
12453,864691132867964392
12458,864691132668176808
12462,864691132589919741
12465,864691132755548850
12466,864691132604705561
12471,864691132752596084
12475,864691132680806112
12481,864691132742238440
12483,864691132683143077
12494,864691132745478531
12499,864691132829848732
12502,864691132952521802
12506,864691132655625846
12512,864691132846857683
12517,864691132731752731
12530,864691132664017752
12532,864691132824896688
12537,864691132831946350
12538,864691132902011898
12548,864691132657942953
12571,864691132779247307
12592,864691132797045269
12598,864691132782633198
12623,864691132621695170
12629,864691132555066121
12630,864691132596077879
12631,864691132785047498
12633,864691132695016283
12651,864691132653234135
12665,864691132894655462
12672,864691132854824774
12675,864691132743902031
12678,864691132768360972
12680,864691132762886847
12688,864691132760381534
12704,864691132545992258
12706,864691132928974312
12719,864691132808110473
12727,864691132657930665
12751,864691133235577424
12753,864691132561564644
12767,864691132680785352
12780,864691132919524577
12790,864691132824982192
12795,864691132737339833
12796,864691132657895081
12802,864691132788104671
12806,864691132664079448
12809,864691132653859696
12813,864691132751864039
12815,864691132608465848
12833,864691132576868365
12835,864691132730996275
12836,864691132765482431
12839,864691132799492061
12840,864691132940688862
12854,864691132713450053
12861,864691132799526877
12862,864691132799435229
12865,864691132734473239
12879,864691132728079856
12896,864691132833729256
12902,864691132608678011
12903,864691132682383477
12904,864691132966569837
12911,864691132611443773
12912,864691132948433874
12916,864691132683166148
12919,864691132895452374
12922,864691132745506179
12933,864691132682431349
12934,864691132831967598
12935,864691132714211087
12942,864691132685835335
12945,864691132705079602
12952,864691132605956037
12969,864691132611325501
12991,864691132769640979
12995,864691132606856216
12996,864691132649010100
12999,864691132779269835
13001,864691132640304016
13005,864691132661067844
13006,864691133009456080
13008,864691132571714874
13016,864691132781031410
13022,864691132776950688
13043,864691132668492058
13047,864691133119250533
13054,864691132782903710
13056,864691133028501026
13061,864691132749789415
13068,864691132858071878
13075,864691132717801999
13083,864691132661060932
13087,864691132571695674
13114,864691132729738348
13117,864691132828251652
13119,864691132749749479
13123,864691132896926921
13129,864691132970757173
13137,864691132681559973
13141,864691132766149157
13142,864691132680030750
13146,864691132637009905
13155,864691132579016722
13167,864691132827404593
13180,864691132841100038
13188,864691132731650542
13210,864691132839536902
13211,864691132634135281
13228,864691132624493464
13230,864691132898206182
13249,864691132696795690
13251,864691132599266102
13258,864691132935698571
13263,864691132952681546
13275,864691132728581179
13284,864691132749752295
13295,864691132710144581
13303,864691132839503622
13305,864691132561529038
13312,864691132821295209
13315,864691132726259869
13326,864691132608739963
13343,864691132625863996
13347,864691132806487329
13355,864691132653793904
13375,864691132655923927
13379,864691132766164492
13381,864691132667793359
13404,864691132622555791
13409,864691132903660526
13411,864691132657425624
13417,864691132590661517
13419,864691132653526231
13425,864691132611357563
13431,864691132763698567
13436,864691132858000198
13443,864691133310632272
13444,864691132722516849
13457,864691132758372458
13465,864691132760726151
13473,864691132653771756
13474,864691132624461976
13489,864691132579009298
13497,864691132744731582
13498,864691132742325796
13506,864691132780596335
13508,864691132672089045
13513,864691132768218017
13515,864691132620967884
13525,864691132937172107
13532,864691132624050063
13548,864691132625914428
13550,864691132686679816
13552,864691132726783739
13553,864691132892910806
13554,864691132758697323
13555,864691132825251746
13557,864691133047293796
13581,864691132740300892
13585,864691132788026079
13588,864691132815153384
13590,864691132826400049
13591,864691132589817085
13594,864691132807151106
13606,864691132654241251
13614,864691132758640366
13623,864691132762861503
13625,864691133012988624
13629,864691132788094198
13633,864691132699731444
13657,864691132679531806
13658,864691132743933630
13668,864691132679374127
13669,864691132696784774
13674,864691132679428957
13691,864691132546002242
13695,864691132810277535
13703,864691132680747464
13708,864691132569539868
13727,864691132726943467
13728,864691132783672616
13737,864691132831567780
13743,864691132681949983
13745,864691132606414659
13747,864691132606273221
13749,864691132784677022
13755,864691133028966866
13769,864691132766221349
13770,864691132767574177
13772,864691132703966593
13775,864691133009474000
13803,864691132883683759
13815,864691132834928548
13827,864691132730629427
13839,864691132611410749
13840,864691132664200238
13873,864691132546005826
13874,864691132853800707
13878,864691132768418597
13884,864691132627250492
13897,864691133048726116
13904,864691133045953056
13907,864691132966516589
13908,864691132588566157
13912,864691132900421557
13924,864691132698491979
13928,864691132955011793
13947,864691132583561698
13948,864691132699723508
13961,864691132698273883
13969,864691132760359774
13974,864691132604753433
13976,864691132798188544
13978,864691132763760819
13984,864691132641167926
13988,864691132617767898
13991,864691132825621953
13998,864691132611333693
13999,864691132699718644
14008,864691132949655093
14013,864691132822028799
14024,864691132597691711
14026,864691132782502028
14040,864691132624541080
14055,864691132557909513
14065,864691132759649332
14071,864691132571715642
14082,864691132698212152
14087,864691132639309734
14088,864691132839749556
14090,864691132654671064
14100,864691132805448194
14112,864691132723667438
14120,864691132765763519
14121,864691132681032239
14122,864691132779207883
14128,864691132729725747
14132,864691132664185134
14140,864691132876517111
14143,864691132636886567
14145,864691132633807374
14149,864691132576894733
14156,864691132824948912
14158,864691132677170013
14160,864691132667071574
14176,864691132736219547
14186,864691132633943847
14187,864691132726954475
14190,864691133119302757
14193,864691132717930227
14195,864691132596379711
14198,864691132997085877
14200,864691132642227070
14201,864691132700138642
14202,864691132648518311
14209,864691132770197373
14222,864691132680790752
14235,864691132667076694
14236,864691132789572689
14256,864691132817271605
14264,864691132864951021
14275,864691132848231300
14277,864691132886802121
14285,864691132596346943
14290,864691132653470679
14294,864691132987631712
14299,864691132594026039
14302,864691132958952221
14310,864691132576800525
14318,864691132653828348
14323,864691132781016818
14327,864691132949442634
14337,864691133043034912
14338,864691132761720926
14340,864691132543956113
14347,864691132728096240
14356,864691132660849893
14358,864691132808124041
14362,864691132677091421
14364,864691132740281180
14371,864691132997040053
14372,864691132852882435
14375,864691132700784628
14380,864691132752050942
14384,864691132833061525
14388,864691132850143187
14390,864691132640454054
14393,864691132804083814
14401,864691132948944743
14404,864691132926463669
14417,864691132732688516
14420,864691132728592443
14428,864691132806427169
14430,864691132648726439
14431,864691132744329918
14443,864691132760704135
14447,864691132959704941
14449,864691132779366091
14479,864691132624531352
14483,864691132696033834
14505,864691132828736633
14510,864691132639280806
14511,864691132746426756
14518,864691132588559501
14531,864691132906785518
14533,864691133028974802
14542,864691132695836202
14543,864691133009471696
14551,864691132625621954
14552,864691132694986843
14563,864691132661028932
14564,864691132956127822
14567,864691132649101479
14570,864691132769614099
14584,864691132698385194
14586,864691132726962923
14592,864691132824923753
14593,864691132745309059
14600,864691132762041140
14607,864691132692158200
14610,864691132772998327
14613,864691132621113531
14616,864691132687817706
14618,864691132739319636
14619,864691132721900430
14630,864691132656543192
14632,864691132729692780
14649,864691132906159598
14651,864691132739231012
14665,864691132801161318
14669,864691132903021956
14670,864691132667324844
14671,864691132618863425
14675,864691132752056574
14677,864691132875511287
14681,864691132782889374
14715,864691132761545566
14737,864691132560080612
14750,864691132676305694
14754,864691132569518364
14756,864691132698079067
14760,864691132752542951
14770,864691132644481406
14772,864691132667016278
14775,864691132679377967
14780,864691132589847037
14790,864691132777985407
14791,864691132592727095
14795,864691132692647401
14809,864691132832451208
14812,864691132743912783
14825,864691132752572532
14826,864691132833675298
14829,864691132668292634
14837,864691132905916549
14846,864691132699448564
14855,864691132645341882
14862,864691132611477821
14868,864691132688434198
14880,864691132667769039
14898,864691132656308599
14899,864691132686347855
14901,864691132724882695
14902,864691132724930567
14909,864691132620029115
14910,864691132624455320
14918,864691132760763783
14923,864691132722521201
14936,864691132727448238
14940,864691132758380596
14947,864691132719044160
14951,864691132722099342
14956,864691132758483252
14964,864691132589908733
14969,864691133031957970
14972,864691132782554508
14974,864691132656000966
14976,864691132731599580
15010,864691132637183888
15027,864691132991009225
15057,864691132797038869
15060,864691132644837246
15073,864691132958966045
15075,864691132986170720
15092,864691132724756809
15105,864691132705967695
15107,864691132660953412
15117,864691132760809607
15124,864691132642251174
15134,864691132749740007
15137,864691132679368751
15139,864691132627337368
15141,864691132648190900
15161,864691132660826793
15167,864691132758490420
15175,864691132757990763
15177,864691132799411165
15186,864691132868506146
15197,864691132690209514
15200,864691132904395111
15204,864691132785352785
15207,864691132984502112
15221,864691132641169206
15249,864691132735838905
15268,864691132591187197
15270,864691132689281272
15273,864691132555074057
15276,864691132622591119
15278,864691132766179621
15286,864691132731599836
15289,864691132727397760
15302,864691132680768968
15305,864691132687777418
15306,864691132853179139
15308,864691132992800245
15313,864691132737008555
15318,864691133068471241
15320,864691132616888775
15327,864691132776330616
15330,864691133034714402
15332,864691132762331571
15334,864691132739322964
15337,864691132726445494
15339,864691132659446245
15350,864691132680846560
15357,864691132827340956
15372,864691132749510631
15374,864691132589922557
15376,864691132788019679
15389,864691132667384877
15390,864691132668312346
15395,864691132788111583
15406,864691132748658275
15408,864691132897432038
15411,864691132715829312
15412,864691132718900394
15416,864691132795825903
15425,864691132615743553
15429,864691132767335692
15432,864691132743897167
15442,864691132749770727
15445,864691132700121746
15452,864691132729725036
15473,864691132664064344
15481,864691132735101800
15491,864691132579319826
15498,864691133063969225
15502,864691132684320712
15506,864691132887732258
15509,864691133063948249
15511,864691132736154297
15538,864691132653805680
15543,864691132679308089
15555,864691132681913119
15561,864691132655676535
15573,864691132884641711
15575,864691132841387014
15582,864691132735146088
15584,864691132786569930
15589,864691132758338666
15594,864691132719089216
15597,864691132657635497
15599,864691132703973761
15603,864691132694978651
15604,864691132676264478
15607,864691132773396349
15631,864691132818912528
15637,864691132696954758
15645,864691132627461436
15652,864691132666531264
15668,864691132896557782
15673,864691132749804526
15685,864691132779138570
15693,864691132644384844
15703,864691132733674667
15715,864691132831617444
15720,864691132790525060
15740,864691132608074008
15744,864691132549054274
15753,864691132664993699
15757,864691132722919753
15769,864691132638499423
15787,864691132575428372
15792,864691132719725226
15798,864691132729615022
15804,864691132555065865
15807,864691133063954137
15810,864691132721400673
15814,864691132602014125
15817,864691132607461912
15830,864691132785204938
15831,864691132700135314
15850,864691132788025823
15856,864691132625799996
15865,864691132895636438
15871,864691132733145879
15872,864691132737846617
15873,864691132625807759
15886,864691132825544129
15890,864691132715988187
15893,864691132894669286
15907,864691132779885216
15915,864691132832558728
15918,864691132646437031
15922,864691132670995919
15930,864691132700360248
15931,864691132767542945
15953,864691132685569418
15955,864691132670753297
15973,864691132545881922
15981,864691132930840866
15982,864691132593883191
15988,864691132719839329
15992,864691132668185768
15993,864691132806392757
16004,864691132608096709
16019,864691132831592868
16069,864691132732145431
16072,864691132733645483
16089,864691132808654841
16090,864691132892930006
16095,864691133119278693
16105,864691132662096298
16106,864691132984191840
16120,864691132727466414
16139,864691132669653265
16147,864691132547115665
16151,864691132754168364
16168,864691132757846119
16181,864691132654211555
16202,864691132760826503
16203,864691133020775881
16210,864691132779263435
16214,864691132833072277
16216,864691133063935449
16221,864691133219276624
16222,864691132749757415
16226,864691132545890114
16241,864691132997696949
16243,864691132809624097
16250,864691132700546104
16255,864691132730783662
16260,864691132935675019
16261,864691132786901842
16267,864691132887507913
16269,864691132644392524
16275,864691132717926387
16277,864691132801913702
16286,864691132737905753
16288,864691132788453578
16339,864691132640077478
16340,864691132609007288
16342,864691132817090576
16343,864691132664234286
16344,864691132762843839
16347,864691132545999682
16351,864691132788023030
16355,864691132739692187
16361,864691132604505029
16363,864691132854822470
16369,864691132852974654
16371,864691132686668040
16373,864691132758501172
16374,864691132788054006
16384,864691132556228617
16387,864691132691637226
16390,864691132739234596
16404,864691132781442570
16416,864691132646485159
16421,864691132668145576
16423,864691132760784775
16426,864691132743913039
16459,864691133032790306
16460,864691132924887593
16467,864691132622645391
16468,864691132569585948
16474,864691132949415498
16477,864691132727370112
16486,864691132690940664
16492,864691132776926624
16506,864691132741220948
16520,864691132643818622
16532,864691132785373521
16551,864691132604927000
16564,864691132665544792
16577,864691132753368558
16583,864691132806679455
16587,864691132767257612
16595,864691132638661044
16601,864691133217664080
16602,864691132786405970
16630,864691132686735112
16646,864691132897236710
16649,864691132709011438
16652,864691132980105660
16656,864691132708040961
16659,864691132587359714
16660,864691132770505108
16667,864691132606429251
16669,864691132758382644
16674,864691132719803233
16686,864691132787548241
16687,864691133032775970
16694,864691132806768031
16700,864691132606463555
16702,864691132732107799
16707,864691132758397546
16720,864691133012331984
16728,864691132752702836
16734,864691132751405859
16740,864691132827702163
16755,864691132694483124
16757,864691132608694651
16769,864691132619439322
16773,864691132700923380
16776,864691132773399416
16781,864691132745002063
16782,864691132700346612
16785,864691132637112976
16788,864691132668301850
16796,864691132722465905
16798,864691132728714475
16800,864691132722446193
16801,864691132748689763
16824,864691132905881733
16839,864691132937479134
16848,864691132745527757
16866,864691132625893436
16890,864691132919496673
16919,864691132821925225
16934,864691132728122096
16935,864691132736706987
16937,864691132698181870
16941,864691132748680035
16946,864691132806677151
16955,864691132680813024
16968,864691132629451324
16970,864691132615639617
16977,864691132726407094
16979,864691132666506688
16998,864691132758083179
17000,864691132667079766
17005,864691132751323427
17014,864691132636915834
17018,864691132628550754
17025,864691132758369642
17042,864691132717966835
17055,864691132785298001
17056,864691132710693614
17070,864691132716064731
17073,864691132742457278
17077,864691132685552010
17078,864691132666527168
17080,864691132956430439
17083,864691132698318904
17084,864691132905826949
17095,864691132739090329
17150,864691132643728438
17154,864691132817131024
17157,864691132698600027
17166,864691132663394467
17184,864691132779242443
17198,864691132705455142
17201,864691132735129704
17205,864691132931869416
17211,864691132655634295
17212,864691132646826828
17217,864691133119276133
17223,864691132619408346
17230,864691132710321153
17258,864691133018463266
17263,864691132797051669
17265,864691132833078677
17267,864691132698568779
17268,864691132937220747
17271,864691132776951456
17299,864691132767548065
17302,864691132604789017
17308,864691132931750120
17311,864691132779137034
17326,864691132682431861
17330,864691132824887472
17333,864691132666489792
17334,864691132661725669
17335,864691132919451361
17345,864691132928944872
17362,864691132725990473
17368,864691132659127525
17374,864691132602037421
17376,864691133275212624
17390,864691132973947701
17396,864691132654190563
17397,864691132830051106
17405,864691132719826785
17409,864691132705149746
17416,864691132808104329
17422,864691132569576732
17437,864691132937522827
17454,864691132722709321
17466,864691132715561280
17488,864691132644931770
17489,864691132903682030
17492,864691132739237460
17494,864691132830959993
17495,864691132679384879
17497,864691132924062133
17513,864691132757149828
17515,864691132737903705
17529,864691132624640408
17532,864691132745535437
17539,864691132589858045
17556,864691132795321583
17592,864691132959890023
17602,864691132604762392
17616,864691132767519905
17638,864691132615640641
17643,864691132997076661
17650,864691132678230867
17653,864691132639280294
17654,864691132894655206
17659,864691132653770732
17669,864691132980110524
17670,864691132805945476
17684,864691132809059873
17686,864691132852982818
17687,864691132817109264
17690,864691132782469516
17692,864691132957124942
17706,864691132607949379
17710,864691132883852420
17720,864691132575406612
17726,864691132680787144
17734,864691132688441878
17735,864691132851315971
17746,864691132821328489
17757,864691132839787188
17768,864691132937253456
17770,864691132739934137
17790,864691132705261441
17798,864691132740297052
17804,864691132683857991
17821,864691132877379685
17822,864691132583608034
17825,864691132808095369
17828,864691132808251017
17845,864691132784121494
17847,864691132561199332
17854,864691132740908478
17865,864691132555075337
17871,864691132583550690
17877,864691132874641255
17889,864691132573888314
17897,864691132611356477
17913,864691132740927934
17919,864691132792820207
17922,864691132758454324
17924,864691132644373580
17926,864691132618889434
17943,864691132555115785
17945,864691132774131383
17948,864691132653741292
17949,864691132572382748
17950,864691132666557376
17951,864691132672065493
17954,864691132667392813
17971,864691132621040332
17978,864691132736169913
17987,864691132824447876
17989,864691132783217548
18010,864691132689236728
18020,864691132686224967
18029,864691132829557041
18031,864691133252818512
18042,864691132565007566
18060,864691132760741255
18065,864691133032226002
18066,864691132758364468
18069,864691132658024617
18071,864691132664251694
18076,864691132646470823
18092,864691133119227493
18102,864691132584137954
18107,864691132624532632
18111,864691132773356152
18134,864691132740919076
18138,864691132681957407
18154,864691132555060745
18156,864691132683075780
18166,864691132990640629
18169,864691132771384558
18172,864691132736986563
18180,864691132773416056
18185,864691132789094646
18189,864691132619668423
18190,864691132668154280
18193,864691132656778467
18202,864691132694941531
18217,864691132817156880
18237,864691132766166284
18242,864691133312685392
18250,864691132714381901
18253,864691132687804394
18254,864691133050404708
18257,864691132809984159
18261,864691132583618530
18267,864691132608484024
18274,864691132939079819
18279,864691132788107510
18283,864691132634152945
18284,864691132762865855
18296,864691132760328286
18300,864691132931080037
18306,864691132608459960
18311,864691132851334659
18314,864691132781003506
18319,864691132694967131
18327,864691132833091221
18348,864691132680800480
18361,864691132987732832
18362,864691132900328954
18382,864691132738469531
18383,864691132686697736
18394,864691132707456129
18405,864691132839118724
18406,864691132724591258
18408,864691132782527628
18411,864691132645083060
18413,864691132700313419
18419,864691132897517286
18421,864691132770265981
18423,864691132748622691
18430,864691132798193408
18437,864691132704717391
18450,864691132657956777
18465,864691132766193189
18471,864691132643921718
18476,864691132685553034
18481,864691132762298291
18487,864691132602012845
18491,864691132647188556
18496,864691132679362397
18500,864691132745473411
18502,864691132737854553
18511,864691133012237008
18519,864691132770498964
18523,864691132758444084
18524,864691132739225636
18529,864691132897231830
18531,864691132787071126
18532,864691132714343245
18533,864691132727400622
18553,864691132749768167
18556,864691132806432033
18564,864691132758436404
18571,864691132681942559
18577,864691132892899542
18578,864691132740391460
18582,864691132743888463
18593,864691133131496272
18594,864691132834775189
18599,864691132888294178
18606,864691132835462024
18630,864691132682689992
18635,864691132708013825
18637,864691132732147991
18646,864691132717330858
18664,864691132615623489
18666,864691132705137970
18667,864691132695992362
18673,864691132625300120
18685,864691132604555205
18713,864691132956427367
18728,864691132719456097
18740,864691132657047671
18751,864691133068435401
18776,864691132679392047
18778,864691132707570982
18784,864691132696785286
18788,864691132798085152
18793,864691132722913865
18795,864691132718229716
18815,864691132862825453
18824,864691132656183036
18839,864691132773327736
18842,864691132809240457
18850,864691132828265476
18852,864691132783619112
18854,864691132970769973
18856,864691132857208134
18863,864691132941784753
18874,864691132959467111
18878,864691132715829568
18892,864691132728089328
18897,864691132622605711
18904,864691132615617601
18917,864691132892417125
18939,864691132785056202
18947,864691132761838698
18962,864691132604751897
18971,864691132656140028
18973,864691132773426040
18978,864691132824932528
18981,864691132828635697
18984,864691132622628239
18985,864691132853995523
18991,864691132686653704
18997,864691132725493149
19001,864691132824973744
19011,864691132705725313
19033,864691132716855117
19039,864691132712409476
19045,864691132615014205
19061,864691132854842182
19063,864691132622608015
19065,864691132767818620
19070,864691132641007760
19072,864691132650746995
19076,864691132782938782
19085,864691132749723367
19094,864691132611477309
19109,864691132637292383
19130,864691133043013664
19131,864691132717262250
19140,864691132958333905
19141,864691132708302630
19145,864691132659423717
19148,864691132631957090
19173,864691132661834154
19178,864691133119263589
19182,864691132557739017
19184,864691132707721473
19186,864691132856884038
19187,864691132611452221
19195,864691132801721856
19207,864691132724945415
19210,864691132799350679
19212,864691132717777485
19219,864691132785025482
19234,864691132894707430
19238,864691132707446145
19239,864691132705147009
19240,864691132589816061
19248,864691132793812917
19254,864691132715801920
19258,864691132762857407
19259,864691133042996256
19264,864691132831615908
19275,864691132543944593
19277,864691132655720311
19285,864691132621305804
19308,864691132703930497
19325,864691132770530708
19332,864691132821342569
19338,864691132725290057
19340,864691132923200481
19355,864691132728210439
19357,864691132909395333
19363,864691132763358340
19383,864691132737842009
19388,864691132782883998
19400,864691132667726031
19403,864691132762264755
19414,864691132735118952
19428,864691132634178545
19434,864691132668515373
19438,864691132664020056
19441,864691132683807924
19442,864691132966520941
19447,864691132737883225
19450,864691132683835719
19469,864691132589632310
19470,864691132832436104
19481,864691132722927770
19482,864691132726910699
19486,864691132710322177
19493,864691132760086404
19506,864691132606535193
19514,864691132754566578
19526,864691132749759975
19527,864691132728583227
19529,864691132705774118
19551,864691133047252836
19552,864691132950850257
19563,864691133000460981
19567,864691133047255140
19573,864691132782502540
19578,864691132764680578
19580,864691132660960836
19582,864691132799445725
19584,864691132824556464
19585,864691132757742187
19586,864691132767521697
19591,864691132903629294
19614,864691132771290236
19625,864691132745452163
19640,864691132732580846
19647,864691132917600011
19650,864691132752458162
19658,864691132784063638
19664,864691132658604407
19666,864691132801124198
19675,864691132669901504
19688,864691132800379630
19707,864691132970788917
19721,864691132587097314
19730,864691132685003893
19738,864691132668582170
19741,864691132823967635
19747,864691132622555067
19751,864691132687799786
19755,864691132937445598
19766,864691132724986119
19770,864691132752070142
19774,864691132832439176
19780,864691132748052685
19785,864691132850591464
19787,864691132627646872
19795,864691132799474397
19798,864691132779266763
19799,864691132852679556
19802,864691132740312924
19812,864691132767839612
19835,864691132788046303
19837,864691132902196100
19863,864691132646414759
19866,864691132615958490
19867,864691132586038754
19869,864691132664229976
19873,864691132637285471
19885,864691132611412797
19888,864691132729700204
19894,864691132547315010
19895,864691132791712800
19908,864691132797077781
19932,864691132701351156
19938,864691133017671625
19941,864691133042935840
19948,864691132659409893
19952,864691132765319615
19954,864691132817490386
19982,864691132637149584
19991,864691132737652328
19998,864691132885140655
20003,864691132809121439
20004,864691132786032210
20013,864691132631218261
20032,864691132633918503
20037,864691132980070844
20049,864691132561549006
20061,864691133214129488
20063,864691132829320129
20075,864691132681688659
20085,864691132905891822
20087,864691132698523227
20094,864691132839504646
20106,864691133158440016
20121,864691132736957891
20128,864691132667041622
20129,864691132700128658
20134,864691132831966062
20145,864691132852758275
20164,864691132753281315
20173,864691132632746932
20183,864691132799511005
20185,864691132736932912
20193,864691132583616738
20194,864691132599849023
20199,864691132811461769
20217,864691132894711782
20218,864691132741629081
20221,864691132694008756
20231,864691132827484793
20250,864691132827571868
20270,864691132623090107
20271,864691132787494737
20274,864691132716003291
20281,864691132824904880
20283,864691132758090091
20286,864691132679003678
20291,864691132961839645
20310,864691132699676916
20318,864691132735142248
20321,864691132663385507
20323,864691132827071090
20324,864691132903665390
20328,864691132894723302
20333,864691132659431141
20340,864691133066090568
20342,864691132672098005
20344,864691132773361016
20365,864691132697487451
20369,864691132997053365
20373,864691132733896752
20388,864691132698336238
20394,864691132966558317
20420,864691132782866078
20424,864691132852051559
20435,864691132705084966
20444,864691132719720334
20446,864691132760808583
20452,864691132752007166
20480,864691132638503312
20481,864691132732133179
20483,864691132665875107
20486,864691132872976487
20494,864691132767516028
20498,864691132588491917
20500,864691132731574811
20510,864691132646476455
20523,864691132792264629
20524,864691132717280170
20534,864691132583616994
20537,864691132667068502
20539,864691132799493341
20543,864691132652175284
20544,864691132633948711
20548,864691132624006604
20549,864691132990661365
20553,864691132667339692
20562,864691132827447673
20567,864691132668168616
20571,864691132773318839
20582,864691132833030293
20586,864691132834116584
20597,864691132759235434
20600,864691132714213391
20605,864691132621707714
20607,864691132956242254
20617,864691132641126198
20619,864691132864780213
20620,864691132680815072
20621,864691132808076425
20628,864691132616398657
20640,864691132736688488
20646,864691132778159776
20647,864691132732209772
20656,864691132699120170
20657,864691132642268798
20675,864691132835372360
20677,864691132827078514
20678,864691132714150671
20680,864691132689666312
20687,864691132776945568
20701,864691132770242685
20714,864691132727370368
20724,864691132717955315
20739,864691133047321700
20741,864691132696732550
20746,864691132716901339
20757,864691133009472464
20768,864691133311276624
20769,864691132826358065
20772,864691132728131307
20781,864691132956435303
20786,864691132580941842
20791,864691132591923453
20796,864691132718465236
20800,864691132923092521
20812,864691132611463229
20837,864691132990618869
20843,864691132849730110
20851,864691132827084658
20855,864691132589887485
20866,864691132773420925
20868,864691132829630769
20876,864691132628621154
20886,864691132690699768
20893,864691132646434727
20902,864691132766133797
20906,864691132687790570
20918,864691132623260876
20926,864691132724396442
20934,864691132762097902
20943,864691132700016274
20948,864691132825775536
20951,864691132799963829
20957,864691132604570821
20963,864691132766164517
20964,864691132667087446
20973,864691132829348642
20979,864691132731595484
20988,864691132690810346
20990,864691132689282040
20997,864691132628545634
20998,864691133047277924
21003,864691132758708587
21006,864691132731759387
21011,864691132846893267
21017,864691132826402353
21034,864691132892908502
21035,864691132728901277
21042,864691132678415955
21053,864691132804818790
21070,864691132656100844
21071,864691132905892485
21078,864691132705131058
21079,864691132828239620
21083,864691132717931085
21085,864691132657964201
21089,864691132726906859
21095,864691132984943944
21103,864691132545952066
21104,864691132667167761
21106,864691132735143016
21117,864691132728567611
21118,864691132665629784
21127,864691132545908802
21151,864691132734607324
21152,864691132748724835
21157,864691132707386753
21170,864691132663345315
21175,864691132781991511
21178,864691133062264392
21189,864691132615935706
21194,864691132958987549
21196,864691132667332268
21227,864691132633908519
21244,864691132900342010
21250,864691133028955346
21251,864691132707755314
21255,864691132823974547
21258,864691132793039343
21280,864691132734818408
21283,864691132653458647
21292,864691132905865861
21304,864691132561568718
21312,864691132688409622
21324,864691132725535645
21327,864691132656795619
21328,864691132696726150
21340,864691132654659544
21355,864691132980093628
21360,864691132813707445
21361,864691132682450805
21368,864691132677066845
21377,864691132615930586
21379,864691132722843546
21392,864691132825344915
21393,864691132699714286
21408,864691132694985819
21413,864691132624436888
21417,864691132831571620
21419,864691132784119446
21443,864691132905882501
21456,864691132653859324
21462,864691132725481117
21471,864691132689591544
21475,864691132755170676
21478,864691132734888731
21490,864691132686676488
21495,864691132748739715
21520,864691132653433718
21523,864691132938821297
21530,864691132774132151
21536,864691132833065109
21542,864691132752405938
21556,864691132694979419
21557,864691132719743073
21559,864691132667813583
21564,864691132545959746
21570,864691132658260087
21593,864691132851347459
21594,864691132931513832
21601,864691132885389743
21604,864691132602017709
21605,864691132970762037
21609,864691132592710711
21613,864691132611362365
21617,864691132658044791
21624,864691132620978636
21629,864691132748694371
21640,864691132806414113
21646,864691132604510149
21652,864691132679272761
21653,864691132717253546
21660,864691132726942699
21664,864691132739218468
21668,864691132777947519
21673,864691132698197083
21675,864691132829870969
21680,864691132693276393
21694,864691132949459786
21712,864691132779286475
21718,864691132604792005
21726,864691132699596344
21734,864691132794114543
21744,864691132770215549
21752,864691132578172173
21770,864691132729160251
21780,864691132783928914
21793,864691132733652395
21796,864691133028958162
21823,864691132851373571
21830,864691132833074325
21831,864691132589821693
21839,864691133009448144
21845,864691132753085159
21849,864691132745459843
21856,864691132766119554
21874,864691132834175652
21878,864691132777569647
21883,864691132776927904
21888,864691132854863942
21893,864691132762259123
21904,864691132808522399
21912,864691132763444456
21916,864691132851437288
21926,864691132760834439
21940,864691132694331113
21942,864691132827109746
21949,864691132667435821
21963,864691132811244932
21986,864691132773421944
21990,864691132949415242
21992,864691132715843904
21995,864691132611360829
21997,864691132683500232
21998,864691132727396480
22009,864691132776950432
22010,864691133310580304
22028,864691132654836854
22030,864691132682396277
22034,864691132696732806
22045,864691132667415597
22049,864691132706356609
22056,864691132831578788
22057,864691132578165773
22075,864691132821302121
22076,864691132767610529
22077,864691132645661310
22078,864691132667438381
22079,864691132656065752
22104,864691132808037257
22107,864691132543924881
22115,864691132905530862
22119,864691132685598602
22127,864691132717329834
22141,864691132827622044
22148,864691132666673750
22149,864691132699546246
22159,864691132758389556
22160,864691132771366292
22163,864691132980100028
22170,864691132900534660
22172,864691132737924697
22175,864691132928445474
22187,864691132726930667
22191,864691132827087218
22195,864691132816996624
22201,864691132714199823
22202,864691132716795213
22208,864691132736171931
22210,864691132672094421
22222,864691132827449721
22227,864691132806676127
22234,864691132624303256
22239,864691132623287500
22252,864691132894660326
22283,864691132620064187
22286,864691132699703284
22296,864691133047268964
22301,864691132689278712
22319,864691132802146781
22323,864691132678465363
22327,864691132692672489
22328,864691132825596865
22337,864691133048189028
22339,864691132658856617
22346,864691132798165248
22349,864691132751650604
22356,864691132973240117
22378,864691132659449317
22380,864691133012579536
22384,864691132672121813
22393,864691132831545252
22423,864691132918971659
22440,864691133066010329
22462,864691132650732403
22464,864691132817201168
22485,864691132725850481
22489,864691132865101346
22494,864691132733966044
22512,864691132799460573
22515,864691132817369104
22519,864691132762863039
22532,864691132758308970
22533,864691132786939218
22581,864691132772720509
22584,864691132710292267
22589,864691132788040415
22596,864691132739242836
22603,864691132696784518
22610,864691133009437392
22620,864691133042892320
22630,864691132766168613
22647,864691133063959001
22655,864691132661040964
22656,864691132782605708
22668,864691132785664338
22672,864691132782175319
22688,864691132681600933
22690,864691132706496897
22692,864691132980063164
22701,864691132561587150
22711,864691132740330076
22718,864691132608741499
22720,864691132900335098
22727,864691132785364049
22728,864691132719824225
22741,864691132694974811
22742,864691132661004868
22759,864691132691255530
22761,864691132905910149
22764,864691132625840956
22769,864691132830662434
22778,864691132763505794
22779,864691132742643134
22789,864691132826312241
22792,864691132667180817
22796,864691132561503950
22807,864691132715772736
22828,864691132639997840
22836,864691132893920470
22838,864691132839634182
22858,864691132661359529
22859,864691132661643493
22862,864691132681418661
22868,864691132798590976
22873,864691132799496157
22877,864691132561534926
22888,864691132799462621
22893,864691132731760492
22894,864691132642549439
22896,864691132719752801
22915,864691132660998468
22917,864691132783679016
22925,864691132782604428
22928,864691132758394730
22937,864691132949196368
22941,864691132620971724
22956,864691132717262506
22961,864691132805451266
22962,864691132797076501
22974,864691132739099801
22979,864691132825283490
22983,864691132660967236
22988,864691132666493888
23006,864691132683887183
23007,864691133265287504
23013,864691132731594460
23022,864691132723359620
23024,864691132656387043
23044,864691132700191732
23058,864691132941568177
23064,864691132791270879
23077,864691132666543808
23093,864691132592159373
23097,864691132921715425
23106,864691132642276734
23108,864691132680766920
23115,864691132828106866
23118,864691132743853903
23127,864691132809773983
23128,864691132659472869
23129,864691132760776327
23130,864691132714211599
23137,864691132782608524
23150,864691132817093648
23153,864691132917600523
23154,864691132641125430
23163,864691132754275628
23171,864691132588530573
23173,864691132772760701
23183,864691132682440565
23185,864691133047272548
23187,864691132638315152
23192,864691132561912036
23195,864691132783645480
23201,864691132682689701
23207,864691132752045822
23221,864691132795643119
23227,864691132826676929
23229,864691132939930293
23238,864691132718454740
23255,864691132619990971
23257,864691132602073517
23265,864691132667794639
23271,864691132827498105
23273,864691132739117507
23280,864691132680776672
23286,864691132621683394
23287,864691132719690739
23290,864691132571705914
23297,864691133068412105
23299,864691132676676894
23330,864691132767608993
23370,864691132653940336
23371,864691132762266547
23383,864691132807188226
23400,864691132696015658
23403,864691132668298778
23411,864691132799117312
23423,864691132828296708
23427,864691132681961247
23428,864691132990603509
23445,864691132614050109
23460,864691132938718859
23462,864691132928937704
23469,864691132694471145
23470,864691132798739477
23482,864691132729702508
23487,864691133042940192
23497,864691132705102118
23498,864691133266844752
23500,864691132622206139
23502,864691132654041459
23509,864691132689281016
23515,864691132633908775
23530,864691132705097766
23531,864691132785920593
23538,864691132731609072
23556,864691132656297196
23559,864691132849696723
23567,864691132571697210
23581,864691132725737289
23592,864691132637153168
23601,864691132997085365
23604,864691132739198244
23607,864691132788657233
23609,864691132548901442
23612,864691132625910927
23614,864691132654416838
23637,864691132561552846
23652,864691132625879612
23659,864691132679099731
23663,864691132592455735
23664,864691132710625029
23681,864691132802354141
23684,864691132876382711
23694,864691132794546101
23699,864691132876472866
23701,864691132857810414
23703,864691132608672123
23719,864691132690299896
23724,864691132957028199
23725,864691132777175160
23736,864691133063957721
23739,864691132830371076
23747,864691132728795195
23754,864691132827381651
23756,864691132578767124
23758,864691132669827776
23773,864691132826340401
23776,864691132733696427
23778,864691132722464097
23779,864691132698296888
23780,864691132569530908
23787,864691132667418157
23791,864691132818930431
23810,864691132619734727
23822,864691132787991519
23839,864691133042937632
23841,864691133068470985
23842,864691132808099209
23860,864691132795789856
23865,864691132703964033
23872,864691132717881408
23894,864691133068199881
23908,864691132668333338
23920,864691132732812396
23923,864691132712010497
23945,864691133232188496
23950,864691132649386919
23954,864691132702105844
23958,864691132560001252
23969,864691132992828661
23978,864691132883401903
23985,864691133014978249
23988,864691132654457030
24003,864691132785051082
24011,864691132705111078
24015,864691132917556491
24017,864691132616909767
24023,864691132786223244
24025,864691132691181034
24027,864691132864758253
24041,864691132705099558
24043,864691132608699515
24049,864691132687896202
24053,864691132752354083
24055,864691132680852192
24057,864691132851307523
24064,864691132900291066
24066,864691132686685704
24073,864691132667391789
24074,864691132996695586
24082,864691132739266644
24085,864691132739886233
24087,864691132743772764
24088,864691132726148276
24098,864691132829850226
24104,864691132762702210
24108,864691132659438309
24120,864691132715845440
24124,864691132834890645
24127,864691132740957476
24132,864691132828303620
24137,864691132727417863
24139,864691132711539525
24146,864691132928986344
24148,864691132997087925
24152,864691132668144808
24165,864691132606474819
24166,864691132885748399
24170,864691132653869680
24174,864691132603335341
24180,864691132684275783
24200,864691132739209252
24204,864691132638528095
24205,864691132737951321
24226,864691132921760737
24232,864691132664080472
24245,864691132888146414
24251,864691132952438602
24258,864691132734358064
24262,864691132727379584
24270,864691132923073321
24279,864691132827020658
24291,864691132667049814
24335,864691132716602701
24340,864691132848820179
24347,864691132827776961
24365,864691133012151504
24368,864691132894737126
24369,864691132783937106
24370,864691132938838449
24377,864691132615624001
24378,864691132792676484
24384,864691133018888293
24389,864691132792801007
24396,864691132650771571
24402,864691132760971371
24410,864691132839359668
24411,864691132839388084
24413,864691132751836392
24419,864691132798196224
24422,864691132760360286
24428,864691132609245051
24430,864691132788672223
24433,864691132658526071
24440,864691132756072370
24449,864691132589820157
24464,864691132781019378
24468,864691132719277524
24476,864691132923092265
24485,864691132617771207
24517,864691132830763420
24519,864691132883696047
24534,864691132769624851
24544,864691132681899039
24560,864691132754062318
24561,864691132731001476
24593,864691132653507543
24594,864691132782024791
24601,864691132545888578
24603,864691132834563976
24604,864691132732125719
24605,864691132667019862
24608,864691132724939783
24616,864691132938855857
24617,864691132666501312
24620,864691132773426808
24621,864691132666505664
24635,864691132900514180
24644,864691132625710908
24648,864691132956403815
24654,864691132653431158
24656,864691132727396992
24659,864691132560091876
24661,864691132659421669
24674,864691132896041250
24676,864691132664080216
24686,864691132825626305
24706,864691132758412084
24711,864691132655561840
24728,864691132864573474
24757,864691132958959389
24765,864691132917562891
24769,864691132561489102
24775,864691132817104400
24779,864691132839463430
24783,864691132664223790
24794,864691132769977761
24806,864691132615615297
24808,864691132767531425
24816,864691132758075499
24819,864691132608478392
24835,864691132655613552
24839,864691132805465858
24842,864691132646496167
24843,864691132608697723
24844,864691132660983364
24849,864691132769569061
24857,864691132557042185
24863,864691132595556919
24866,864691132672053205
24870,864691132827623088
24871,864691132664019800
24882,864691132743871823
24883,864691132955774929
24889,864691132560085988
24897,864691132654194915
24913,864691132839097780
24922,864691132717557007
24927,864691132903127428
24928,864691132795025128
24932,864691132736995779
24937,864691132785034698
24938,864691132783653160
24942,864691132800559336
24946,864691132956443239
24949,864691132827829026
24957,864691132894742246
24963,864691132826370865
24969,864691132810226564
24975,864691132733074908
24977,864691132637374734
24983,864691132901182496
24990,864691132657946537
24993,864691132698496843
24994,864691132955324113
25005,864691132604775085
25013,864691132667006294
25016,864691132624469656
25018,864691132688370198
25027,864691132790385844
25042,864691132628324760
25043,864691132856342854
25046,864691132650750323
25058,864691132770255997
25081,864691132572662044
25082,864691132931260648
25112,864691132919488481
25113,864691132894705638
25117,864691132708286251
25118,864691132777987711
25123,864691132760721031
25133,864691132743000668
25183,864691132805466114
25188,864691132827572892
25204,864691132826340913
25206,864691132828134832
25213,864691132827588252
25215,864691132772114615
25220,864691132765683635
25224,864691132993325557
25231,864691132686997386
25237,864691132905906565
25251,864691132800704151
25268,864691132990617077
25270,864691132737866585
25272,864691132655642999
25275,864691133046470432
25282,864691132650750835
25291,864691133043056160
25305,864691132750105955
25315,864691132722137441
25321,864691132827051634
25322,864691132725489565
25324,864691132830431097
25340,864691132827555740
25351,864691132718475220
25365,864691132713476421
25371,864691132817205008
25395,864691132589863677
25404,864691132940368309
25407,864691132655873904
25408,864691132772729619
25416,864691132633476878
25422,864691132762796223
25424,864691132708391986
25435,864691132579032594
25448,864691132878446583
25460,864691132667327916
25466,864691132628502076
25482,864691132833002133
25492,864691132705109286
25495,864691132681891871
25496,864691132664736163
25499,864691132763042848
25518,864691132611395389
25520,864691132949408842
25521,864691132639233702
25530,864691132990666997
25535,864691132725275802
25536,864691132679311955
25537,864691132716055003
25553,864691132941968561
25569,864691132775656312
25570,864691132938465675
25572,864691132688450070
25587,864691132799314071
25595,864691132607203353
25599,864691132710589701
25605,864691132823995795
25607,864691132653470935
25608,864691132773877652
25611,864691132733628075
25612,864691132997095349
25613,864691132922915809
25616,864691132761233460
25634,864691132794269423
25641,864691132805894532
25648,864691132752443826
25659,864691132654389446
25673,864691132637319519
25738,864691132903560580
25739,864691132752615540
25740,864691132735132520
25750,864691132779131402
25781,864691132906078597
25782,864691132928952296
25787,864691132956508007
25802,864691132956166990
25803,864691132691685654
25804,864691132921113825
25825,864691132692674281
25827,864691132817117200
25837,864691132715843648
25841,864691132679421999
25852,864691132770231421
25862,864691132698235704
25869,864691132801140838
25870,864691132797304341
25875,864691132698898566
25878,864691132997021109
25879,864691132753330220
25914,864691132676259102
25917,864691132740283996
25923,864691132664230958
25932,864691132824919728
25937,864691132800783837
25940,864691132826328369
25954,864691132729444843
25977,864691132555029513
25978,864691132653810544
25984,864691132999705269
25988,864691132983306172
25998,864691132564167630
26002,864691132628607586
26006,864691132622613647
26009,864691132762315699
26011,864691132620044987
26013,864691132762345907
26050,864691132829374585
26051,864691133047211364
26054,864691133062370888
26074,864691132966537325
26077,864691132753112355
26084,864691132778258592
26095,864691132757323367
26099,864691132758409268
26101,864691132752465842
26103,864691132718958555
26113,864691132561516750
26131,864691132832442248
26132,864691132675329460
26140,864691132741541529
26141,864691132705900338
26146,864691132679315503
26147,864691133062291272
26154,864691132717868815
26156,864691132628528738
26161,864691132696742022
26174,864691132728358324
26178,864691132921539553
26179,864691132569568796
26210,864691132714192143
26211,864691132752066558
26215,864691132618857927
26221,864691132631254101
26231,864691132737916505
26246,864691132628608866
26253,864691132992407989
26256,864691132758434612
26258,864691132771080316
26280,864691132920158731
26286,864691132679303993
26291,864691132808027273
26293,864691132841369988
26295,864691132687768903
26309,864691132728781550
26320,864691132832046596
26323,864691132946176871
26325,864691132736120505
26335,864691132938841777
26351,864691132783615528
26360,864691132779186635
26366,864691132817102352
26369,864691132716006875
26375,864691132788758609
26376,864691132650224042
26377,864691132669611200
26386,864691132708168498
26392,864691132900283642
26405,864691133033395490
26430,864691132997060277
26447,864691132695186011
26455,864691132747695235
26459,864691132910626663
26467,864691132806893904
26472,864691132751186732
26475,864691132828272900
26494,864691132970767157
26495,864691132571711290
26503,864691132663377571
26508,864691132705058342
26516,864691132788015350
26524,864691132632852309
26539,864691132565377230
26541,864691132716061915
26546,864691132670862799
26554,864691132698297144
26557,864691132735615511
26575,864691132641118262
26587,864691132766190373
26588,864691132833719432
26592,864691132756285160
26600,864691132737345840
26611,864691132727266027
26615,864691133031380434
26630,864691132722496625
26633,864691132646461095
26634,864691132697115270
26635,864691132856979944
26647,864691132705135154
26661,864691132808096137
26671,864691132653832304
26675,864691132979952329
26680,864691132714164495
26688,864691132620069819
26694,864691132578972690
26699,864691132669756111
26702,864691132657990057
26703,864691132696027946
26704,864691132864517712
26706,864691132660980804
26707,864691132589864957
26711,864691132740918974
26714,864691132805903362
26737,864691132742547353
26742,864691132575407380
26748,864691132718451924
26759,864691132692716024
26776,864691132788037622
26787,864691132878224631
26790,864691132997086389
26795,864691132604569285
26798,864691132705090598
26804,864691132592870141
26809,864691132938806705
26813,864691132729739059
26825,864691132725543581
26836,864691132653478103
26837,864691133062360392
26840,864691132718492628
26871,864691132602011565
26877,864691132561639140
26878,864691132698231352
26882,864691132905875845
26892,864691132792774639
26893,864691132745471363
26898,864691132555033353
26909,864691132678452307
26915,864691132633763086
26920,864691132733635243
26921,864691132785302353
26928,864691132664112984
26933,864691132720309460
26948,864691132625397954
26957,864691132938030219
26961,864691132828749361
26966,864691132779295435
26972,864691132969859949
26973,864691132834178670
26975,864691132817171216
26979,864691132737973689
26997,864691132966582125
27000,864691132727358336
27003,864691132827965596
27007,864691132856326434
27009,864691132622459084
27012,864691132827013746
27020,864691132750903783
27021,864691132799418077
27025,864691132645431934
27027,864691132752022526
27030,864691132773408120
27033,864691132661053117
27067,864691132604574405
27073,864691132825995952
27078,864691132664267822
27082,864691132779143434
27087,864691132638287028
27090,864691132641829818
27098,864691132663404458
27099,864691132833646446
27113,864691132725662362
27117,864691132688732694
27124,864691132848749011
27158,864691132745508227
27168,864691132955361233
27195,864691132751204140
27202,864691132656482928
27206,864691132956513383
27208,864691133032783650
27209,864691133064024904
27230,864691132966536557
27250,864691132875263991
27253,864691132653418358
27262,864691132728097264
27277,864691132655693175
27288,864691132660985412
27306,864691132780336495
27313,864691132602069933
27327,864691132618923994
27328,864691132722441841
27336,864691133215760720
27356,864691132734526256
27357,864691132900301306
27379,864691132655696247
27385,864691132715809600
27387,864691132846600659
27388,864691132921480929
27392,864691132592740407
27401,864691132642222974
27403,864691132980097468
27405,864691132834415726
27410,864691132644333132
27420,864691132792760303
27424,864691132828211868
27430,864691132653838192
27433,864691132633960789
27434,864691132668266266
27441,864691132655669623
27470,864691132678433875
27474,864691133012958160
27486,864691132769619475
27522,864691132801310720
27527,864691132805634297
27538,864691132688998678
27542,864691132722916705
27545,864691132770546068
27550,864691132837007394
27553,864691132647407948
27574,864691132748673379
27581,864691132801449728
27602,864691132828022178
27614,864691133009479888
27617,864691133047264356
27627,864691132611341629
27630,864691132969780333
27632,864691132848760935
27638,864691132689252856
27642,864691132683821000
27643,864691132862599605
27651,864691132777608047
27652,864691132782550412
27667,864691132818812927
27669,864691132635495694
27672,864691132806749855
27673,864691132660985156
27682,864691132849332356
27689,864691132571695418
27701,864691132777560943
27712,864691132664233262
27717,864691132608364825
27718,864691132752567156
27731,864691132941400798
27734,864691132839512838
27740,864691132752466866
27742,864691132592749623
27743,864691132633769742
27761,864691132607761219
27762,864691132680823264
27764,864691132716060123
27768,864691132658044535
27792,864691132650759027
27805,864691132925446953
27818,864691132829294706
27828,864691132938797489
27838,864691132762855103
27845,864691132842860980
27859,864691132735143528
27869,864691132560050404
27894,864691132563382244
27895,864691133218003024
27900,864691132752415666
27910,864691133045211680
27913,864691132728116976
27918,864691132854864454
27921,864691132794150992
27940,864691132782589068
27942,864691132801183334
27947,864691132653882224
27948,864691132715788352
27952,864691132758501684
27956,864691132958319719
27976,864691132776950176
27978,864691132766229797
27982,864691132710643973
27990,864691132561551566
27991,864691132771613588
27995,864691132923054377
28017,864691132683855175
28029,864691133009570256
28042,864691132827679858
28049,864691132702823412
28050,864691132808109449
28061,864691132698132358
28092,864691132780824175
28108,864691132606430787
28109,864691132875242231
28122,864691132737952089
28124,864691132818686224
28130,864691132654208227
28133,864691132642509366
28134,864691132613545021
28136,864691132592729911
28137,864691132624510360
28139,864691132669340623
28141,864691132722892186
28142,864691132654445766
28152,864691132739237668
28162,864691132684186056
28202,864691132970761013
28206,864691132579036178
28207,864691132667749839
28226,864691132698265656
28229,864691132835792520
28235,864691132683838279
28240,864691132851351555
28254,864691132717282474
28256,864691132654718188
28270,864691132659465445
28277,864691132631234389
28286,864691132545954370
28292,864691132805608185
28309,864691132741386332
28313,864691132739061145
28315,864691132702257396
28342,864691132956196686
28351,864691132770220436
28357,864691132901277690
28361,864691133042972704
28362,864691132766188044
28368,864691132653815667
28373,864691132752021502
28387,864691132799325847
28392,864691132733909808
28399,864691133230002768
28400,864691132576898317
28409,864691132849708862
28417,864691132645363582
28419,864691133009415120
28421,864691132699720180
28422,864691132748734819
28423,864691132654417350
28430,864691132777620079
28432,864691132832985493
28435,864691132769582099
28458,864691132548984386
28461,864691132990620661
28463,864691132617623873
28467,864691132827101298
28471,864691132718438612
28475,864691132895895143
28490,864691132653786620
28493,864691132719791201
28504,864691132741755228
28506,864691132805624313
28507,864691132680839904
28508,864691132642909882
28513,864691132897615049
28522,864691132667086166
28526,864691132722893722
28535,864691133009400528
28536,864691132831874926
28543,864691132715813696
28548,864691132831355140
28549,864691132936402059
28568,864691132616175937
28581,864691132840603445
28590,864691132620015035
28606,864691132750768995
28610,864691132761919796
28623,864691132709091627
28630,864691133062255432
28632,864691133029095634
28634,864691132887442564
28643,864691132695001179
28644,864691132923056425
28645,864691132726853627
28660,864691132719689870
28666,864691132576810253
28678,864691132740326748
28694,864691132588546445
28695,864691132739688643
28700,864691132827554204
28717,864691132900586165
28719,864691132958702545
28726,864691132694676713
28727,864691132997096885
28730,864691132782528652
28738,864691132802768230
28739,864691132825228706
28742,864691132788107999
28746,864691132779053216
28747,864691132770499220
28758,864691132950946378
28762,864691132653733868
28770,864691132564822222
28774,864691132716543963
28787,864691132662179140
28815,864691133215916112
28816,864691132818939647
28820,864691132792679271
28827,864691132834646382
28831,864691132758091115
28845,864691132604743704
28851,864691132704174671
28855,864691132736260456
28856,864691132938862513
28858,864691132949457226
28875,864691132715760704
28881,864691132917157387
28888,864691132827341689
28894,864691132663339683
28906,864691133066716232
28908,864691132822027007
28909,864691132784998090
28916,864691132790364639
28934,864691132826878611
28944,864691132748687459
28948,864691132667409197
28953,864691132684018037
28959,864691132743867983
28965,864691132796615605
28966,864691132923723189
28976,864691133063913177
28978,864691132737014211
28983,864691132925622119
28992,864691132731614172
28993,864691132726430902
28999,864691132716254797
29005,864691132827106674
29007,864691132919467489
29021,864691132722909338
29024,864691132718489044
29025,864691132729762099
29026,864691132772362877
29029,864691133048396132
29030,864691132718493659
29032,864691132681585829
29035,864691132714372941
29040,864691132828238340
29052,864691132956193358
29069,864691132784205452
29072,864691132571453724
29077,864691132737940569
29085,864691132833116053
29093,864691132900339450
29099,864691132608472504
29103,864691132677057373
29125,864691132900308986
29139,864691132681632287
29171,864691132715977947
29173,864691132667343788
29180,864691132782927703
29204,864691132718448340
29208,864691132686696968
29226,864691132772111799
29229,864691132615942874
29232,864691132698493259
29244,864691132751938915
29265,864691132857128518
29287,864691132729185520
29294,864691132936315275
29297,864691132817174288
29304,864691132655644023
29319,864691132817203984
29321,864691133062320712
29328,864691132687829226
29333,864691132834732142
29351,864691132825230242
29362,864691132762312627
29365,864691132935678091
29366,864691132752437682
29370,864691132956198222
29397,864691132682440053
29410,864691133042957600
29412,864691132592674615
29426,864691132773394552
29436,864691132694940507
29441,864691132923048489
29443,864691132743936847
29454,864691132652712051
29464,864691133062267208
29468,864691132708288550
29474,864691133122624101
29489,864691132622626191
29494,864691132751384099
29498,864691132806350082
29502,864691132602642605
29505,864691132726837243
29507,864691132928954856
29511,864691132717947123
29528,864691132764039298
29538,864691132782856862
29550,864691132689251094
29568,864691132842174900
29582,864691132644677196
29593,864691132729115883
29598,864691132669524497
29603,864691132664233774
29607,864691132637306207
29620,864691132694965595
29626,864691132724955143
29631,864691132752663668
29632,864691132762665602
29633,864691132716190784
29657,864691132776929184
29659,864691132607675928
29675,864691132636935802
29687,864691132774990968
29691,864691132893982678
29711,864691132703923841
29712,864691132861526253
29714,864691132681553829
29724,864691132723065969
29725,864691132586504930
29728,864691132620937147
29734,864691132636918650
29737,864691132922912809
29752,864691132894747606
29753,864691132583624162
29769,864691132745847683
29770,864691132646419623
29782,864691132724954375
29794,864691132779185867
29796,864691132752004862
29801,864691132694989659
29804,864691132714158607
29823,864691132770223997
29828,864691132716016603
29831,864691132554998025
29858,864691132624443544
29860,864691132735806231
29865,864691132555086089
29866,864691132851707454
29870,864691132679383599
29882,864691133010489040
29896,864691132779282379
29897,864691132919441889
29899,864691132919426785
29928,864691132805474818
29934,864691132702970514
29940,864691132808144130
29942,864691132699758068
29947,864691132839529990
29949,864691132985095093
29954,864691132748617059
29956,864691132611476285
29960,864691132837054440
29972,864691132667345068
29973,864691132758429492
29975,864691132753043431
29980,864691132988218208
29985,864691132656288436
29992,864691132569598748
30016,864691132678793758
30031,864691132727390382
30040,864691132902522215
30042,864691132994228725
30061,864691133068736969
30086,864691132736152249
30090,864691132589916157
30092,864691132680771016
30112,864691133002526754
30123,864691132769628435
30130,864691132672077013
30153,864691132637463822
30168,864691132747773263
30173,864691132696778374
30174,864691132579008018
30177,864691132849476051
30192,864691132672053973
30196,864691132799950613
30207,864691132848998867
30222,864691132681934879
30223,864691132919497953
30225,864691132608736379
30228,864691132704599937
30240,864691132695930857
30250,864691132741847449
30257,864691133050447049
30258,864691132773390200
30272,864691132808114313
30285,864691132560082148
30289,864691132650758771
30291,864691132722911130
30298,864691132739232804
30301,864691132833032085
30305,864691132663969092
30311,864691132722856858
30329,864691132903662830
30334,864691132758254699
30337,864691132686635528
30339,864691132717232810
30344,864691133310611536
30350,864691132749759463
30386,864691132834709156
30417,864691132681314095
30440,864691132728090864
30445,864691132769615891
30448,864691132955312849
30454,864691132679386159
30459,864691132667764566
30468,864691132569623580
30471,864691132784816842
30477,864691132984525152
30479,864691132805472770
30480,864691132958966301
30494,864691132713580101
30508,864691132762684034
30516,864691132937483742
30522,864691132839540742
30527,864691132718227950
30529,864691132667451693
30532,864691132617864666
30533,864691132773468285
30536,864691132622044603
30537,864691132633917735
30545,864691132633759758
30566,864691132758092395
30571,864691132854396163
30573,864691132740901822
30574,864691132777952383
30576,864691132667932844
30603,864691132716207631
30610,864691132760779655
30614,864691132728573755
30615,864691132669166528
30621,864691132663491491
30622,864691132748708963
30623,864691132625844540
30624,864691132684082120
30633,864691132705138226
30634,864691132787175574
30635,864691132637153680
30638,864691132668297242
30641,864691132731355008
30644,864691132681969864
30648,864691132937163486
30678,864691132631702370
30684,864691132659411173
30690,864691132657962921
30705,864691132837560679
30716,864691132606431043
30723,864691132733768107
30733,864691132654452422
30756,864691132728588091
30771,864691132668310298
30786,864691132611423549
30790,864691132727482030
30794,864691132928979688
30797,864691132656381047
30807,864691132762247603
30814,864691132635693838
30815,864691133034049314
30817,864691132849483475
30825,864691132555002633
30828,864691132767832188
30834,864691132829978524
30846,864691132987510985
30849,864691132769530387
30864,864691132670869530
30866,864691132733860379
30889,864691132783940434
30899,864691132937474270
30902,864691132886265890
30918,864691132752415922
30921,864691132917001417
30924,864691132719417002
30931,864691132861545453
30943,864691132609824440
30955,864691132929749224
30958,864691132679208761
30975,864691132657400774
30981,864691132923730978
30986,864691132545955906
30989,864691132748668259
30991,864691132705049638
31023,864691132772252308
31031,864691132729713772
31071,864691132958437073
31073,864691132770260605
31076,864691132664207918
31083,864691132767614881
31097,864691132770522260
31099,864691132797084693
31104,864691132833107349
31107,864691132752575092
31108,864691132642270590
31113,864691132628533346
31114,864691132997051829
31115,864691132729520046
31119,864691132654248163
31120,864691132894726374
31131,864691132949413194
31136,864691132732083991
31137,864691132670227112
31140,864691132760705671
31158,864691132948896103
31175,864691132857597510
31176,864691132654127612
31180,864691132781988183
31181,864691132722889545
31184,864691132785561034
31186,864691132644386380
31188,864691132717951475
31196,864691132669608977
31202,864691132692660201
31213,864691132555080457
31227,864691132876457653
31230,864691132833104277
31231,864691132817161232
31237,864691132637283679
31239,864691132722890394
31247,864691132861343725
31249,864691132799365015
31265,864691132752579956
31275,864691132799491549
31286,864691132682423925
31292,864691132740637017
31294,864691132821395305
31305,864691132708607275
31333,864691132825656994
31339,864691132615664449
31342,864691132688411670
31347,864691132850460627
31353,864691132655651703
31355,864691132722473841
31357,864691132545490833
31360,864691132657947305
31373,864691132883703215
31389,864691133028941010
31395,864691132726746875
31411,864691132949423946
31426,864691132701902923
31436,864691132745555405
31438,864691132778800800
31455,864691132544465809
31460,864691132680730056
31481,864691132655623543
31490,864691132681895455
31503,864691132743846590
31505,864691132780997618
31517,864691132667418413
31518,864691132729788723
31533,864691133219661648
31537,864691132685160132
31538,864691132745463939
31540,864691132921491681
31558,864691132611428157
31567,864691132736145337
31568,864691132667052374
31574,864691132832439432
31579,864691132703934849
31580,864691133062308424
31590,864691132669935823
31596,864691132607669315
31602,864691132569601052
31604,864691132745871821
31606,864691132760795527
31614,864691132729726515
31615,864691132606421827
31624,864691132725671322
31652,864691132636935034
31655,864691132779070218
31657,864691132777631855
31658,864691132823963283
31661,864691132636892794
31662,864691132826331441
31665,864691132546935362
31675,864691132973222709
31681,864691132833024149
31682,864691132583630306
31683,864691132670717210
31684,864691132580012045
31685,864691132777996415
31691,864691132919523553
31695,864691132689273592
31725,864691132832419464
31727,864691132705093414
31752,864691132697219931
31770,864691133062350664
31794,864691132751370787
31831,864691132724883975
31836,864691132654222819
31845,864691132716729103
31852,864691133119314277
31865,864691132664195886
31866,864691132939971249
31871,864691132688116232
31877,864691132777631343
31881,864691132839393972
31887,864691132784344360
31889,864691132621012684
31904,864691132661032516
31907,864691132663388835
31917,864691132678414419
31923,864691132644378956
31925,864691132949417034
31931,864691132801185638
31935,864691132917598475
31956,864691132762164839
31971,864691132580749586
31972,864691132831274105
31983,864691132777677984
31995,864691132722491761
32003,864691132705137458
32010,864691132802754150
32013,864691132606434115
32017,864691132619986875
32025,864691133213039184
32027,864691132810804383
32032,864691132836055432
32036,864691132747467725
32059,864691132827590812
32071,864691132628729954
32080,864691132661064772
32085,864691132604762137
32086,864691132776909472
32092,864691132622560655
32095,864691132686750984
32107,864691132736293168
32110,864691132997109941
32113,864691132935729547
32117,864691132782388466
32121,864691132731630044
32132,864691132946853813
32138,864691132716060635
32142,864691132633867559
32151,864691132770172541
32156,864691132785303633
32160,864691132640472671
32162,864691132727329920
32198,864691132667421485
32207,864691132937467358
32209,864691132760782471
32210,864691132703950465
32217,864691132997055413
32220,864691132688361238
32223,864691132682378287
32233,864691132628573538
32238,864691132766185602
32241,864691132920559883
32247,864691132990767605
32283,864691132786348172
32290,864691132687688074
32313,864691132831959918
32323,864691132608700283
32342,864691132708027393
32402,864691132720204641
32403,864691132688442390
32429,864691132663342243
32430,864691132770232189
32433,864691133000644789
32454,864691132752427698
32455,864691132555058441
32460,864691132710638085
32470,864691132670388648
32476,864691132831561124
32494,864691132727390592
32500,864691132628622946
32507,864691132641048976
32514,864691132633808398
32515,864691132666539968
32520,864691132786878289
32527,864691132803511910
32538,864691132745508995
32541,864691132661690026
32555,864691132785672530
32557,864691132737405273
32569,864691132733696171
32577,864691132625840700
32578,864691132956477287
32579,864691132773390712
32580,864691132779248331
32585,864691132726922731
32588,864691132733626539
32600,864691132667090262
32603,864691132700927220
32611,864691132677454110
32613,864691132760365150
32629,864691132824952496
32641,864691132667352236
32642,864691132545249169
32644,864691132699759604
32648,864691132726842363
32655,864691132900370426
32662,864691132654236131
32663,864691132637172624
32674,864691132756118900
32675,864691132653458806
32677,864691132743659612
32704,864691132821350249
32705,864691132710152517
32706,864691132669927887
32712,864691132826848561
32714,864691132824862867
32728,864691132760759175
32733,864691132656587991
32743,864691132806709663
32749,864691133119304805
32750,864691132615007805
32768,864691132667363500
32774,864691132740885182
32781,864691132901021690
32793,864691132851325699
32804,864691132826369073
32816,864691132670041626
32821,864691132806686367
32832,864691132818823679
32833,864691132921640039
32843,864691132696005418
32845,864691132575429140
32848,864691132545909570
32849,864691132849723198
32852,864691132743900239
32856,864691132827113074
32883,864691132802699927
32887,864691132938869681
32888,864691132728848029
32895,864691132923068457
32898,864691132875228151
32935,864691132634142705
32965,864691132694975323
32976,864691132970679093
32991,864691132716057307
32992,864691132767556001
32994,864691132654414278
32995,864691132929920232
33002,864691132725498737
33008,864691132719682913
33014,864691132990669301
33019,864691132683291813
33029,864691132653788784
33030,864691132993423349
33050,864691132824958384
33056,864691132743860303
33065,864691132826959921
33066,864691132729875179
33067,864691132739330388
33073,864691132883682223
33074,864691132762817727
33080,864691132783666472
33088,864691132739089305
33090,864691132599488831
33092,864691132767522465
33112,864691132608718715
33119,864691132958901457
33123,864691132666542016
33127,864691133062356296
33136,864691132578986514
33137,864691132641180470
33147,864691132576822797
33149,864691132833105557
33156,864691132784094358
33168,864691132655146988
33172,864691132719677326
33186,864691132726411702
33195,864691132787520849
33203,864691132717881075
33210,864691132687871882
33213,864691132633372430
33225,864691132900559492
33233,864691132758363700
33234,864691132654248675
33238,864691132729778227
33244,864691132645418110
33254,864691132785133096
33259,864691132667177745
33269,864691132682389365
33272,864691132784816074
33273,864691133062333256
33281,864691132653523927
33296,864691132826596145
33308,864691133062298696
33311,864691132633798926
33320,864691132726843899
33322,864691132719682702
33325,864691132663397283
33326,864691132637142928
33344,864691132752436914
33351,864691132608721531
33362,864691132822460927
33364,864691132620057019
33375,864691132676489246
33387,864691132997082293
33389,864691132731739419
33390,864691132770262660
33391,864691132758333034
33392,864691132667012182
33396,864691132555003401
33397,864691132683148996
33403,864691132648209588
33404,864691132782553484
33407,864691132683176644
33419,864691132739296852
33426,864691132797040149
33459,864691132729730156
33466,864691132806456097
33470,864691132728507143
33476,864691132768730149
33493,864691132894668774
33497,864691132672381397
33499,864691132935710347
33500,864691132741799772
33503,864691132854836294
33506,864691132949399882
33511,864691132671906216
33517,864691132894693606
33527,864691132700960312
33529,864691132752011774
33532,864691132772129463
33539,864691132684324895
33543,864691132763177310
33553,864691132661086020
33554,864691132849725758
33562,864691132641165366
33563,864691132827623324
33564,864691132686644744
33577,864691132918125579
33588,864691132784083094
33593,864691132725784137
33596,864691132686524356
33599,864691132670006464
33614,864691132760836484
33621,864691132580905234
33626,864691132792849391
33642,864691132710122309
33646,864691133009380560
33658,864691132592714295
33680,864691133042970144
33684,864691132698252344
33690,864691132747565903
33698,864691132825612737
33699,864691132894387430
33719,864691132762899335
33721,864691133047226468
33722,864691132741955420
33725,864691132682384757
33732,864691133023487778
33733,864691132778006399
33736,864691132625931068
33754,864691132741002532
33757,864691132905817221
33767,864691132715778880
33775,864691132650787699
33781,864691132893308136
33796,864691132748638563
33797,864691132758499636
33802,864691132562028772
33805,864691132752066814
33808,864691132801132390
33821,864691132782775306
33823,864691132722500494
33830,864691132808906911
33834,864691132726447286
33842,864691132653827324
33847,864691132667438637
33856,864691132682908751
33863,864691132694975579
33864,864691132928949224
33874,864691132957678033
33876,864691132808040073
33884,864691132972808757
33890,864691132779269579
33898,864691132919446241
33911,864691132851318019
33929,864691132753566311
33941,864691132864709096
33942,864691132667414801
33944,864691132725614921
33945,864691132680830944
33953,864691132834206498
33959,864691132694429364
33962,864691132892910550
33965,864691132752410802
33966,864691132779197387
33971,864691132719746913
33977,864691132621029580
33979,864691132990594037
33980,864691132785313111
33987,864691132762235571
33991,864691132896774345
33993,864691132692697065
34017,864691132716644571
34032,864691132599269942
34033,864691132724157041
34037,864691132736159929
34044,864691132803782688
34067,864691132609021507
34071,864691132699626808
34075,864691132997083061
34088,864691132758440500
34090,864691132635855630
34093,864691133009443792
34097,864691132782867358
34122,864691132618135361
34142,864691132686662408
34146,864691132752601972
34149,864691132752616308
34160,864691132569299996
34162,864691132745529293
34165,864691132828197794
34169,864691132733694379
34171,864691132787708618
34173,864691132734691095
34179,864691132601767341
34193,864691132920562699
34200,864691133062332744
34206,864691132727401856
34208,864691132680119645
34210,864691132772135095
34220,864691132917525771
34227,864691132958658333
34244,864691132653501399
34252,864691132611484733
34262,864691133010804937
34264,864691132935700363
34281,864691132884847279
34285,864691132757522158
34294,864691132653815664
34300,864691132785291863
34316,864691132715787584
34325,864691132896290505
34328,864691132940188382
34332,864691132764788415
34340,864691132987983456
34342,864691132990633461
34364,864691132654175203
34376,864691133043044640
34382,864691132727328640
34383,864691132760724871
34392,864691132755013298
34401,864691133066905049
34407,864691132731719451
34421,864691132799340439
34424,864691132726908651
34471,864691132649349556
34486,864691132691566358
34497,864691132781960535
34510,864691133043040032
34513,864691132571723322
34516,864691132835912840
34518,864691132758462772
34520,864691133070026185
34528,864691132826391601
34530,864691133042902560
34541,864691132988121440
34544,864691132827599516
34547,864691132664561454
34553,864691132831605924
34559,864691132957891025
34570,864691132668135848
34580,864691132575435028
34597,864691132758070123
34603,864691132782554764
34608,864691132622545551
34616,864691132637284959
34623,864691132883681455
34648,864691132638179706
34651,864691132801665501
34653,864691132752076030
34660,864691132743865167
34662,864691132741627684
34672,864691132785342801
34700,864691132892938454
34702,864691132714342221
34707,864691132892897494
34708,864691132685556106
34711,864691132672062933
34715,864691132824944048
34717,864691132722869065
34719,864691132729438894
34722,864691132772836221
34729,864691132878134325
34735,864691132604743193
34750,864691132752045054
34763,864691132956516711
34764,864691132799749397
34774,864691132628436578
34781,864691132825275298
34783,864691132583645154
34786,864691132763472478
34794,864691132938826161
34801,864691133119229029
34805,864691132730412539
34807,864691132733641387
34811,864691132596396863
34813,864691132956219470
34835,864691132780050848
34846,864691132726915819
34850,864691132808128649
34855,864691132667627727
34859,864691132667796687
34863,864691132637313119
34866,864691132726883563
34869,864691132808120201
34870,864691132800653312
34875,864691132752595572
34878,864691132680753352
34879,864691132636888954
34883,864691132739142043
34887,864691133049939812
34895,864691132547131458
34909,864691132654348759
34916,864691132575419924
34919,864691132667103830
34927,864691132762281139
34931,864691132831558564
34947,864691132741892188
34964,864691133009452496
34978,864691132616884167
34983,864691132758397034
34986,864691132608692859
34992,864691133066406728
35000,864691133047225188
35002,864691132641127990
35003,864691132829134852
35004,864691132736952771
35008,864691132698266680
35010,864691132827812528
35013,864691132575391252
35028,864691132719709582
35049,864691132760159326
35052,864691132635760142
35069,864691132679745054
35071,864691132717324458
35073,864691132731724252
35081,864691132831526564
35085,864691132545992770
35101,864691132824881584
35102,864691132743227996
35103,864691132817198352
35105,864691132618668250
35127,864691132997039029
35129,864691132908154757
35130,864691132744202942
35144,864691132762251955
35145,864691132545894722
35151,864691132633874983
35157,864691132628603234
35165,864691132589548541
35176,864691132655956678
35177,864691132570762550
35185,864691132702339316
35190,864691132771663123
35202,864691132661284069
35204,864691132762292403
35210,864691132640859302
35212,864691132653786992
35219,864691132703897985
35221,864691132679450142
35225,864691132561384142
35234,864691132685580426
35238,864691132788099062
35250,864691132609303931
35270,864691132705133618
35271,864691132743808702
35294,864691132800231936
35319,864691132663404195
35332,864691132635654183
35334,864691132817151760
35338,864691132694835035
35346,864691132588560781
35348,864691132569668636
35350,864691132827500665
35355,864691132682921775
35358,864691132783652392
35362,864691132823755411
35365,864691132769614355
35371,864691132660735556
35373,864691132698273848
35386,864691132786827304
35394,864691133042918944
35397,864691132748703587
35398,864691132664078424
35400,864691132701344312
35402,864691132784113302
35406,864691132783604264
35410,864691132555084297
35411,864691132938786225
35414,864691132959286094
35417,864691132724918279
35424,864691132686746120
35431,864691132831589284
35432,864691132767603105
35448,864691132769303713
35451,864691132919467233
35454,864691132937484171
35456,864691132781646834
35458,864691132766164748
35477,864691132655659639
35479,864691132728593723
35491,864691132849718334
35516,864691132745541069
35543,864691132634252017
35545,864691132767818364
35552,864691132727400576
35554,864691133310567248
35564,864691132827125618
35571,864691132733673131
35583,864691132778940832
35604,864691133047950692
35611,864691133032812578
35617,864691132827572636
35620,864691132735140200
35633,864691132654676952
35643,864691132833056661
35647,864691132602859437
35650,864691132762884287
35655,864691133066990041
35660,864691132769481747
35661,864691132698881158
35669,864691132743851087
35670,864691132685603210
35688,864691132656694128
35698,864691132749809639
35704,864691132742833598
35715,864691132782601100
35732,864691132783289838
35733,864691132826929522
35736,864691132940256433
35749,864691132874986185
35756,864691132614438717
35760,864691132777987455
35781,864691133009439184
35786,864691132641826490
35788,864691132737913177
35808,864691132806457889
35822,864691132722642273
35827,864691132904712174
35829,864691132654656984
35831,864691132719850849
35834,864691132607390233
35846,864691132785286481
35853,864691133009872592
35856,864691132746867791
35861,864691132681565779
35869,864691132700512390
35873,864691132641212070
35908,864691132787147466
35912,864691132821306729
35925,864691132719839585
35935,864691132679352367
35937,864691132827585841
35949,864691132616877255
35952,864691132717309610
35962,864691132668130472
35965,864691133000143561
35966,864691132799839453
35976,864691132680783048
35983,864691132801125478
35998,864691132682773960
36001,864691133032793634
36008,864691132745393613
36009,864691132725487261
36014,864691132686654216
36015,864691133009150928
36018,864691132679162195
36026,864691132726425270
36041,864691132805476354
36054,864691132711647045
36058,864691132616881095
36084,864691132705088050
36086,864691132828247812
36091,864691133068442569
36098,864691132604772632
36106,864691132894704614
36137,864691132900465796
36138,864691132956510823
36141,864691132740302172
36142,864691132717225743
36167,864691132656617670
36168,864691132851390467
36183,864691133310586960
36184,864691132625886268
36186,864691132804562790
36199,864691132999468725
36200,864691132676311582
36206,864691132818917375
36209,864691132612324925
36210,864691132799483101
36212,864691132751401763
36223,864691132622638479
36227,864691132676278814
36236,864691132829451240
36264,864691132636943994
36272,864691132783944018
36291,864691132761034887
36295,864691132668145320
36317,864691132698163547
36328,864691132748653411
36333,864691132655644791
36345,864691132639307686
36346,864691132739110041
36347,864691132749761511
36352,864691132935675275
36355,864691132766146085
36359,864691132726790395
36361,864691132900312570
36383,864691132839529478
36384,864691132696760710
36385,864691132589850365
36402,864691133119272037
36411,864691132611468349
36417,864691132653487734
36418,864691132785062602
36434,864691132615603777
36444,864691132633876519
36445,864691132666328483
36447,864691132808065929
36448,864691132788109302
36455,864691132679311417
36461,864691132800034781
36464,864691132854802504
36483,864691132545868866
36484,864691132646440615
36524,864691132682429557
36527,864691132937461214
36532,864691132779151520
36534,864691132826351921
36542,864691133063900889
36544,864691132742621593
36546,864691132603479981
36551,864691132726882539
36556,864691132645436236
36557,864691132710117957
36559,864691132677054557
36567,864691132827593628
36571,864691132740923838
36572,864691132653477238
36579,864691132710159429
36580,864691132732353819
36590,864691132678444115
36601,864691132623989442
36623,864691132627873688
36627,864691132956511847
36632,864691132762256051
36636,864691132825614273
36651,864691132857689634
36668,864691132779144714
36675,864691132682379637
36689,864691132642252414
36691,864691132694984283
36697,864691132622793410
36706,864691132642066342
36711,864691132606446147
36712,864691132752467122
36713,864691132686742280
36714,864691132620349883
36721,864691132719042547
36722,864691132561211086
36730,864691132583561186
36732,864691132758047339
36738,864691132715988699
36750,864691132696631430
36761,864691132852898536
36765,864691132997016757
36775,864691132767579809
36778,864691132827071602
36780,864691132629293154
36794,864691132569533980
36797,864691132957849289
36800,864691132669308352
36810,864691132682230319
36819,864691132686697480
36825,864691132604398873
36833,864691132740881598
36861,864691133047241572
36863,864691132900267770
36865,864691132779209931
36867,864691132938798769
36870,864691132770513556
36871,864691132779283147
36879,864691132636433137
36886,864691132740332124
36892,864691132805632249
36902,864691132653796860
36906,864691132821352553
36920,864691132694943323
36925,864691132767824033
36932,864691132980086460
36936,864691132686686984
36948,864691132714045199
36951,864691132583572194
36956,864691132997028021
36976,864691133002660452
36992,864691132726762235
36998,864691132896149206
37006,864691132734439477
37023,864691132732471067
37026,864691133043003680
37033,864691132680737736
37036,864691132707815974
37046,864691132903339396
37057,864691132705075494
37059,864691132687161482
37079,864691132633891111
37080,864691132739294804
37121,864691132858213173
37155,864691133125292624
37160,864691132663327044
37162,864691132782613132
37163,864691133062313288
37175,864691133215308624
37178,864691132770265725
37183,864691132831582884
37195,864691132766239756
37197,864691132611857531
37211,864691132645826430
37226,864691132679302447
37234,864691132739077273
37243,864691132917569035
37245,864691132751151148
37289,864691132667614892
37291,864691132818939903
37302,864691132772109495
37313,864691133058253001
37327,864691132717305258
37333,864691132732059756
37334,864691132749757159
37337,864691132628632162
37350,864691132736479403
37361,864691132691005974
37363,864691132637666911
37375,864691132657229737
37379,864691132894883765
37399,864691132824671849
37409,864691132729658107
37411,864691132735123816
37413,864691132679351087
37414,864691132789371638
37415,864691132672026024
37441,864691132688966904
37446,864691132664259374
37454,864691132900367354
37460,864691132576902413
37463,864691132622535311
37468,864691132940235230
37474,864691132770511252
37478,864691132644351052
37492,864691132615626049
37500,864691132772902419
37507,864691132730882099
37514,864691132776294008
37519,864691132627887932
37529,864691132634132977
37530,864691132740230297
37531,864691132569510684
37533,864691133028973778
37535,864691132545996098
37542,864691132832575010
37549,864691132799508189
37574,864691132637159312
37576,864691132678408019
37579,864691132852543235
37596,864691132984485472
37602,864691132857892166
37604,864691132795815248
37610,864691132641154358
37611,864691132611427133
37620,864691132752018174
37626,864691132842968756
37631,864691132752033534
37637,864691132718635328
37638,864691132632398178
37646,864691132766193957
37647,864691132825508016
37669,864691132760332382
37688,864691132592741175
37705,864691132743856975
37709,864691132960982557
37712,864691132833678958
37717,864691132739262292
37720,864691132687449671
37723,864691133049632612
37726,864691132555046665
37727,864691132677070941
37740,864691132683811911
37750,864691132723207537
37753,864691133010258384
37766,864691132765881279
37767,864691132808142217
37769,864691132801171302
37774,864691132851348995
37775,864691132770265213
37782,864691132637130384
37791,864691132727071364
37793,864691132683159236
37827,864691132828294148
37830,864691132779302859
37850,864691132875300087
37851,864691133063907801
37852,864691132831896580
37856,864691132851387651
37859,864691132560046564
37861,864691132719723662
37868,864691132631206997
37872,864691133228035920
37878,864691132656691831
37879,864691132727381888
37884,864691132788027638
37894,864691132682960501
37897,864691132694957659
37909,864691132736972739
37911,864691132956280167
37916,864691132672102101
37920,864691132722490993
37926,864691132571701306
37933,864691132667006806
37935,864691132667034198
37953,864691132717946355
37986,864691132779193035
38002,864691132784139762
38005,864691132704669825
38013,864691132827440249
38021,864691132656467196
38024,864691132680823776
38025,864691132758353204
38027,864691132624514200
38039,864691132799417053
38041,864691132722475377
38044,864691133047322212
38045,864691132777343352
38055,864691132958986013
38068,864691132831578276
38076,864691132770519188
38078,864691132808140425
38081,864691133031843362
38085,864691132766157861
38086,864691132680785120
38092,864691132722469745
38098,864691132696316251
38103,864691132728067056
38106,864691132762314163
38120,864691132560023524
38121,864691132766182924
38128,864691132725811313
38135,864691132671781967
38144,864691132727387264
38148,864691132806025986
38152,864691132717285546
38153,864691132679308591
38154,864691132611345469
38155,864691132664249390
38159,864691132833107605
38161,864691132767585441
38164,864691132602040749
38165,864691133009423312
38179,864691132897156582
38189,864691132655702726
38191,864691132619996103
38193,864691132827121266
38198,864691132631334754
38208,864691132752070654
38214,864691132653508055
38217,864691132628568930
38221,864691132777497711
38228,864691132805490946
38231,864691132703363822
38243,864691132615938010
38248,864691132681939999
38272,864691132653758579
38279,864691132826377265
38283,864691132811435145
38287,864691132743378012
38303,864691132661019460
38309,864691132596356671
38318,864691132710865413
38320,864691132576880141
38326,864691132935729291
38329,864691132592705847
38336,864691132789155039
38340,864691132743923535
38343,864691132779294155
38360,864691132823978131
38370,864691132851361027
38371,864691132767786364
38384,864691132730998512
38386,864691132615947226
38413,864691132641863846
38414,864691132582128914
38416,864691132736180635
38435,864691132701998411
38437,864691132804090656
38441,864691132561498318
38453,864691132736420656
38461,864691132831244804
38462,864691132700104594
38465,864691132754657396
38470,864691132878989493
38478,864691132928948200
38481,864691132698504746
38492,864691132722865562
38494,864691132836040840
38498,864691132806463521
38500,864691132961718482
38516,864691132894658790
38517,864691132784797271
38526,864691132938986592
38550,864691132713407813
38551,864691132740739673
38560,864691132809992095
38566,864691132986486117
38567,864691132751307811
38570,864691132667247788
38588,864691132644376140
38595,864691132681885983
38597,864691132657983401
38601,864691132792763119
38603,864691133070175177
38621,864691132686532935
38626,864691132785324625
38628,864691132576891661
38634,864691132654691544
38636,864691132571690810
38640,864691132775402935
38641,864691132710351617
38645,864691132956200270
38648,864691132680495048
38686,864691132770362772
38689,864691133063945689
38698,864691132624533144
38700,864691132785312081
38705,864691132682723103
38708,864691132625965884
38709,864691132777973119
38724,864691132990642421
38725,864691132900330746
38726,864691132834038664
38730,864691132892946646
38736,864691132664061784
38737,864691132585664226
38741,864691132781847911
38753,864691132735727383
38756,864691132842081286
38762,864691132779278795
38773,864691133062311496
38778,864691132748707427
38784,864691132596393279
38795,864691132826498338
38802,864691132923060009
38808,864691132715846464
38812,864691132783725608
38816,864691132644530230
38819,864691132997061557
38833,864691132728287406
38844,864691132745526477
38852,864691132727472558
38866,864691132739287124
38867,864691132781028338
38873,864691132622646671
38885,864691132655542780
38912,864691132898454837
38913,864691132579163149
38928,864691132846905299
38930,864691132739334740
38943,864691132726844923
38945,864691132990676213
38957,864691132545982530
38959,864691132751220780
38960,864691132806664351
38961,864691132839488006
38967,864691132654386374
38988,864691132842971654
38997,864691132970767413
39044,864691132832839317
39052,864691132770203517
39056,864691132589827581
39060,864691132883554735
39063,864691132646477479
39070,864691132776931744
39071,864691132688406550
39075,864691132745639629
39106,864691132621718978
39108,864691132691183338
39111,864691132980087996
39115,864691132725924977
39116,864691132588574605
39120,864691132955364561
39125,864691132667036502
39148,864691132973026101
39156,864691132668828758
39171,864691132925746217
39189,864691132728159984
39195,864691132683172548
39204,864691133009467344
39215,864691132570652444
39217,864691133014920016
39228,864691133068441545
39231,864691132806910210
39232,864691132615621697
39246,864691133042903840
39252,864691132805445378
39263,864691132767574396
39265,864691132827512185
39266,864691132767815292
39275,864691132635907569
39279,864691132824909232
39281,864691132638647674
39288,864691132683167428
39299,864691132783696168
39302,864691132642892598
39306,864691132560055780
39310,864691132679141918
39321,864691132739189540
39326,864691132659571133
39329,864691132733633707
39336,864691132676301342
39337,864691132826330161
39338,864691133066592072
39340,864691132955362257
39342,864691132799449821
39343,864691132736319387
39363,864691132785707158
39366,864691132831572388
39379,864691132782512524
39384,864691132980057276
39388,864691132641178934
39392,864691132806742431
39405,864691132714363981
39410,864691132719812193
39416,864691132668139176
39419,864691132737949017
39430,864691132671278618
39434,864691132729431148
39442,864691132667314604
39467,864691133122727269
39473,864691132949422666
39474,864691132788972625
39486,864691132710113835
39488,864691133062802633
39493,864691132545958466
39505,864691132956465511
39520,864691133032822050
39523,864691132818926079
39530,864691132711048517
39541,864691132781025778
39542,864691132664112728
39545,864691133062329416
39564,864691132649287079
39572,864691132788254410
39582,864691132664053592
39586,864691132569560604
39593,864691132779078666
39594,864691132719693454
39597,864691132664386606
39602,864691132733908272
39603,864691132569552668
39607,864691132667372589
39610,864691132900557444
39612,864691132785368145
39615,864691132589885693
39616,864691132779088650
39621,864691132733683371
39632,864691133063919833
39633,864691132854495747
39636,864691132739196708
39647,864691132767827068
39650,864691132589908221
39679,864691132748902861
39684,864691132779260107
39692,864691132612362363
39699,864691132853302766
39700,864691132611456061
39701,864691132966535021
39709,864691132635976999
39711,864691132705109030
39713,864691132833016981
39718,864691132607219480
39720,864691132958985757
39728,864691132762587230
39729,864691132622594703
39734,864691132783695400
39735,864691132608428667
39747,864691132739293524
39758,864691132683875552
39761,864691132717601006
39772,864691132545963842
39774,864691132984124597
39775,864691132736174009
39787,864691132903686638
39789,864691132665473582
39804,864691133310864720
39808,864691132571697722
39813,864691132724881671
39826,864691132842649012
39830,864691132545851714
39841,864691132611456829
39848,864691133031988434
39856,864691132817249552
39865,864691132734367024
39866,864691132832737429
39900,864691132787304598
39911,864691132772114103
39913,864691132851330563
39918,864691132655360252
39936,864691132935731595
39938,864691132555094281
39941,864691132831561380
39944,864691132818902783
39945,864691132752535412
39958,864691132642279550
39965,864691132729712748
39967,864691132654247139
39992,864691132578972946
39993,864691132680772808
39996,864691132923094569
40002,864691132806692767
40003,864691132821268479
40010,864691132739555673
40031,864691132966547309
40033,864691132591817981
40036,864691132715677760
40042,864691132752026599
40049,864691132827631516
40051,864691132831612068
40053,864691132679042105
40070,864691132683527136
40074,864691132677076061
40079,864691132681546405
40083,864691133042949408
40085,864691132779248587
40108,864691132727431342
40112,864691132642227838
40119,864691132718523200
40121,864691132589851133
40125,864691132748608611
40135,864691133166664272
40141,864691132751907427
40153,864691132722486641
40160,864691132744976463
40167,864691132710642693
40171,864691132659577021
40175,864691132666491584
40177,864691132767147557
40207,864691132702972148
40217,864691132669614799
40230,864691132859349538
40234,864691132716021979
40243,864691132830615300
40244,864691132585598178
40251,864691132653878012
40269,864691132956211790
40274,864691132894674406
40278,864691132667082070
40281,864691132758424372
40295,864691132681881119
40297,864691132753557804
40300,864691132721497556
40308,864691132659453669
40310,864691132611022008
40311,864691132708300587
40314,864691132717284778
40316,864691132896081366
40324,864691132760355678
40327,864691132770223741
40331,864691132776911520
40333,864691132624525976
40339,864691132984477280
40349,864691132737012675
40351,864691132875240439
40360,864691132861513709
40366,864691132784084630
40375,864691132730163072
40382,864691132743719247
40385,864691132664061528
40386,864691132726901227
40403,864691132839411636
40422,864691132832413576
40459,864691132890993028
40462,864691132636045070
40467,864691132754903924
40471,864691132851813438
40474,864691132664239406
40478,864691132751214124
40485,864691132583637218
40488,864691132695976490
40499,864691132690620182
40510,864691132726087241
40516,864691132770522004
40518,864691132683692512
40525,864691132833031061
40526,864691132545715522
40527,864691132545059985
40529,864691132779114762
40534,864691132772122551
40546,864691132937169118
40548,864691132727397294
40559,864691132949505570
40570,864691132799451613
40571,864691132900274426
40584,864691132830918376
40588,864691132762301107
40602,864691132717237674
40631,864691132788811743
40641,864691132770510996
40642,864691132919517665
40653,864691132760694663
40666,864691132956893006
40672,864691132624479896
40677,864691132781949527
40698,864691132807600377
40708,864691133047312228
40717,864691132970753333
40726,864691132776929912
40742,864691132669796800
40744,864691132683149252
40746,864691132851335939
40777,864691132749788391
40778,864691132740640921
40786,864691132781871703
40793,864691132683142340
40800,864691132791688694
40808,864691132622586511
40815,864691132767811964
40816,864691132997114549
40821,864691132641831610
40835,864691132805638393
40840,864691132732113687
40851,864691132729888174
40868,864691132765451699
40875,864691132681901343
40877,864691132788060383
40888,864691132863877456
40891,864691133015864354
40902,864691132751320099
40916,864691132667394605
40924,864691132839467526
40932,864691133042974752
40937,864691132901308666
40960,864691132659428581
40969,864691132673640149
40973,864691132826373937
40981,864691132742392196
40994,864691132788074998
40999,864691132827476857
41001,864691132646509991
41010,864691132801044992
41013,864691132735415004
41014,864691132887081903
41022,864691132596464191
41033,864691132787999478
41034,864691132619294273
41038,864691132731897220
41039,864691132788087030
41051,864691132914641865
41056,864691133042911520
41085,864691133009417168
41093,864691132736181659
41094,864691132767569313
41097,864691132655637623
41098,864691133065145928
41104,864691132571718202
41107,864691132679305758
41110,864691132851350787
41121,864691132748462029
41128,864691132797697205
41134,864691132664073048
41140,864691132726937067
41142,864691132854818118
41145,864691132589990141
41150,864691133068447433
41155,864691132900539012
41160,864691133049116617
41164,864691132805467650
41172,864691132563373796
41175,864691132717273258
41177,864691132900351226
41183,864691132917600267
41185,864691132783954258
41188,864691132657887657
41193,864691132606905112
41195,864691132608481208
41203,864691132739272020
41208,864691132732213043
41214,864691132829999474
41231,864691132851330307
41239,864691133244454992
41240,864691132607930904
41242,864691132666556608
41245,864691132739205668
41248,864691132967464301
41257,864691132908024167
41302,864691132604768537
41304,864691132770271357
41323,864691132767861372
41341,864691133047236964
41342,864691132689304086
41356,864691132726908907
41360,864691132758335338
41361,864691132736097977
41370,864691132748688739
41390,864691132743680335
41400,864691132698507083
41415,864691132874902519
41418,864691132826327089
41422,864691132788044234
41425,864691132806466337
41428,864691132725560986
41438,864691132738540392
41443,864691132966570861
41449,864691132727401344
41461,864691132785367377
41471,864691132909480325
41472,864691132766181413
41490,864691132821567876
41498,864691132644406604
41501,864691132727345792
41505,864691132545042833
41511,864691132699725556
41516,864691132779088138
41520,864691132735332200
41522,864691132579802898
41540,864691132654233571
41577,864691132788096735
41597,864691132634139633
41602,864691132846919123
41605,864691132798167808
41609,864691132849589054
41619,864691132653482711
41620,864691132826541761
41638,864691132749813991
41639,864691132835163300
41658,864691132817074448
41667,864691132692670185
41668,864691132839411944
41677,864691132703898241
41690,864691132722453617
41693,864691132664215086
41704,864691132790951135
41707,864691132644334668
41710,864691132729728563
41720,864691132997475253
41734,864691132571712826
41736,864691132546674754
41743,864691132671082778
41745,864691132724925703
41753,864691132959723367
41759,864691132604775192
41761,864691132827504249
41768,864691132653727094
41771,864691132681954079
41794,864691132788086006
41802,864691132664140334
41819,864691132825630657
41820,864691132829676081
41831,864691132545939266
41834,864691132752028926
41846,864691133035889698
41852,864691132745755597
41853,864691132726526773
41856,864691132696005162
41857,864691132701440756
41867,864691132637942928
41873,864691132833010325
41885,864691132782857886
41896,864691132680789984
41897,864691132785264471
41901,864691132608712315
41905,864691132681764808
41910,864691132731630812
41914,864691132935651211
41915,864691132620062651
41919,864691132667325356
41922,864691132596329023
41925,864691132625899068
41926,864691132733670059
41927,864691132751319331
41933,864691132832418184
41937,864691132684967364
41941,864691132637138576
41943,864691132905114606
41944,864691132849732414
41948,864691132782602892
41949,864691132719679630
41953,864691132605911320
41957,864691132625534351
41969,864691132624497816
41970,864691132729752883
41971,864691132736186779
41980,864691132803038173
41996,864691132611477053
42004,864691132664014936
42005,864691132695053289
42007,864691132785361489
42010,864691132831963246
42015,864691132997138101
42023,864691132681549733
42029,864691132760382558
42049,864691132646451879
42052,864691132827568540
42055,864691132966574189
42061,864691132716031707
42064,864691132827190419
42065,864691132565064398
42072,864691132760298846
42079,864691132575130644
42088,864691132634139377
42093,864691132717869299
42095,864691132608730747
42097,864691132667443757
42126,864691132657896873
42131,864691132849700670
42136,864691132658647721
42139,864691132689399574
42147,864691132669637056
42148,864691133062350152
42169,864691133068421321
42176,864691132624524738
42179,864691132608469176
42180,864691132678414110
42187,864691132766198284
42190,864691133047302500
42196,864691132602084525
42204,864691132799458013
42209,864691132839521286
42212,864691132714366797
42219,864691132555052041
42221,864691132719786849
42222,864691132832724885
42230,864691133294137680
42231,864691132770267005
42247,864691133063959513
42249,864691132849728062
42254,864691132672110805
42257,864691132783141004
42262,864691132822225663
42264,864691132606438467
42267,864691132655650167
42272,864691132834661742
42286,864691132739245908
42297,864691132659581117
42319,864691132762849983
42328,864691132904518382
42338,864691132668310464
42342,864691132722436465
42350,864691132741525076
42351,864691132625891388
42358,864691132970798389
42382,864691132752598388
42405,864691132894738150
42406,864691132781967191
42409,864691132962101789
42414,864691132763941214
42415,864691132692436969
42420,864691132758831211
42423,864691132687792362
42431,864691132717252266
42457,864691132687764970
42463,864691132679395119
42465,864691132698220600
42474,864691132739126457
42479,864691132797081365
42494,864691132621694146
42495,864691132806488609
42501,864691132809605791
42514,864691132616889031
42519,864691133042970400
42522,864691132646485671
42530,864691132698212408
42532,864691132738045881
42538,864691132639731344
42558,864691132760734855
42559,864691133009441232
42569,864691132961428253
42596,864691132718883648
42604,864691132736192667
42623,864691132751218988
42632,864691132718282222
42633,864691132606419011
42648,864691132773393784
42657,864691132719689614
42658,864691132680748488
42672,864691132792771823
42673,864691132713516101
42675,864691132664259118
42681,864691132801111910
42698,864691132624907928
42707,864691132745472131
42709,864691132805484546
42713,864691132771662867
42715,864691132636763633
42719,864691132767535521
42720,864691132766162188
42722,864691132722920009
42731,864691132686749448
42733,864691132624514968
42756,864691132560060132
42757,864691132689925610
42760,864691132832355464
42764,864691132677290270
42765,864691132762678402
42772,864691132653887856
42773,864691132782929566
42790,864691132711754241
42796,864691132798153728
42799,864691133009404880
42801,864691132641586342
42811,864691132817171984
42816,864691132990388324
42834,864691132827930288
42844,864691133063957977
42851,864691132854839110
42854,864691132713012805
42863,864691132662206181
42867,864691132782592652
42873,864691132642202750
42878,864691132698484299
42882,864691132592748855
42888,864691132715841600
42894,864691132727382190
42895,864691132788107231
42903,864691132654222060
42911,864691132758360938
42919,864691132622574991
42923,864691132578377997
42930,864691132682183392
42940,864691132615676737
42942,864691132579054605
42943,864691132579990546
42945,864691132851378179
42950,864691132743854159
42953,864691132586818530
42958,864691132970752821
42959,864691132678614099
42964,864691132956483175
42968,864691132770165885
42974,864691132672361941
42978,864691132782529420
42986,864691132683172036
42998,864691132788071670
43004,864691132743901263
43017,864691132740333148
43019,864691132801180823
43023,864691132583641058
43024,864691132696726662
43037,864691132563094244
43042,864691132990643189
43049,864691132731718427
43052,864691132905917573
43054,864691132766202917
43070,864691132792842735
43079,864691133048577993
43080,864691132751391523
43085,864691132902830074
43110,864691132653777644
43120,864691132708263723
43134,864691132854845510
43150,864691132678411859
43164,864691132905909381
43167,864691132755813492
43170,864691132736222363
43181,864691132669733568
43189,864691132561512654
43191,864691132832449928
43202,864691132726449846
43203,864691132836246050
43204,864691132699686644
43208,864691132668496832
43220,864691132633788174
43226,864691132664195118
43227,864691132776901792
43241,864691132687782983
43242,864691132824736688
43244,864691132799336855
43246,864691132670228136
43254,864691132784997322
43256,864691132546003010
43275,864691132767569569
43280,864691132823964051
43284,864691132604495045
43288,864691132682335289
43293,864691132928943336
43304,864691132864915949
43309,864691132664086616
43311,864691132899121744
43312,864691132667064150
43318,864691132726809339
43332,864691132736984259
43340,864691132710640645
43344,864691132683800520
43356,864691132726807291
43361,864691132713198405
43367,864691132680852704
43370,864691132653821808
43377,864691132736213040
43380,864691132745451651
43390,864691132833877614
43398,864691132642284414
43404,864691132628596066
43413,864691132611467837
43424,864691132801804981
43430,864691132769147751
43441,864691132737932121
43445,864691132825586881
43456,864691132923093545
43460,864691132620892603
43467,864691132650757747
43489,864691132758394986
43491,864691132679403567
43497,864691132680765896
43499,864691132783739688
43508,864691132741590308
43510,864691132729683308
43512,864691132809571465
43514,864691132687582346
43518,864691132722900890
43533,864691132779086090
43538,864691132606471747
43539,864691132624494232
43545,864691132797438997
43546,864691132596647735
43554,864691132641170486
43564,864691132721672660
43566,864691132797091605
43567,864691132642277246
43581,864691133119301477
43583,864691133047265124
43586,864691132615917274
43595,864691132904203002
43596,864691132657904809
43606,864691132653294451
43608,864691132682392181
43610,864691132545951810
43611,864691132758089835
43612,864691132725379441
43632,864691132661059908
43640,864691132676471326
43648,864691132616904135
43655,864691132684109764
43664,864691133009386704
43671,864691132698474059
43675,864691132858189638
43680,864691132710159173
43683,864691132851336195
43693,864691132696785030
43700,864691132736963523
43731,864691132686736392
43750,864691132626011279
43755,864691132622540431
43776,864691132833236846
43778,864691132833090453
43788,864691132704864294
43791,864691132937466846
43806,864691132801168093
43811,864691132728700544
43817,864691132850411552
43819,864691132731354988
43822,864691132639254416
43827,864691132829857906
43830,864691132667039062
43843,864691132628534114
43847,864691132722927002
43855,864691132596307775
43878,864691132609684291
43882,864691132784176215
43891,864691132898919015
43902,864691132668318234
43905,864691132722878025
43913,864691132784887692
43915,864691132827401378
43919,864691132659443429
43925,864691132770224253
43932,864691132732747996
43937,864691132630447970
43939,864691132664218158
43958,864691132997137077
43971,864691132956425063
43982,864691132758348596
43996,864691132738953704
44010,864691132619999675
44013,864691132745669507
44026,864691132830045218
44032,864691132668453421
44036,864691132984462688
44044,864691132807208737
44081,864691132758492212
44094,864691132849706814
44107,864691132654175971
44108,864691132802089437
44109,864691132667153169
44116,864691132783656488
44122,864691132822386687
44128,864691132767797116
44133,864691132696020010
44137,864691132633948199
44145,864691132625859132
44154,864691132787103314
44157,864691132832422536
44160,864691132687200071
44169,864691132633866023
44178,864691132719712398
44186,864691132653866455
44197,864691133064400968
44200,864691132561555406
44248,864691132919530977
44257,864691132632906837
44278,864691132762866367
44280,864691132785324369
44284,864691132797040405
44290,864691132705084978
44292,864691132905876613
44294,864691132918277131
44295,864691132762680450
44309,864691133166933840
44316,864691132760803463
44321,864691132955318737
44329,864691133066661192
44330,864691132628610914
44354,864691132656104940
44355,864691132582228242
44359,864691132576892429
44361,864691132830681092
44384,864691132653788908
44393,864691132767860348
44395,864691132562557412
44412,864691132619214657
44414,864691132667716910
44415,864691132825244080
44417,864691132733642667
44420,864691132760720263
44430,864691132583629026
44433,864691132735146856
44445,864691132588571533
44446,864691132905896581
44456,864691132886205615
44458,864691132746823811
44477,864691132717962995
44479,864691132800052100
44482,864691132785360721
44487,864691132738322883
44489,864691132664069464
44495,864691132633882663
44498,864691132784515058
44500,864691132782670602
44502,864691132935964043
44510,864691132798155520
44511,864691132669820758
44514,864691132760864135
44522,864691132758373226
44528,864691132654685400
44531,864691132584678626
44545,864691132605248197
44554,864691132957852625
44563,864691132604536517
44567,864691132687836394
44577,864691132733903920
44599,864691132740332636
44606,864691132770488212
44608,864691132903512098
44616,864691132704835378
44621,864691132766197029
44625,864691132829169201
44628,864691132861523437
44632,864691132628601698
44639,864691132724930055
44648,864691132726831867
44657,864691132731629788
44658,864691132729777715
44667,864691132777586799
44675,864691132935680139
44677,864691132854865990
44682,864691132569612828
44704,864691132727399854
44705,864691132900341754
44707,864691132749487459
44710,864691132734658780
44720,864691132661441450
44737,864691132958965533
44745,864691132956179278
44747,864691132801166182
44758,864691132748470989
44761,864691132737932377
44767,864691132781009394
44773,864691132710638341
44801,864691132611251835
44802,864691132689262584
44820,864691132661412932
44845,864691132837966695
44864,864691132739104153
44872,864691132832456072
44874,864691132805604345
44891,864691132639284646
44897,864691132714213903
44899,864691132849722430
44914,864691132719766259
44922,864691132827461497
44940,864691132775686894
44967,864691132596308287
44975,864691132842573062
44986,864691132729787955
44987,864691132682449013
44988,864691132555103241
44989,864691132825267362
44991,864691132762315443
45002,864691132588573581
45042,864691132752669812
45044,864691132784150600
45049,864691132752870004
45059,864691132654179555
45062,864691132637330673
45065,864691132608475064
45079,864691132683871456
45087,864691132900518788
45094,864691133070461897
45097,864691132908637061
45101,864691132737895619
45104,864691132663337123
45111,864691132661011524
45116,864691132736194864
45119,864691132851357699
45120,864691132668410816
45134,864691132785199463
45137,864691132719746145
45142,864691132667046998
45145,864691132905851781
45158,864691132997143477
45161,864691132569575708
45176,864691132604957721
45185,864691132655706999
45191,864691132634146033
45208,864691132703160978
45209,864691132894694374
45231,864691132791251446
45264,864691133034891810
45279,864691132952400202
45282,864691132712811525
45286,864691133023541538
45287,864691132676307486
45332,864691132631262293
45335,864691132970768949
45338,864691132645338750
45344,864691132589919485
45352,864691133154115920
45365,864691132592662839
45367,864691132772821779
45400,864691132825243298
45403,864691132828289028
45415,864691132608731515
45416,864691132736378809
45420,864691132696000042
45424,864691132997140149
45434,864691132803983206
45437,864691132561750756
45440,864691132727389614
45441,864691132578971922
45448,864691132667199249
45461,864691132864067565
45470,864691132615620929
45473,864691132923090217
45481,864691132611434301
45482,864691132622542735
45518,864691132611129016
45529,864691132753313059
45535,864691132631445090
45537,864691132832430984
45538,864691132667782863
45551,864691132739091609
45564,864691132752052734
45568,864691132823976595
45573,864691132596292671
45576,864691132589826045
45584,864691132605760280
45604,864691132678405459
45617,864691133239493968
45623,864691132731752987
45633,864691132634122737
45634,864691132569577500
45661,864691132956153678
45664,864691132640163194
45666,864691132742201172
45667,864691132847439394
45671,864691132761059822
45674,864691132956135502
45706,864691132808402977
45754,864691132695992874
45759,864691132990646517
45763,864691133029032146
45790,864691132992196597
45798,864691132624451224
45800,864691132654895320
45805,864691132808096393
45814,864691132917607691
45827,864691132722845850
45829,864691132776908192
45838,864691132918772235
45851,864691132792834031
45852,864691132831519396
45867,864691133068424649
45870,864691133224896336
45881,864691132663801924
45884,864691132718481876
45886,864691132973700917
45901,864691133001103029
45903,864691132760644202
45910,864691132560067556
45911,864691133032776226
45913,864691132825216162
45915,864691132660427689
45918,864691132677076317
45947,864691132743182684
45949,864691132670600876
45966,864691132782869662
45968,864691132751304236
45971,864691132687780586
45977,864691132686815055
45989,864691133121391973
45999,864691132724960007
46005,864691132729785139
46008,864691132851357443
46011,864691132724924167
46017,864691132779901823
46025,864691132806938783
46033,864691132643074358
46055,864691132726405814
46060,864691132736152475
46071,864691132862632272
46072,864691132589854461
46073,864691132624480152
46076,864691132767869052
46086,864691132592730423
46096,864691132597454911
46098,864691133119285861
46103,864691132767072268
46106,864691132722443121
46123,864691132644385356
46153,864691132851517621
46179,864691132743881295
46182,864691132680997203
46200,864691132726399926
46208,864691132655536758
46241,864691132923092777
46242,864691132667420205
46265,864691132730417004
46274,864691132605187525
46275,864691132619065050
46279,864691132788093407
46284,864691132900282618
46287,864691132785372753
46292,864691132990381301
46303,864691132589854205
46309,864691132781275572
46315,864691132758487860
46328,864691133042990112
46329,864691132664111192
46332,864691132734516759
46333,864691132799475421
46342,864691132854815302
46343,864691132722890138
46346,864691132625913916
46354,864691132669252653
46363,864691132854834502
46364,864691132608680571
46365,864691132639585119
46384,864691132819763472
46391,864691133217060176
46407,864691132726870251
46415,864691133062327624
46418,864691132722990724
46420,864691132577241620
46437,864691132636796026
46440,864691132651011187
46441,864691132801968093
46451,864691133009433552
46453,864691132637165968
46464,864691132662146218
46465,864691132827073138
46469,864691132782825815
46479,864691132801507584
46499,864691132769651987
46501,864691132737664345
46525,864691132862238701
46527,864691132741390169
46537,864691132575422228
46538,864691133063822793
46543,864691132820031726
46563,864691132799505117
46581,864691132797122484
46582,864691132667878673
46586,864691132773269431
46591,864691132830082792
46597,864691132656640471
46614,864691132903889540
46615,864691132846866131
46635,864691132727265408
46639,864691132695121897
46643,864691132619993019
46645,864691132957104999
46649,864691132777580655
46664,864691132766732581
46669,864691132668338970
46676,864691133068444105
46683,864691132769605651
46689,864691132687766250
46690,864691132792829167
46693,864691132987671392
46699,864691132818900479
46703,864691132719811169
46704,864691132808104841
46716,864691132715807808
46717,864691132680861408
46718,864691132687814634
46729,864691132687833578
46730,864691132892934102
46731,864691132895470566
46751,864691132660723133
46753,864691132827362195
46754,864691132966584941
46755,864691132634161649
46758,864691132781350783
46768,864691132653833468
46775,864691132637137552
46781,864691132826364465
46783,864691132711124481
46798,864691132628620130
46803,864691132785620817
46805,864691132592712759
46817,864691132659459301
46822,864691132728602427
46829,864691132744361662
46832,864691132900359930
46836,864691132729783347
46842,864691132576755220
46846,864691132900889326
46852,864691132646405031
46858,864691132561781198
46866,864691132780479214
46868,864691132797039125
46869,864691132719265856
46874,864691132919971509
46881,864691132825603521
46887,864691132905870981
46890,864691132728086256
46894,864691132659559101
46904,864691132622902927
46906,864691132920163339
46907,864691132979920316
46908,864691132832414088
46920,864691132922378721
46924,864691132783670312
46928,864691132818942719
46938,864691132997121973
46950,864691132667146257
46958,864691132785347921
46960,864691132900323322
46965,864691132817097488
46967,864691132782586252
46968,864691132777597295
46971,864691132644511162
46992,864691132606194499
46993,864691132754177714
47001,864691132726894059
47004,864691132784952478
47017,864691132604468677
47020,864691132817204240
47022,864691132682634208
47027,864691132679284281
47040,864691132928973032
47048,864691132625823036
47053,864691133042995488
47079,864691132636976881
47087,864691132980027068
47090,864691132777971071
47095,864691132657238896
47102,864691132936803723
47111,864691132605771181
47121,864691132726881771
47129,864691132653449846
47143,864691132854369283
47152,864691132822350335
47154,864691132791483936
47160,864691132624445848
47165,864691132611416699
47168,864691132825251234
47203,864691132748636515
47204,864691133062341192
47212,864691132680568403
47213,864691132759234100
47219,864691132722897225
47224,864691132723317857
47244,864691132751338019
47248,864691132828276996
47253,864691132799513821
47260,864691132751403299
47271,864691132724906503
47275,864691132919433441
47284,864691132867075460
47303,864691132663382947
47316,864691132705852751
47318,864691132666525120
47320,864691132663406755
47321,864691133046053152
47336,864691132653933424
47337,864691132769614611
47338,864691132641831098
47340,864691132808078217
47347,864691132846888403
47350,864691132627839074
47353,864691132604518341
47355,864691132654655704
47356,864691132725611527
47370,864691132653793516
47380,864691132788001247
47382,864691132686665480
47383,864691132821312873
47392,864691132678441811
47396,864691132814659912
47408,864691132633808654
47420,864691132776387192
47427,864691132682408821
47436,864691132900359162
47438,864691133132403024
47444,864691132972032565
47446,864691132654540486
47447,864691132679394607
47451,864691132784180206
47453,864691133221202256
47455,864691132970751177
47463,864691132661068612
47466,864691132964643509
47471,864691132728599280
47473,864691132762290355
47474,864691132904160644
47475,864691132664187694
47476,864691132681871135
47490,864691132740307036
47498,864691132781385970
47500,864691132761064798
47517,864691132594363447
47534,864691133009381072
47545,864691132687757290
47548,864691132641838266
47550,864691132717012138
47555,864691132862482978
47556,864691132684958325
47581,864691132671428047
47586,864691132815423412
47598,864691132767544481
47599,864691132657819864
47606,864691132667163409
47607,864691132939410654
47617,864691132616940999
47626,864691132641846202
47640,864691132773377144
47656,864691132631233365
47657,864691132827536275
47660,864691132637165200
47666,864691133310636112
47682,864691132698279480
47698,864691132715799360
47703,864691132783684648
47717,864691132705147442
47729,864691132956470119
47752,864691132667215633
47754,864691132740288348
47756,864691132808109705
47757,864691132905848197
47762,864691133036034594
47766,864691132653833212
47768,864691132608465592
47769,864691132699690740
47770,864691132621042892
47775,864691132728093168
47789,864691132760757383
47792,864691132758045035
47796,864691132679344431
47805,864691132769620243
47816,864691132634175217
47822,864691132736884840
47829,864691132782936478
47846,864691133127584336
47855,864691132707991041
47858,864691132727381232
47867,864691132622598287
47871,864691132824975792
47875,864691133121337189
47878,864691132974185013
47880,864691132724374938
47914,864691132576848397
47922,864691132653483638
47935,864691132661288873
47944,864691132722758298
47961,864691132966565229
47967,864691132583633378
47968,864691132731749659
47970,864691132725642138
47971,864691132703718017
47974,864691132735120232
47985,864691132661375668
47989,864691132766416770
47999,864691132637730911
48000,864691132677037149
48001,864691132782917534
48011,864691132733669547
