,segment_id
0,864691132528085266
1,864691132533613402
2,864691132533623386
3,864691132533624154
4,864691132533625434
5,864691132533625946
6,864691132533626714
7,864691132533630042
8,864691132533633114
9,864691132533634394
10,864691132533635162
11,864691132533638490
12,864691132533640794
13,864691132533644122
14,864691132533645146
15,864691132533650266
16,864691132533652314
17,864691132533653338
18,864691132533657946
19,864691132533662042
20,864691132533673050
21,864691132533676122
22,864691132533682010
23,864691132533684570
24,864691132533686618
25,864691132533687898
26,864691132533695322
27,864691132533697370
28,864691132533700186
29,864691132533704538
30,864691132533815642
31,864691132533897818
32,864691132533928026
33,864691132533928282
34,864691132534314074
35,864691132535275866
36,864691132535615834
37,864691132535698778
38,864691132536177892
39,864691132536544858
40,864691132536657754
41,864691132536716378
42,864691132536844378
43,864691132537006682
44,864691132537067098
45,864691132537067354
46,864691132537172826
47,864691132537213786
48,864691132537224538
49,864691132537318746
50,864691132537604882
51,864691132538920011
52,864691132539581202
53,864691132540246802
54,864691132540387602
55,864691132540982034
56,864691132543910545
57,864691132543916177
58,864691132543918225
59,864691132543920017
60,864691132543921809
61,864691132543926417
62,864691132543931281
63,864691132543931793
64,864691132543936401
65,864691132543937169
66,864691132543939985
67,864691132543940753
68,864691132543943057
69,864691132543945873
70,864691132543946385
71,864691132543953297
72,864691132543954065
73,864691132543955601
74,864691132543958673
75,864691132543958929
76,864691132544069521
77,864691132544079761
78,864691132544082577
79,864691132544083345
80,864691132544083601
81,864691132544083857
82,864691132544084369
83,864691132544127121
84,864691132544127377
85,864691132544129169
86,864691132544136337
87,864691132544824977
88,864691132544990353
89,864691132545520785
90,864691132545847106
91,864691132545856322
92,864691132545856834
93,864691132545857090
94,864691132545858882
95,864691132545860418
96,864691132545862978
97,864691132545864258
98,864691132545865538
99,864691132545866562
100,864691132545868354
101,864691132545874498
102,864691132545878082
103,864691132545878850
104,864691132545880898
105,864691132545883970
106,864691132545884226
107,864691132545889346
108,864691132545892930
109,864691132545897282
110,864691132545902146
111,864691132545903170
112,864691132545905730
113,864691132545907010
114,864691132545908034
115,864691132545910082
116,864691132545910594
117,864691132545913922
118,864691132545914690
119,864691132545915202
120,864691132545917250
121,864691132545921602
122,864691132545923906
123,864691132545924418
124,864691132545924930
125,864691132545926210
126,864691132545928770
127,864691132545929026
128,864691132545931842
129,864691132545936194
130,864691132545940034
131,864691132545947202
132,864691132545950018
133,864691132545955138
134,864691132545964098
135,864691132545978434
136,864691132545983554
137,864691132545986882
138,864691132546000962
139,864691132546001730
140,864691132546171970
141,864691132546177090
142,864691132546179650
143,864691132546180162
144,864691132546197570
145,864691132546206018
146,864691132546292881
147,864691132546314818
148,864691132546450321
149,864691132546462530
150,864691132546712209
151,864691132546724241
152,864691132546825105
153,864691132546875025
154,864691132547093905
155,864691132547157137
156,864691132547590466
157,864691132547934274
158,864691132548459842
159,864691132548475714
160,864691132548717122
161,864691132548983618
162,864691132549223490
163,864691132549335106
164,864691132550352658
165,864691132550418706
166,864691132551729493
167,864691132554641417
168,864691132554988297
169,864691132554995465
170,864691132554998793
171,864691132555006473
172,864691132555006985
173,864691132555010569
174,864691132555012617
175,864691132555012873
176,864691132555013385
177,864691132555016713
178,864691132555020041
179,864691132555024137
180,864691132555027465
181,864691132555033097
182,864691132555035913
183,864691132555036681
184,864691132555037705
185,864691132555042313
186,864691132555042569
187,864691132555048457
188,864691132555050505
189,864691132555053065
190,864691132555053321
191,864691132555056137
192,864691132555060233
193,864691132555061513
194,864691132555063561
195,864691132555070729
196,864691132555073033
197,864691132555074313
198,864691132555077641
199,864691132555078921
200,864691132555079177
201,864691132555081481
202,864691132555082761
203,864691132555085577
204,864691132555086345
205,864691132555086857
206,864691132555090441
207,864691132555092489
208,864691132555093769
209,864691132555094025
210,864691132555095305
211,864691132555102729
212,864691132555104009
213,864691132555109897
214,864691132555206313
215,864691132555229193
216,864691132555262985
217,864691132555264521
218,864691132555266057
219,864691132555268361
220,864691132555269385
221,864691132555274761
222,864691132555279369
223,864691132555280393
224,864691132555280905
225,864691132555281161
226,864691132555283209
227,864691132555286281
228,864691132555287305
229,864691132555291913
230,864691132555293705
231,864691132555294473
232,864691132555294985
233,864691132555327241
234,864691132555327497
235,864691132555329033
236,864691132555333897
237,864691132555334665
238,864691132555335945
239,864691132555337481
240,864691132555338761
241,864691132555339017
242,864691132555339273
243,864691132555340041
244,864691132555340297
245,864691132555341065
246,864691132555341577
247,864691132555342345
248,864691132555342601
249,864691132555342857
250,864691132555343113
251,864691132555393033
252,864691132555559178
253,864691132555854089
254,864691132556158473
255,864691132556947209
256,864691132557020178
257,864691132557021970
258,864691132557103369
259,864691132557211657
260,864691132557480457
261,864691132557544201
262,864691132557547785
263,864691132557935881
264,864691132558136585
265,864691132558211593
266,864691132558348297
267,864691132558387977
268,864691132558519049
269,864691132558673929
270,864691132558726665
271,864691132559675477
272,864691132560000484
273,864691132560000740
274,864691132560008932
275,864691132560010980
276,864691132560013284
277,864691132560015332
278,864691132560017636
279,864691132560025060
280,864691132560026084
281,864691132560028900
282,864691132560030436
283,864691132560033252
284,864691132560033508
285,864691132560034020
286,864691132560041700
287,864691132560042724
288,864691132560047844
289,864691132560048612
290,864691132560053732
291,864691132560054756
292,864691132560056548
293,864691132560059108
294,864691132560059620
295,864691132560060388
296,864691132560068580
297,864691132560071396
298,864691132560071908
299,864691132560072932
300,864691132560077540
301,864691132560079588
302,864691132560081636
303,864691132560082916
304,864691132560084708
305,864691132560086756
306,864691132560087780
307,864691132560093156
308,864691132560094180
309,864691132560094948
310,864691132560250340
311,864691132560255204
312,864691132560255716
313,864691132560295652
314,864691132560297188
315,864691132560303076
316,864691132560308452
317,864691132560310500
318,864691132560312036
319,864691132560671716
320,864691132561338596
321,864691132561393870
322,864691132561471716
323,864691132561486030
324,864691132561491406
325,864691132561493198
326,864691132561500110
327,864691132561501134
328,864691132561501902
329,864691132561506766
330,864691132561507278
331,864691132561508046
332,864691132561508302
333,864691132561510606
334,864691132561511118
335,864691132561511886
336,864691132561513166
337,864691132561513934
338,864691132561517262
339,864691132561517518
340,864691132561525454
341,864691132561526222
342,864691132561526734
343,864691132561527758
344,864691132561529550
345,864691132561533902
346,864691132561542606
347,864691132561546958
348,864691132561548494
349,864691132561552334
350,864691132561553614
351,864691132561556942
352,864691132561557454
353,864691132561566158
354,864691132561567182
355,864691132561567694
356,864691132561571022
357,864691132561575630
358,864691132561578190
359,864691132561578446
360,864691132561584590
361,864691132561585102
362,864691132561719012
363,864691132561774286
364,864691132561775822
365,864691132561782478
366,864691132561788110
367,864691132561788622
368,864691132561791182
369,864691132561791438
370,864691132561843662
371,864691132561846734
372,864691132561846990
373,864691132561847246
374,864691132561847502
375,864691132562264526
376,864691132562524388
377,864691132562545358
378,864691132562607076
379,864691132562768868
380,864691132562805220
381,864691132562938596
382,864691132562953444
383,864691132563116750
384,864691132563138276
385,864691132563221454
386,864691132563456462
387,864691132563530212
388,864691132563532750
389,864691132563569380
390,864691132563570916
391,864691132563628516
392,864691132563645412
393,864691132563651556
394,864691132563656932
395,864691132563686372
396,864691132563698660
397,864691132563725796
398,864691132563755492
399,864691132563767246
400,864691132563882468
401,864691132563954894
402,864691132563957220
403,864691132564002276
404,864691132564066020
405,864691132564078030
406,864691132564078820
407,864691132564110798
408,864691132564137444
409,864691132564137678
410,864691132564206052
411,864691132564257742
412,864691132564515022
413,864691132564729806
414,864691132564750542
415,864691132564859086
416,864691132564938446
417,864691132565015502
418,864691132565255374
419,864691132567798034
420,864691132567858742
421,864691132568808210
422,864691132569404726
423,864691132569510428
424,864691132569513500
425,864691132569519132
426,864691132569519900
427,864691132569521436
428,864691132569523996
429,864691132569525020
430,864691132569526300
431,864691132569529884
432,864691132569530140
433,864691132569532956
434,864691132569533468
435,864691132569534492
436,864691132569536796
437,864691132569537308
438,864691132569538076
439,864691132569539612
440,864691132569540380
441,864691132569541148
442,864691132569543196
443,864691132569544220
444,864691132569546780
445,864691132569547292
446,864691132569547804
447,864691132569554460
448,864691132569555484
449,864691132569556252
450,864691132569556508
451,864691132569563164
452,864691132569565212
453,864691132569565724
454,864691132569570076
455,864691132569572892
456,864691132569573660
457,864691132569574684
458,864691132569575196
459,864691132569576476
460,864691132569583132
461,864691132569588508
462,864691132569594396
463,864691132569595164
464,864691132569595932
465,864691132569603356
466,864691132569604636
467,864691132569605916
468,864691132569613340
469,864691132569622044
470,864691132569637051
471,864691132569772316
472,864691132569773084
473,864691132569773340
474,864691132569774876
475,864691132569775132
476,864691132569782812
477,864691132569787164
478,864691132569787420
479,864691132569819420
480,864691132569822492
481,864691132569822748
482,864691132569828892
483,864691132569830172
484,864691132569830940
485,864691132569831964
486,864691132569832476
487,864691132569834524
488,864691132569837340
489,864691132569839644
490,864691132569873237
491,864691132570063414
492,864691132570104630
493,864691132570436636
494,864691132570556188
495,864691132571084316
496,864691132571163221
497,864691132571511068
498,864691132571654428
499,864691132571680570
500,864691132571681082
501,864691132571682362
502,864691132571684666
503,864691132571685178
504,864691132571686714
505,864691132571692090
506,864691132571695930
507,864691132571702300
508,864691132571706682
509,864691132571707194
510,864691132571708986
511,864691132571712058
512,864691132571713594
513,864691132571718458
514,864691132571718970
515,864691132571722298
516,864691132571846970
517,864691132571847994
518,864691132571893818
519,864691132571894330
520,864691132571990396
521,864691132572278300
522,864691132572315164
523,864691132572500252
524,864691132572708124
525,864691132572773916
526,864691132572891676
527,864691132573047354
528,864691132573126458
529,864691132573271866
530,864691132573713978
531,864691132573882170
532,864691132573891386
533,864691132573962810
534,864691132574126906
535,864691132574195285
536,864691132574306428
537,864691132574343226
538,864691132574381370
539,864691132574773818
540,864691132574950202
541,864691132574987066
542,864691132575009590
543,864691132575297594
544,864691132575359802
545,864691132575389716
546,864691132575394068
547,864691132575399956
548,864691132575405332
549,864691132575408916
550,864691132575410196
551,864691132575415060
552,864691132575415828
553,864691132575416084
554,864691132575416596
555,864691132575420436
556,864691132575420692
557,864691132575424788
558,864691132575425812
559,864691132575436820
560,864691132575437332
561,864691132575440148
562,864691132575446036
563,864691132575450132
564,864691132575592212
565,864691132575593492
566,864691132575596820
567,864691132575599124
568,864691132575599380
569,864691132575604756
570,864691132575607316
571,864691132575650068
572,864691132575651604
573,864691132575656980
574,864691132575658004
575,864691132576055572
576,864691132576095764
577,864691132576456468
578,864691132576761620
579,864691132576783885
580,864691132576787981
581,864691132576792333
582,864691132576796173
583,864691132576801549
584,864691132576802829
585,864691132576804109
586,864691132576805645
587,864691132576807437
588,864691132576809741
589,864691132576813837
590,864691132576817165
591,864691132576819981
592,864691132576823309
593,864691132576825613
594,864691132576827405
595,864691132576827661
596,864691132576828429
597,864691132576828685
598,864691132576829197
599,864691132576839693
600,864691132576839949
601,864691132576843533
602,864691132576846093
603,864691132576854285
604,864691132576858125
605,864691132576860429
606,864691132576861453
607,864691132576862221
608,864691132576862989
609,864691132576869133
610,864691132576869901
611,864691132576872973
612,864691132576876301
613,864691132576892941
614,864691132576896013
615,864691132576903693
616,864691132576962870
617,864691132577043725
618,864691132577045005
619,864691132577050893
620,864691132577051149
621,864691132577056781
622,864691132577098765
623,864691132577100813
624,864691132577103117
625,864691132577108749
626,864691132577110029
627,864691132577110541
628,864691132577111309
629,864691132577112077
630,864691132577220628
631,864691132577358794
632,864691132577678612
633,864691132577691156
634,864691132577775117
635,864691132577830164
636,864691132577978900
637,864691132578107902
638,864691132578160148
639,864691132578358326
640,864691132578382356
641,864691132578439188
642,864691132578549268
643,864691132578686477
644,864691132578686740
645,864691132578738708
646,864691132578980114
647,864691132578984722
648,864691132578986002
649,864691132578986770
650,864691132578989074
651,864691132578992914
652,864691132578993426
653,864691132578995730
654,864691132578996498
655,864691132578998290
656,864691132578998802
657,864691132579004690
658,864691132579004946
659,864691132579005458
660,864691132579009042
661,864691132579009554
662,864691132579015698
663,864691132579016210
664,864691132579022093
665,864691132579023378
666,864691132579034386
667,864691132579037202
668,864691132579041298
669,864691132579043090
670,864691132579043602
671,864691132579045652
672,864691132579181842
673,864691132579182610
674,864691132579184914
675,864691132579185170
676,864691132579186450
677,864691132579187986
678,864691132579188498
679,864691132579189778
680,864691132579190802
681,864691132579192338
682,864691132579193874
683,864691132579196178
684,864691132579203090
685,864691132579210514
686,864691132579215378
687,864691132579215890
688,864691132579216914
689,864691132579253778
690,864691132579254546
691,864691132579254802
692,864691132579259410
693,864691132579287058
694,864691132579316749
695,864691132579365389
696,864691132579545357
697,864691132579628301
698,864691132579977229
699,864691132579990029
700,864691132580139533
701,864691132580151053
702,864691132580195085
703,864691132580233229
704,864691132580550925
705,864691132580558349
706,864691132580876050
707,864691132581091858
708,864691132581686802
709,864691132581710866
710,864691132581733650
711,864691132581790226
712,864691132581804562
713,864691132581894782
714,864691132581922322
715,864691132582037010
716,864691132582053138
717,864691132582092306
718,864691132582106678
719,864691132582244150
720,864691132582550034
721,864691132582576914
722,864691132582619154
723,864691132582688530
724,864691132582702098
725,864691132582732818
726,864691132583468514
727,864691132583540706
728,864691132583540962
729,864691132583545314
730,864691132583546338
731,864691132583548386
732,864691132583551202
733,864691132583558114
734,864691132583561442
735,864691132583562210
736,864691132583562978
737,864691132583565282
738,864691132583565794
739,864691132583566050
740,864691132583566818
741,864691132583567842
742,864691132583568354
743,864691132583571426
744,864691132583578338
745,864691132583584738
746,864691132583598562
747,864691132583598818
748,864691132583610338
749,864691132583614690
750,864691132583622882
751,864691132583624674
752,864691132583626722
753,864691132583632354
754,864691132583632866
755,864691132583635682
756,864691132583636706
757,864691132583642850
758,864691132583644386
759,864691132583645922
760,864691132583646434
761,864691132583796962
762,864691132583799778
763,864691132583801570
764,864691132583801826
765,864691132583805410
766,864691132583833314
767,864691132583836642
768,864691132583838690
769,864691132583839202
770,864691132583842274
771,864691132583846626
772,864691132583849442
773,864691132585020898
774,864691132585163574
775,864691132585365432
776,864691132585519670
777,864691132585574710
778,864691132585735650
779,864691132585861686
780,864691132585950774
781,864691132585970658
782,864691132586151906
783,864691132586183138
784,864691132586185698
785,864691132586199778
786,864691132586325730
787,864691132586443644
788,864691132586452534
789,864691132586797538
790,864691132586852578
791,864691132587139554
792,864691132587434466
793,864691132588522125
794,864691132588524173
795,864691132588524429
796,864691132588526477
797,864691132588529293
798,864691132588529805
799,864691132588530317
800,864691132588532621
801,864691132588534157
802,864691132588538253
803,864691132588538509
804,864691132588541581
805,864691132588542093
806,864691132588542349
807,864691132588544653
808,864691132588545421
809,864691132588551821
810,864691132588564365
811,864691132588571789
812,864691132588580749
813,864691132588582029
814,864691132588712845
815,864691132588718733
816,864691132588721805
817,864691132588783501
818,864691132588784013
819,864691132589805565
820,864691132589807869
821,864691132589810173
822,864691132589812733
823,864691132589818109
824,864691132589818365
825,864691132589819133
826,864691132589820925
827,864691132589825277
828,864691132589827837
829,864691132589829629
830,864691132589834237
831,864691132589834493
832,864691132589834749
833,864691132589836541
834,864691132589844221
835,864691132589846013
836,864691132589847549
837,864691132589848829
838,864691132589854717
839,864691132589859581
840,864691132589860349
841,864691132589862653
842,864691132589865213
843,864691132589870589
844,864691132589872893
845,864691132589873917
846,864691132589875709
847,864691132589883645
848,864691132589889277
849,864691132589889533
850,864691132589890813
851,864691132589892605
852,864691132589892861
853,864691132589894141
854,864691132589894397
855,864691132589896189
856,864691132589900285
857,864691132589901821
858,864691132589902077
859,864691132589903869
860,864691132589905917
861,864691132589907453
862,864691132589909757
863,864691132589911805
864,864691132589912621
865,864691132589913085
866,864691132589915133
867,864691132589915901
868,864691132590043277
869,864691132590130685
870,864691132590131197
871,864691132590132477
872,864691132590134269
873,864691132590141949
874,864691132590143741
875,864691132590144509
876,864691132590145533
877,864691132590147837
878,864691132590148349
879,864691132590151421
880,864691132590152701
881,864691132590153725
882,864691132590153981
883,864691132590158845
884,864691132590159357
885,864691132590159869
886,864691132590193549
887,864691132590204413
888,864691132590210045
889,864691132590210957
890,864691132590213117
891,864691132590223101
892,864691132590223613
893,864691132590223869
894,864691132590224381
895,864691132590224637
896,864691132590259453
897,864691132590739324
898,864691132590827139
899,864691132590936917
900,864691132591197325
901,864691132591241869
902,864691132591389837
903,864691132591398909
904,864691132591559309
905,864691132591605245
906,864691132591635341
907,864691132591638413
908,864691132591669133
909,864691132591860092
910,864691132591988989
911,864691132592036237
912,864691132592395132
913,864691132592438781
914,864691132592528893
915,864691132592578813
916,864691132592628989
917,864691132592663095
918,864691132592667959
919,864691132592670775
920,864691132592671543
921,864691132592671799
922,864691132592673079
923,864691132592673847
924,864691132592678967
925,864691132592679223
926,864691132592679991
927,864691132592685879
928,864691132592686903
929,864691132592688951
930,864691132592691255
931,864691132592691511
932,864691132592692535
933,864691132592694071
934,864691132592694327
935,864691132592697911
936,864691132592701495
937,864691132592702007
938,864691132592703031
939,864691132592704823
940,864691132592705335
941,864691132592712247
942,864691132592715575
943,864691132592721207
944,864691132592722999
945,864691132592725047
946,864691132592725303
947,864691132592732215
948,864691132592739383
949,864691132592740663
950,864691132592741687
951,864691132592742967
952,864691132592743479
953,864691132592743735
954,864691132592749111
955,864691132592750647
956,864691132592751159
957,864691132592752695
958,864691132592757303
959,864691132592759863
960,864691132592799485
961,864691132592807223
962,864691132592859133
963,864691132592874807
964,864691132592877111
965,864691132592922679
966,864691132592924157
967,864691132592924983
968,864691132592930103
969,864691132592931895
970,864691132592943159
971,864691132592944695
972,864691132592949815
973,864691132592952375
974,864691132592957495
975,864691132592958519
976,864691132592959031
977,864691132593054717
978,864691132593112317
979,864691132593152253
980,864691132593155069
981,864691132593170685
982,864691132593281079
983,864691132593306109
984,864691132593314813
985,864691132593398781
986,864691132593448759
987,864691132593510909
988,864691132593898038
989,864691132593971767
990,864691132594222391
991,864691132594652215
992,864691132594841911
993,864691132594962231
994,864691132595048759
995,864691132595320631
996,864691132595449911
997,864691132595795255
998,864691132595836215
999,864691132595854903
1000,864691132595877687
1001,864691132596015159
1002,864691132596078647
1003,864691132596264503
1004,864691132596302911
1005,864691132596304183
1006,864691132596306239
1007,864691132596306495
1008,864691132596308799
1009,864691132596309823
1010,864691132596315455
1011,864691132596316479
1012,864691132596317247
1013,864691132596318271
1014,864691132596318527
1015,864691132596319295
1016,864691132596321599
1017,864691132596324415
1018,864691132596324927
1019,864691132596326719
1020,864691132596329279
1021,864691132596330047
1022,864691132596332351
1023,864691132596336959
1024,864691132596339519
1025,864691132596340799
1026,864691132596341311
1027,864691132596346175
1028,864691132596346687
1029,864691132596347967
1030,864691132596354623
1031,864691132596356415
1032,864691132596358207
1033,864691132596366143
1034,864691132596373311
1035,864691132596374847
1036,864691132596377407
1037,864691132596378687
1038,864691132596380223
1039,864691132596385343
1040,864691132596388159
1041,864691132596389695
1042,864691132596392767
1043,864691132596393023
1044,864691132596394303
1045,864691132596398911
1046,864691132596399423
1047,864691132596433463
1048,864691132596481079
1049,864691132596492095
1050,864691132596567103
1051,864691132596572735
1052,864691132596572991
1053,864691132596575039
1054,864691132596610623
1055,864691132596615999
1056,864691132596616511
1057,864691132596621631
1058,864691132596624191
1059,864691132596624447
1060,864691132596649023
1061,864691132596789815
1062,864691132596798007
1063,864691132596967231
1064,864691132597267519
1065,864691132597430915
1066,864691132597657873
1067,864691132597738047
1068,864691132598053430
1069,864691132598383670
1070,864691132598587711
1071,864691132598804287
1072,864691132598836799
1073,864691132598935871
1074,864691132599115839
1075,864691132599281727
1076,864691132599343679
1077,864691132599443263
1078,864691132599466815
1079,864691132599503679
1080,864691132599630399
1081,864691132599887167
1082,864691132599983167
1083,864691132600199593
1084,864691132600269081
1085,864691132601659397
1086,864691132602009773
1087,864691132602015405
1088,864691132602015917
1089,864691132602018733
1090,864691132602021549
1091,864691132602022317
1092,864691132602024109
1093,864691132602025901
1094,864691132602027181
1095,864691132602028205
1096,864691132602028461
1097,864691132602028717
1098,864691132602029741
1099,864691132602030765
1100,864691132602031533
1101,864691132602034093
1102,864691132602037677
1103,864691132602040237
1104,864691132602040493
1105,864691132602046637
1106,864691132602047405
1107,864691132602050989
1108,864691132602051757
1109,864691132602052013
1110,864691132602053037
1111,864691132602057901
1112,864691132602068653
1113,864691132602069677
1114,864691132602070957
1115,864691132602072493
1116,864691132602077101
1117,864691132602078637
1118,864691132602084269
1119,864691132602085549
1120,864691132602087341
1121,864691132602089389
1122,864691132602091949
1123,864691132602222253
1124,864691132602226605
1125,864691132602228397
1126,864691132602228653
1127,864691132602233005
1128,864691132602236333
1129,864691132602240173
1130,864691132602240685
1131,864691132602242733
1132,864691132602243245
1133,864691132602245037
1134,864691132602245805
1135,864691132602246573
1136,864691132602247341
1137,864691132602249901
1138,864691132602251181
1139,864691132602252973
1140,864691132602272173
1141,864691132602273965
1142,864691132602278573
1143,864691132602279853
1144,864691132602280365
1145,864691132602970541
1146,864691132603008696
1147,864691132603157933
1148,864691132603202428
1149,864691132603494106
1150,864691132603862553
1151,864691132603982765
1152,864691132604386989
1153,864691132604499909
1154,864691132604502725
1155,864691132604503493
1156,864691132604504261
1157,864691132604504517
1158,864691132604509125
1159,864691132604511173
1160,864691132604514221
1161,864691132604517829
1162,864691132604521669
1163,864691132604524485
1164,864691132604525253
1165,864691132604528837
1166,864691132604533701
1167,864691132604534981
1168,864691132604539845
1169,864691132604540101
1170,864691132604541381
1171,864691132604543941
1172,864691132604545477
1173,864691132604546501
1174,864691132604551365
1175,864691132604552389
1176,864691132604562885
1177,864691132604569541
1178,864691132604574149
1179,864691132604574917
1180,864691132604595117
1181,864691132604696749
1182,864691132604697005
1183,864691132604707865
1184,864691132604708293
1185,864691132604708805
1186,864691132604710597
1187,864691132604712901
1188,864691132604713497
1189,864691132604713901
1190,864691132604714521
1191,864691132604716057
1192,864691132604716313
1193,864691132604717081
1194,864691132604718105
1195,864691132604721689
1196,864691132604722201
1197,864691132604723481
1198,864691132604725273
1199,864691132604727321
1200,864691132604729625
1201,864691132604730393
1202,864691132604730649
1203,864691132604731417
1204,864691132604732697
1205,864691132604733465
1206,864691132604737305
1207,864691132604737817
1208,864691132604738328
1209,864691132604739352
1210,864691132604740120
1211,864691132604741145
1212,864691132604741657
1213,864691132604745496
1214,864691132604747032
1215,864691132604747544
1216,864691132604747545
1217,864691132604749848
1218,864691132604750104
1219,864691132604750616
1220,864691132604752920
1221,864691132604753689
1222,864691132604753945
1223,864691132604754456
1224,864691132604756909
1225,864691132604757528
1226,864691132604759320
1227,864691132604759321
1228,864691132604763417
1229,864691132604764184
1230,864691132604768280
1231,864691132604768536
1232,864691132604771097
1233,864691132604771353
1234,864691132604772121
1235,864691132604772376
1236,864691132604773145
1237,864691132604774425
1238,864691132604774681
1239,864691132604775365
1240,864691132604775704
1241,864691132604776389
1242,864691132604777240
1243,864691132604779032
1244,864691132604780056
1245,864691132604780825
1246,864691132604781849
1247,864691132604782873
1248,864691132604784152
1249,864691132604784665
1250,864691132604785177
1251,864691132604786713
1252,864691132604787481
1253,864691132604790297
1254,864691132604791065
1255,864691132604792857
1256,864691132604793113
1257,864691132604794649
1258,864691132604796185
1259,864691132604797977
1260,864691132604801305
1261,864691132604802841
1262,864691132604806425
1263,864691132604844973
1264,864691132604894125
1265,864691132604908741
1266,864691132604927768
1267,864691132604968472
1268,864691132604970776
1269,864691132604974616
1270,864691132604977432
1271,864691132604980248
1272,864691132604980504
1273,864691132604981528
1274,864691132604984344
1275,864691132604988184
1276,864691132604988440
1277,864691132604989208
1278,864691132604989976
1279,864691132605015833
1280,864691132605017368
1281,864691132605022232
1282,864691132605027097
1283,864691132605027352
1284,864691132605028632
1285,864691132605029912
1286,864691132605032728
1287,864691132605032984
1288,864691132605046552
1289,864691132605046808
1290,864691132605047064
1291,864691132605049624
1292,864691132605049880
1293,864691132605051928
1294,864691132605104045
1295,864691132605134253
1296,864691132605180589
1297,864691132605187608
1298,864691132605194925
1299,864691132605223192
1300,864691132605264813
1301,864691132605307821
1302,864691132605404953
1303,864691132605458605
1304,864691132605463725
1305,864691132605523629
1306,864691132605662637
1307,864691132605685165
1308,864691132605767085
1309,864691132605794221
1310,864691132605811029
1311,864691132605816773
1312,864691132605866925
1313,864691132605889305
1314,864691132605892269
1315,864691132605908909
1316,864691132605912088
1317,864691132605944005
1318,864691132606041029
1319,864691132606169285
1320,864691132606182853
1321,864691132606296851
1322,864691132606298649
1323,864691132606401091
1324,864691132606406723
1325,864691132606407235
1326,864691132606409795
1327,864691132606410307
1328,864691132606411075
1329,864691132606412355
1330,864691132606412611
1331,864691132606415939
1332,864691132606416451
1333,864691132606419267
1334,864691132606421059
1335,864691132606422595
1336,864691132606423107
1337,864691132606423875
1338,864691132606424643
1339,864691132606425155
1340,864691132606425411
1341,864691132606426179
1342,864691132606426691
1343,864691132606427715
1344,864691132606428227
1345,864691132606428483
1346,864691132606430531
1347,864691132606431811
1348,864691132606432579
1349,864691132606433603
1350,864691132606437955
1351,864691132606439193
1352,864691132606443075
1353,864691132606443843
1354,864691132606445891
1355,864691132606447683
1356,864691132606449475
1357,864691132606450755
1358,864691132606451267
1359,864691132606454595
1360,864691132606457667
1361,864691132606465091
1362,864691132606467907
1363,864691132606468419
1364,864691132606469955
1365,864691132606470723
1366,864691132606472003
1367,864691132606476611
1368,864691132606477123
1369,864691132606477891
1370,864691132606478659
1371,864691132606482243
1372,864691132606599109
1373,864691132606602819
1374,864691132606606915
1375,864691132606607683
1376,864691132606610243
1377,864691132606642499
1378,864691132606645315
1379,864691132606649923
1380,864691132606654019
1381,864691132606654275
1382,864691132606660376
1383,864691132606663491
1384,864691132606664771
1385,864691132606665283
1386,864691132606689048
1387,864691132606854341
1388,864691132606879256
1389,864691132606968005
1390,864691132606994243
1391,864691132607000773
1392,864691132607122373
1393,864691132607148313
1394,864691132607168281
1395,864691132607221957
1396,864691132607334424
1397,864691132607384517
1398,864691132607413701
1399,864691132607431192
1400,864691132607443568
1401,864691132607472665
1402,864691132607491097
1403,864691132607564568
1404,864691132607602885
1405,864691132607615257
1406,864691132607620376
1407,864691132607718169
1408,864691132607719192
1409,864691132607730713
1410,864691132607768857
1411,864691132607797529
1412,864691132607797785
1413,864691132607813401
1414,864691132607820229
1415,864691132607822872
1416,864691132607891736
1417,864691132607901208
1418,864691132607918617
1419,864691132607957273
1420,864691132607987141
1421,864691132607999000
1422,864691132608002328
1423,864691132608008003
1424,864691132608008728
1425,864691132608016664
1426,864691132608024601
1427,864691132608025113
1428,864691132608035651
1429,864691132608070341
1430,864691132608102424
1431,864691132608125125
1432,864691132608134681
1433,864691132608141379
1434,864691132608384793
1435,864691132608386371
1436,864691132608426819
1437,864691132608435481
1438,864691132608442808
1439,864691132608454584
1440,864691132608455096
1441,864691132608456376
1442,864691132608460216
1443,864691132608460728
1444,864691132608463544
1445,864691132608466104
1446,864691132608466616
1447,864691132608468664
1448,864691132608482232
1449,864691132608484536
1450,864691132608487096
1451,864691132608487352
1452,864691132608490424
1453,864691132608490680
1454,864691132608491704
1455,864691132608589336
1456,864691132608593219
1457,864691132608625275
1458,864691132608633723
1459,864691132608635259
1460,864691132608635515
1461,864691132608636283
1462,864691132608638331
1463,864691132608638587
1464,864691132608640123
1465,864691132608641915
1466,864691132608642683
1467,864691132608642744
1468,864691132608648315
1469,864691132608650107
1470,864691132608650168
1471,864691132608650875
1472,864691132608651131
1473,864691132608651387
1474,864691132608653947
1475,864691132608655032
1476,864691132608655800
1477,864691132608661688
1478,864691132608662651
1479,864691132608662907
1480,864691132608664955
1481,864691132608667003
1482,864691132608667832
1483,864691132608668600
1484,864691132608670843
1485,864691132608671672
1486,864691132608671928
1487,864691132608672696
1488,864691132608675195
1489,864691132608678779
1490,864691132608680632
1491,864691132608681400
1492,864691132608683131
1493,864691132608683448
1494,864691132608683960
1495,864691132608685435
1496,864691132608686715
1497,864691132608686971
1498,864691132608687995
1499,864691132608689019
1500,864691132608690299
1501,864691132608701051
1502,864691132608706427
1503,864691132608707195
1504,864691132608712827
1505,864691132608716155
1506,864691132608717947
1507,864691132608718971
1508,864691132608722043
1509,864691132608722299
1510,864691132608724603
1511,864691132608724859
1512,864691132608735611
1513,864691132608737403
1514,864691132608738683
1515,864691132608744827
1516,864691132608746875
1517,864691132608748411
1518,864691132608748667
1519,864691132608751227
1520,864691132608769603
1521,864691132608784963
1522,864691132608897147
1523,864691132608902523
1524,864691132608911483
1525,864691132608912763
1526,864691132608916859
1527,864691132608965755
1528,864691132608969083
1529,864691132608973179
1530,864691132608973947
1531,864691132608974971
1532,864691132608975739
1533,864691132608976507
1534,864691132609108803
1535,864691132609202755
1536,864691132609273272
1537,864691132609284419
1538,864691132609444163
1539,864691132609452611
1540,864691132609454776
1541,864691132609456195
1542,864691132609526595
1543,864691132609636931
1544,864691132609639080
1545,864691132609778650
1546,864691132609833539
1547,864691132609977411
1548,864691132609985603
1549,864691132610000451
1550,864691132610176579
1551,864691132610186168
1552,864691132610204995
1553,864691132610214723
1554,864691132610423992
1555,864691132610445752
1556,864691132610484603
1557,864691132610539001
1558,864691132610675067
1559,864691132610780795
1560,864691132610800056
1561,864691132610942392
1562,864691132610952888
1563,864691132611049851
1564,864691132611092664
1565,864691132611217080
1566,864691132611319357
1567,864691132611323965
1568,864691132611327416
1569,864691132611331389
1570,864691132611334461
1571,864691132611335485
1572,864691132611335741
1573,864691132611336253
1574,864691132611336765
1575,864691132611339581
1576,864691132611340349
1577,864691132611342397
1578,864691132611344189
1579,864691132611347261
1580,864691132611347773
1581,864691132611350845
1582,864691132611352637
1583,864691132611353661
1584,864691132611356989
1585,864691132611357501
1586,864691132611358269
1587,864691132611358525
1588,864691132611359805
1589,864691132611361085
1590,864691132611362877
1591,864691132611363901
1592,864691132611370045
1593,864691132611370557
1594,864691132611372861
1595,864691132611373885
1596,864691132611374653
1597,864691132611376189
1598,864691132611376957
1599,864691132611377213
1600,864691132611379517
1601,864691132611380285
1602,864691132611380541
1603,864691132611384125
1604,864691132611385661
1605,864691132611390269
1606,864691132611392573
1607,864691132611393085
1608,864691132611393597
1609,864691132611395133
1610,864691132611396413
1611,864691132611397181
1612,864691132611400253
1613,864691132611403581
1614,864691132611404861
1615,864691132611406971
1616,864691132611408445
1617,864691132611410237
1618,864691132611411005
1619,864691132611411773
1620,864691132611414333
1621,864691132611419965
1622,864691132611436605
1623,864691132611438715
1624,864691132611440957
1625,864691132611447613
1626,864691132611449661
1627,864691132611452477
1628,864691132611453245
1629,864691132611459133
1630,864691132611461693
1631,864691132611464765
1632,864691132611466813
1633,864691132611473981
1634,864691132611502776
1635,864691132611541371
1636,864691132611569080
1637,864691132611581368
1638,864691132611615277
1639,864691132611625533
1640,864691132611628349
1641,864691132611628605
1642,864691132611630909
1643,864691132611631421
1644,864691132611632189
1645,864691132611639101
1646,864691132611663421
1647,864691132611664957
1648,864691132611665469
1649,864691132611694264
1650,864691132611718584
1651,864691132611889275
1652,864691132611921787
1653,864691132611929979
1654,864691132612140155
1655,864691132612187515
1656,864691132612188283
1657,864691132612260925
1658,864691132612277371
1659,864691132612311931
1660,864691132612317819
1661,864691132612330619
1662,864691132612527635
1663,864691132612589622
1664,864691132612883660
1665,864691132613596726
1666,864691132613961340
1667,864691132613995837
1668,864691132614074941
1669,864691132614079798
1670,864691132614539837
1671,864691132614836285
1672,864691132614909501
1673,864691132614973757
1674,864691132615036989
1675,864691132615220541
1676,864691132615412029
1677,864691132615434721
1678,864691132615462205
1679,864691132615568961
1680,864691132615573057
1681,864691132615579969
1682,864691132615580737
1683,864691132615581249
1684,864691132615582785
1685,864691132615584577
1686,864691132615584833
1687,864691132615588161
1688,864691132615589185
1689,864691132615592001
1690,864691132615595329
1691,864691132615595841
1692,864691132615601473
1693,864691132615604289
1694,864691132615605057
1695,864691132615605313
1696,864691132615606081
1697,864691132615607361
1698,864691132615608385
1699,864691132615608641
1700,864691132615612481
1701,864691132615612993
1702,864691132615613249
1703,864691132615615809
1704,864691132615618113
1705,864691132615621441
1706,864691132615633217
1707,864691132615638337
1708,864691132615639105
1709,864691132615651393
1710,864691132615652161
1711,864691132615655745
1712,864691132615656001
1713,864691132615657025
1714,864691132615657793
1715,864691132615658305
1716,864691132615658817
1717,864691132615660097
1718,864691132615660353
1719,864691132615663937
1720,864691132615666497
1721,864691132615784257
1722,864691132615838529
1723,864691132615842625
1724,864691132615842881
1725,864691132615845185
1726,864691132615846721
1727,864691132615849537
1728,864691132615850817
1729,864691132615854145
1730,864691132615854401
1731,864691132615857473
1732,864691132615857729
1733,864691132615858753
1734,864691132615859009
1735,864691132615860545
1736,864691132615864129
1737,864691132615914458
1738,864691132615915994
1739,864691132615916353
1740,864691132615916506
1741,864691132615918042
1742,864691132615919425
1743,864691132615920346
1744,864691132615924442
1745,864691132615926849
1746,864691132615927770
1747,864691132615928129
1748,864691132615928282
1749,864691132615929665
1750,864691132615934682
1751,864691132615937754
1752,864691132615943898
1753,864691132615945690
1754,864691132615951322
1755,864691132615953882
1756,864691132615954138
1757,864691132615956698
1758,864691132615956954
1759,864691132616024385
1760,864691132616133082
1761,864691132616134106
1762,864691132616135642
1763,864691132616161089
1764,864691132616167642
1765,864691132616168154
1766,864691132616168666
1767,864691132616169178
1768,864691132616170202
1769,864691132616171738
1770,864691132616183514
1771,864691132616183770
1772,864691132616184794
1773,864691132616185050
1774,864691132616627418
1775,864691132616774209
1776,864691132616861639
1777,864691132616862663
1778,864691132616862919
1779,864691132616863175
1780,864691132616863431
1781,864691132616868039
1782,864691132616868295
1783,864691132616874695
1784,864691132616875463
1785,864691132616879559
1786,864691132616880583
1787,864691132616881351
1788,864691132616884423
1789,864691132616884935
1790,864691132616885191
1791,864691132616889287
1792,864691132616889799
1793,864691132616892359
1794,864691132616892871
1795,864691132616894663
1796,864691132616896199
1797,864691132616896967
1798,864691132616899527
1799,864691132616903623
1800,864691132616904903
1801,864691132616908231
1802,864691132616910535
1803,864691132616912071
1804,864691132616912981
1805,864691132616913607
1806,864691132616923335
1807,864691132616924615
1808,864691132616930247
1809,864691132616932295
1810,864691132616932807
1811,864691132616936391
1812,864691132616938695
1813,864691132616940743
1814,864691132616941255
1815,864691132617073351
1816,864691132617074119
1817,864691132617075655
1818,864691132617077191
1819,864691132617078215
1820,864691132617078983
1821,864691132617081287
1822,864691132617081543
1823,864691132617085127
1824,864691132617087175
1825,864691132617087687
1826,864691132617121479
1827,864691132617121991
1828,864691132617123783
1829,864691132617125831
1830,864691132617128391
1831,864691132617471687
1832,864691132617782727
1833,864691132617817306
1834,864691132617824321
1835,864691132617885914
1836,864691132617942081
1837,864691132617967551
1838,864691132617977306
1839,864691132618101415
1840,864691132618132954
1841,864691132618158535
1842,864691132618169306
1843,864691132618256839
1844,864691132618283463
1845,864691132618287807
1846,864691132618306503
1847,864691132618382810
1848,864691132618392538
1849,864691132618575815
1850,864691132618711002
1851,864691132618747354
1852,864691132618803399
1853,864691132618804289
1854,864691132618848730
1855,864691132618890439
1856,864691132618898906
1857,864691132619096129
1858,864691132619121217
1859,864691132619144903
1860,864691132619151998
1861,864691132619165639
1862,864691132619206618
1863,864691132619212865
1864,864691132619319002
1865,864691132619335745
1866,864691132619347265
1867,864691132619450586
1868,864691132619512007
1869,864691132619565255
1870,864691132619894215
1871,864691132619931847
1872,864691132619988411
1873,864691132619991227
1874,864691132619993531
1875,864691132619994043
1876,864691132619995067
1877,864691132619997115
1878,864691132619999163
1879,864691132620002491
1880,864691132620003515
1881,864691132620004283
1882,864691132620008891
1883,864691132620009403
1884,864691132620010427
1885,864691132620013499
1886,864691132620014779
1887,864691132620019387
1888,864691132620021179
1889,864691132620023483
1890,864691132620027067
1891,864691132620029627
1892,864691132620034747
1893,864691132620038331
1894,864691132620039355
1895,864691132620041915
1896,864691132620045755
1897,864691132620048059
1898,864691132620048827
1899,864691132620051643
1900,864691132620057275
1901,864691132620059067
1902,864691132620060091
1903,864691132620061627
1904,864691132620063675
1905,864691132620067771
1906,864691132620145351
1907,864691132620171463
1908,864691132620224699
1909,864691132620228027
1910,864691132620228283
1911,864691132620228539
1912,864691132620231867
1913,864691132620232635
1914,864691132620233403
1915,864691132620235707
1916,864691132620235963
1917,864691132620239291
1918,864691132620241851
1919,864691132620242619
1920,864691132620247995
1921,864691132620249787
1922,864691132620271803
1923,864691132620275387
1924,864691132620275899
1925,864691132620282811
1926,864691132620288955
1927,864691132620289467
1928,864691132620289723
1929,864691132620318151
1930,864691132620375239
1931,864691132620439495
1932,864691132620615106
1933,864691132620777147
1934,864691132620961484
1935,864691132620965836
1936,864691132620966604
1937,864691132620972236
1938,864691132620973772
1939,864691132620976076
1940,864691132620977356
1941,864691132620981196
1942,864691132620984268
1943,864691132620986828
1944,864691132620993228
1945,864691132620998348
1946,864691132620998604
1947,864691132620999628
1948,864691132620999884
1949,864691132621001932
1950,864691132621002444
1951,864691132621003212
1952,864691132621012428
1953,864691132621013452
1954,864691132621017804
1955,864691132621019340
1956,864691132621021644
1957,864691132621030092
1958,864691132621030348
1959,864691132621032396
1960,864691132621033676
1961,864691132621035468
1962,864691132621036236
1963,864691132621037004
1964,864691132621038028
1965,864691132621040588
1966,864691132621041100
1967,864691132621041868
1968,864691132621045196
1969,864691132621111676
1970,864691132621239244
1971,864691132621240524
1972,864691132621242060
1973,864691132621246156
1974,864691132621247948
1975,864691132621251532
1976,864691132621252812
1977,864691132621253068
1978,864691132621256396
1979,864691132621256652
1980,864691132621259212
1981,864691132621264588
1982,864691132621265868
1983,864691132621266380
1984,864691132621267148
1985,864691132621270988
1986,864691132621271756
1987,864691132621273292
1988,864691132621277900
1989,864691132621279180
1990,864691132621291980
1991,864691132621292748
1992,864691132621323468
1993,864691132621328588
1994,864691132621334220
1995,864691132621334988
1996,864691132621335500
1997,864691132621335756
1998,864691132621467095
1999,864691132621535692
2000,864691132621639099
2001,864691132621656258
2002,864691132621662658
2003,864691132621663426
2004,864691132621666242
2005,864691132621668034
2006,864691132621674434
2007,864691132621675458
2008,864691132621675714
2009,864691132621676994
2010,864691132621681858
2011,864691132621684162
2012,864691132621684674
2013,864691132621687490
2014,864691132621687746
2015,864691132621692610
2016,864691132621692866
2017,864691132621693378
2018,864691132621695682
2019,864691132621698242
2020,864691132621699522
2021,864691132621704642
2022,864691132621707202
2023,864691132621707458
2024,864691132621707970
2025,864691132621711554
2026,864691132621715394
2027,864691132621718722
2028,864691132621848514
2029,864691132621849026
2030,864691132621852098
2031,864691132621852610
2032,864691132621853634
2033,864691132621855170
2034,864691132621858242
2035,864691132621861570
2036,864691132621862082
2037,864691132621864130
2038,864691132621895874
2039,864691132621899970
2040,864691132621902530
2041,864691132621902786
2042,864691132621903042
2043,864691132621903298
2044,864691132622217844
2045,864691132622226380
2046,864691132622254267
2047,864691132622424780
2048,864691132622529423
2049,864691132622531983
2050,864691132622537103
2051,864691132622537615
2052,864691132622539919
2053,864691132622540687
2054,864691132622543759
2055,864691132622546063
2056,864691132622547087
2057,864691132622550159
2058,864691132622550927
2059,864691132622551183
2060,864691132622552207
2061,864691132622553743
2062,864691132622553999
2063,864691132622554255
2064,864691132622556303
2065,864691132622558095
2066,864691132622558863
2067,864691132622559375
2068,864691132622560143
2069,864691132622563471
2070,864691132622566799
2071,864691132622568335
2072,864691132622568847
2073,864691132622569103
2074,864691132622569871
2075,864691132622572943
2076,864691132622573455
2077,864691132622573711
2078,864691132622574479
2079,864691132622574735
2080,864691132622580623
2081,864691132622583183
2082,864691132622584719
2083,864691132622584975
2084,864691132622587023
2085,864691132622593423
2086,864691132622596239
2087,864691132622596495
2088,864691132622597519
2089,864691132622599567
2090,864691132622601615
2091,864691132622603407
2092,864691132622603663
2093,864691132622605967
2094,864691132622606479
2095,864691132622615951
2096,864691132622626959
2097,864691132622635407
2098,864691132622637199
2099,864691132622637967
2100,864691132622648463
2101,864691132622794383
2102,864691132622798991
2103,864691132622799247
2104,864691132622803599
2105,864691132622804623
2106,864691132623034767
2107,864691132623086779
2108,864691132623231931
2109,864691132623238587
2110,864691132623276475
2111,864691132623287244
2112,864691132623332283
2113,864691132623350203
2114,864691132623422668
2115,864691132623464396
2116,864691132623473356
2117,864691132623506107
2118,864691132623531963
2119,864691132623553979
2120,864691132623595963
2121,864691132623598530
2122,864691132623602619
2123,864691132623669435
2124,864691132623699148
2125,864691132623832524
2126,864691132623933890
2127,864691132623943372
2128,864691132624036581
2129,864691132624111000
2130,864691132624210063
2131,864691132624258447
2132,864691132624396492
2133,864691132624433304
2134,864691132624433612
2135,864691132624442008
2136,864691132624445388
2137,864691132624450712
2138,864691132624457112
2139,864691132624459416
2140,864691132624459672
2141,864691132624461464
2142,864691132624464280
2143,864691132624465304
2144,864691132624465560
2145,864691132624467352
2146,864691132624468428
2147,864691132624470936
2148,864691132624474776
2149,864691132624475544
2150,864691132624479384
2151,864691132624480408
2152,864691132624480920
2153,864691132624482712
2154,864691132624490648
2155,864691132624494744
2156,864691132624495768
2157,864691132624497048
2158,864691132624498840
2159,864691132624499096
2160,864691132624501400
2161,864691132624502936
2162,864691132624503960
2163,864691132624505240
2164,864691132624507288
2165,864691132624508098
2166,864691132624509644
2167,864691132624513432
2168,864691132624516248
2169,864691132624519064
2170,864691132624519576
2171,864691132624529560
2172,864691132624538828
2173,864691132624542360
2174,864691132624595599
2175,864691132624617676
2176,864691132624618188
2177,864691132624666776
2178,864691132624685004
2179,864691132624707480
2180,864691132624707736
2181,864691132624708504
2182,864691132624708760
2183,864691132624711576
2184,864691132624712088
2185,864691132624756674
2186,864691132624903811
2187,864691132625048984
2188,864691132625119938
2189,864691132625138575
2190,864691132625230488
2191,864691132625389506
2192,864691132625511576
2193,864691132625621400
2194,864691132625660559
2195,864691132625713807
2196,864691132625776783
2197,864691132625777283
2198,864691132625804348
2199,864691132625808444
2200,864691132625810748
2201,864691132625811516
2202,864691132625813052
2203,864691132625815868
2204,864691132625816124
2205,864691132625816636
2206,864691132625817660
2207,864691132625821500
2208,864691132625822524
2209,864691132625823292
2210,864691132625825852
2211,864691132625826876
2212,864691132625827132
2213,864691132625831484
2214,864691132625832508
2215,864691132625832764
2216,864691132625833276
2217,864691132625839932
2218,864691132625841980
2219,864691132625842748
2220,864691132625843260
2221,864691132625843516
2222,864691132625845308
2223,864691132625845820
2224,864691132625846588
2225,864691132625850172
2226,864691132625852476
2227,864691132625854524
2228,864691132625855036
2229,864691132625855804
2230,864691132625857852
2231,864691132625862460
2232,864691132625870396
2233,864691132625870908
2234,864691132625877052
2235,864691132625880636
2236,864691132625885378
2237,864691132625888060
2238,864691132625888828
2239,864691132625892156
2240,864691132625893180
2241,864691132625897020
2242,864691132625901116
2243,864691132625904700
2244,864691132625908028
2245,864691132625908796
2246,864691132625965455
2247,864691132625977538
2248,864691132626004623
2249,864691132626045756
2250,864691132626075791
2251,864691132626086204
2252,864691132626087228
2253,864691132626090300
2254,864691132626091068
2255,864691132626091580
2256,864691132626092860
2257,864691132626093628
2258,864691132626094140
2259,864691132626094396
2260,864691132626095420
2261,864691132626095676
2262,864691132626096444
2263,864691132626096700
2264,864691132626096956
2265,864691132626097724
2266,864691132626098236
2267,864691132626098748
2268,864691132626099772
2269,864691132626099855
2270,864691132626100028
2271,864691132626100540
2272,864691132626101052
2273,864691132626101564
2274,864691132626101820
2275,864691132626102076
2276,864691132626102588
2277,864691132626103356
2278,864691132626123324
2279,864691132626123580
2280,864691132626126908
2281,864691132626127164
2282,864691132626133052
2283,864691132626133820
2284,864691132626134332
2285,864691132626246204
2286,864691132626377624
2287,864691132626576956
2288,864691132626609724
2289,864691132627100824
2290,864691132627184444
2291,864691132627357564
2292,864691132627405372
2293,864691132627468952
2294,864691132627535000
2295,864691132627537304
2296,864691132627571096
2297,864691132627571772
2298,864691132627814204
2299,864691132627862844
2300,864691132628030104
2301,864691132628235160
2302,864691132628235672
2303,864691132628264088
2304,864691132628267928
2305,864691132628300184
2306,864691132628367256
2307,864691132628423833
2308,864691132628521826
2309,864691132628524130
2310,864691132628530786
2311,864691132628531298
2312,864691132628533858
2313,864691132628537442
2314,864691132628543586
2315,864691132628551010
2316,864691132628551778
2317,864691132628554594
2318,864691132628559458
2319,864691132628563298
2320,864691132628571490
2321,864691132628572258
2322,864691132628573794
2323,864691132628574050
2324,864691132628578402
2325,864691132628579426
2326,864691132628581218
2327,864691132628581474
2328,864691132628585058
2329,864691132628586338
2330,864691132628592226
2331,864691132628596322
2332,864691132628597346
2333,864691132628607330
2334,864691132628609634
2335,864691132628611682
2336,864691132628612450
2337,864691132628613986
2338,864691132628617570
2339,864691132628620386
2340,864691132628620898
2341,864691132628624994
2342,864691132628625250
2343,864691132628625762
2344,864691132628626274
2345,864691132628626530
2346,864691132628627810
2347,864691132628628066
2348,864691132628631394
2349,864691132628636258
2350,864691132628671036
2351,864691132628770914
2352,864691132628771938
2353,864691132628778082
2354,864691132628780642
2355,864691132628781922
2356,864691132628782178
2357,864691132628782690
2358,864691132628782946
2359,864691132628783458
2360,864691132628784226
2361,864691132628784738
2362,864691132628786530
2363,864691132628794466
2364,864691132628811106
2365,864691132628814946
2366,864691132628815202
2367,864691132628861500
2368,864691132628862268
2369,864691132628872508
2370,864691132628881724
2371,864691132628936546
2372,864691132628970812
2373,864691132628985279
2374,864691132629042259
2375,864691132629050940
2376,864691132629061948
2377,864691132629074492
2378,864691132629092156
2379,864691132629163836
2380,864691132629171004
2381,864691132629380668
2382,864691132629485372
2383,864691132629552188
2384,864691132629564732
2385,864691132629574972
2386,864691132629610812
2387,864691132629674771
2388,864691132629951021
2389,864691132630011989
2390,864691132630060133
2391,864691132630188854
2392,864691132630510677
2393,864691132631060714
2394,864691132631114082
2395,864691132631140810
2396,864691132631199573
2397,864691132631202389
2398,864691132631204437
2399,864691132631204693
2400,864691132631205973
2401,864691132631206229
2402,864691132631206485
2403,864691132631206741
2404,864691132631209813
2405,864691132631210837
2406,864691132631212373
2407,864691132631214677
2408,864691132631216725
2409,864691132631221077
2410,864691132631221845
2411,864691132631231829
2412,864691132631234146
2413,864691132631236437
2414,864691132631239266
2415,864691132631243605
2416,864691132631245653
2417,864691132631253845
2418,864691132631259221
2419,864691132631299426
2420,864691132631338850
2421,864691132631398229
2422,864691132631448405
2423,864691132631453013
2424,864691132631453781
2425,864691132631455317
2426,864691132631456341
2427,864691132631458133
2428,864691132631461205
2429,864691132631463765
2430,864691132631504738
2431,864691132631507029
2432,864691132631507285
2433,864691132631509845
2434,864691132631513429
2435,864691132631594338
2436,864691132631734114
2437,864691132631892578
2438,864691132631914082
2439,864691132631932514
2440,864691132632103860
2441,864691132632129122
2442,864691132632222306
2443,864691132632303458
2444,864691132633049614
2445,864691132633355188
2446,864691132633513230
2447,864691132633526708
2448,864691132633572366
2449,864691132633750030
2450,864691132633758734
2451,864691132633760526
2452,864691132633761038
2453,864691132633761550
2454,864691132633762574
2455,864691132633765390
2456,864691132633769998
2457,864691132633770766
2458,864691132633773582
2459,864691132633775374
2460,864691132633779470
2461,864691132633779726
2462,864691132633779982
2463,864691132633783566
2464,864691132633784078
2465,864691132633784334
2466,864691132633787150
2467,864691132633792526
2468,864691132633794830
2469,864691132633800206
2470,864691132633801557
2471,864691132633802254
2472,864691132633803303
2473,864691132633803534
2474,864691132633805070
2475,864691132633806094
2476,864691132633806606
2477,864691132633812494
2478,864691132633812750
2479,864691132633813518
2480,864691132633815310
2481,864691132633815822
2482,864691132633822222
2483,864691132633828110
2484,864691132633828366
2485,864691132633828622
2486,864691132633832462
2487,864691132633850663
2488,864691132633850919
2489,864691132633858087
2490,864691132633862695
2491,864691132633863463
2492,864691132633863975
2493,864691132633871399
2494,864691132633873703
2495,864691132633878311
2496,864691132633880615
2497,864691132633884967
2498,864691132633887527
2499,864691132633893671
2500,864691132633900839
2501,864691132633903143
2502,864691132633904167
2503,864691132633904423
2504,864691132633906727
2505,864691132633906983
2506,864691132633907239
2507,864691132633910567
2508,864691132633914919
2509,864691132633915175
2510,864691132633915687
2511,864691132633916455
2512,864691132633919271
2513,864691132633920551
2514,864691132633920807
2515,864691132633922087
2516,864691132633925159
2517,864691132633925927
2518,864691132633926695
2519,864691132633928231
2520,864691132633928743
2521,864691132633934375
2522,864691132633935399
2523,864691132633937191
2524,864691132633939495
2525,864691132633947175
2526,864691132633949479
2527,864691132633949735
2528,864691132633950503
2529,864691132633954599
2530,864691132633954855
2531,864691132633957159
2532,864691132633971470
2533,864691132633974030
2534,864691132633975822
2535,864691132633979662
2536,864691132633981710
2537,864691132633984270
2538,864691132633984782
2539,864691132633987598
2540,864691132633987854
2541,864691132633990158
2542,864691132633995956
2543,864691132634051598
2544,864691132634054158
2545,864691132634057230
2546,864691132634064398
2547,864691132634065678
2548,864691132634066446
2549,864691132634068238
2550,864691132634068494
2551,864691132634121713
2552,864691132634124839
2553,864691132634127089
2554,864691132634127601
2555,864691132634127857
2556,864691132634129393
2557,864691132634131441
2558,864691132634136305
2559,864691132634137639
2560,864691132634139431
2561,864691132634140711
2562,864691132634140967
2563,864691132634141425
2564,864691132634143217
2565,864691132634143729
2566,864691132634146801
2567,864691132634147569
2568,864691132634148849
2569,864691132634158065
2570,864691132634161137
2571,864691132634168817
2572,864691132634169383
2573,864691132634170097
2574,864691132634170609
2575,864691132634170663
2576,864691132634171889
2577,864691132634172711
2578,864691132634173735
2579,864691132634174247
2580,864691132634174503
2581,864691132634176551
2582,864691132634177319
2583,864691132634183548
2584,864691132634186279
2585,864691132634188071
2586,864691132634189863
2587,864691132634207156
2588,864691132634230101
2589,864691132634333937
2590,864691132634334449
2591,864691132634336241
2592,864691132634337265
2593,864691132634344789
2594,864691132634345969
2595,864691132634348885
2596,864691132634381492
2597,864691132634384113
2598,864691132634385393
2599,864691132634387953
2600,864691132634389428
2601,864691132634467342
2602,864691132634470485
2603,864691132634511189
2604,864691132634644053
2605,864691132634645379
2606,864691132634776917
2607,864691132634787598
2608,864691132634886485
2609,864691132634905614
2610,864691132634961393
2611,864691132635250673
2612,864691132635259260
2613,864691132635377283
2614,864691132635476238
2615,864691132635495182
2616,864691132635700263
2617,864691132635738400
2618,864691132635751921
2619,864691132635778855
2620,864691132635865127
2621,864691132635971459
2622,864691132636028199
2623,864691132636195367
2624,864691132636216359
2625,864691132636231950
2626,864691132636256014
2627,864691132636278823
2628,864691132636327207
2629,864691132636337447
2630,864691132636394003
2631,864691132636479473
2632,864691132636524046
2633,864691132636543473
2634,864691132636578855
2635,864691132636610599
2636,864691132636611252
2637,864691132636688679
2638,864691132636696561
2639,864691132636724750
2640,864691132636740337
2641,864691132636769319
2642,864691132636780839
2643,864691132636831015
2644,864691132636886138
2645,864691132636888186
2646,864691132636889978
2647,864691132636891514
2648,864691132636893306
2649,864691132636896634
2650,864691132636897402
2651,864691132636899706
2652,864691132636901242
2653,864691132636901498
2654,864691132636906076
2655,864691132636906791
2656,864691132636909434
2657,864691132636910970
2658,864691132636913759
2659,864691132636918394
2660,864691132636920698
2661,864691132636922490
2662,864691132636922746
2663,864691132636923662
2664,864691132636923770
2665,864691132636924538
2666,864691132636925306
2667,864691132636926074
2668,864691132636927354
2669,864691132636931194
2670,864691132636934778
2671,864691132636937338
2672,864691132636948494
2673,864691132636968231
2674,864691132637016208
2675,864691132637040423
2676,864691132637040679
2677,864691132637077114
2678,864691132637078650
2679,864691132637081210
2680,864691132637089319
2681,864691132637090426
2682,864691132637093242
2683,864691132637094266
2684,864691132637096570
2685,864691132637098362
2686,864691132637100154
2687,864691132637103143
2688,864691132637107953
2689,864691132637112720
2690,864691132637120144
2691,864691132637120400
2692,864691132637121424
2693,864691132637124496
2694,864691132637125264
2695,864691132637128848
2696,864691132637133968
2697,864691132637137296
2698,864691132637138064
2699,864691132637138554
2700,864691132637140112
2701,864691132637140602
2702,864691132637143184
2703,864691132637145232
2704,864691132637146768
2705,864691132637149306
2706,864691132637150352
2707,864691132637150586
2708,864691132637150864
2709,864691132637152656
2710,864691132637155086
2711,864691132637159824
2712,864691132637163920
2713,864691132637164176
2714,864691132637165456
2715,864691132637166736
2716,864691132637169296
2717,864691132637169808
2718,864691132637171600
2719,864691132637174798
2720,864691132637177232
2721,864691132637211431
2722,864691132637217294
2723,864691132637233649
2724,864691132637236209
2725,864691132637258335
2726,864691132637259871
2727,864691132637260127
2728,864691132637261919
2729,864691132637263967
2730,864691132637268319
2731,864691132637268575
2732,864691132637271391
2733,864691132637272159
2734,864691132637272561
2735,864691132637273183
2736,864691132637273695
2737,864691132637273951
2738,864691132637276511
2739,864691132637277023
2740,864691132637278047
2741,864691132637279327
2742,864691132637282143
2743,864691132637285983
2744,864691132637287007
2745,864691132637287519
2746,864691132637288287
2747,864691132637288543
2748,864691132637290335
2749,864691132637292895
2750,864691132637293407
2751,864691132637296735
2752,864691132637296991
2753,864691132637297503
2754,864691132637300368
2755,864691132637300624
2756,864691132637302160
2757,864691132637302928
2758,864691132637303952
2759,864691132637305951
2760,864691132637307743
2761,864691132637308304
2762,864691132637310864
2763,864691132637311120
2764,864691132637311888
2765,864691132637312095
2766,864691132637316703
2767,864691132637321567
2768,864691132637323871
2769,864691132637346704
2770,864691132637347216
2771,864691132637350032
2772,864691132637350897
2773,864691132637352080
2774,864691132637359857
2775,864691132637360528
2776,864691132637376656
2777,864691132637404657
2778,864691132637484127
2779,864691132637485151
2780,864691132637486175
2781,864691132637487455
2782,864691132637489247
2783,864691132637489503
2784,864691132637491551
2785,864691132637491807
2786,864691132637495135
2787,864691132637496927
2788,864691132637497439
2789,864691132637508191
2790,864691132637509471
2791,864691132637513567
2792,864691132637517407
2793,864691132637517663
2794,864691132637517919
2795,864691132637518175
2796,864691132637519455
2797,864691132637520735
2798,864691132637520991
2799,864691132637523807
2800,864691132637524063
2801,864691132637525855
2802,864691132637528671
2803,864691132637529183
2804,864691132637529695
2805,864691132637530975
2806,864691132637532767
2807,864691132637533535
2808,864691132637533791
2809,864691132637552735
2810,864691132637557599
2811,864691132637563487
2812,864691132637568634
2813,864691132637575665
2814,864691132637595536
2815,864691132637628657
2816,864691132637683697
2817,864691132637688520
2818,864691132637688817
2819,864691132637691633
2820,864691132637707761
2821,864691132637723280
2822,864691132637766324
2823,864691132637802106
2824,864691132637818975
2825,864691132637819958
2826,864691132637826740
2827,864691132637862836
2828,864691132637913466
2829,864691132637945744
2830,864691132638045364
2831,864691132638103391
2832,864691132638116959
2833,864691132638121055
2834,864691132638157200
2835,864691132638376415
2836,864691132638420575
2837,864691132638434740
2838,864691132638498655
2839,864691132638518138
2840,864691132638586583
2841,864691132638633594
2842,864691132638639284
2843,864691132638676319
2844,864691132638702714
2845,864691132638754143
2846,864691132638808159
2847,864691132638815120
2848,864691132638827642
2849,864691132638894943
2850,864691132638920287
2851,864691132638934384
2852,864691132638957968
2853,864691132638969951
2854,864691132639020979
2855,864691132639031094
2856,864691132639041631
2857,864691132639076474
2858,864691132639110495
2859,864691132639162292
2860,864691132639236240
2861,864691132639238266
2862,864691132639241382
2863,864691132639244710
2864,864691132639245478
2865,864691132639248294
2866,864691132639248806
2867,864691132639249830
2868,864691132639250086
2869,864691132639254906
2870,864691132639255462
2871,864691132639256486
2872,864691132639259046
2873,864691132639259302
2874,864691132639263398
2875,864691132639263910
2876,864691132639265958
2877,864691132639266982
2878,864691132639281574
2879,864691132639282854
2880,864691132639283366
2881,864691132639288486
2882,864691132639291558
2883,864691132639294118
2884,864691132639295910
2885,864691132639308198
2886,864691132639308454
2887,864691132639368336
2888,864691132639466618
2889,864691132639468966
2890,864691132639472294
2891,864691132639478950
2892,864691132639496314
2893,864691132639516582
2894,864691132639519910
2895,864691132639522726
2896,864691132639529638
2897,864691132639533478
2898,864691132639533734
2899,864691132639537574
2900,864691132639539878
2901,864691132639540390
2902,864691132639541414
2903,864691132639542928
2904,864691132639577978
2905,864691132639591802
2906,864691132639615583
2907,864691132639628455
2908,864691132639642022
2909,864691132639645328
2910,864691132639689311
2911,864691132639701343
2912,864691132639719348
2913,864691132639722406
2914,864691132639770490
2915,864691132639816543
2916,864691132639855248
2917,864691132639891367
2918,864691132639892646
2919,864691132639920016
2920,864691132639921808
2921,864691132639972959
2922,864691132639981994
2923,864691132639983967
2924,864691132639985588
2925,864691132639986320
2926,864691132639986576
2927,864691132640005471
2928,864691132640069520
2929,864691132640078175
2930,864691132640086442
2931,864691132640111994
2932,864691132640129716
2933,864691132640135802
2934,864691132640183647
2935,864691132640188511
2936,864691132640196191
2937,864691132640203130
2938,864691132640213087
2939,864691132640228218
2940,864691132640230800
2941,864691132640236127
2942,864691132640277648
2943,864691132640277855
2944,864691132640301456
2945,864691132640304784
2946,864691132640337808
2947,864691132640359802
2948,864691132640381862
2949,864691132640415098
2950,864691132640418170
2951,864691132640435551
2952,864691132640435578
2953,864691132640439162
2954,864691132640450426
2955,864691132640466015
2956,864691132640466554
2957,864691132640474292
2958,864691132640488570
2959,864691132640492454
2960,864691132640517030
2961,864691132640525151
2962,864691132640536698
2963,864691132640538975
2964,864691132640546399
2965,864691132640552826
2966,864691132640561759
2967,864691132640575583
2968,864691132640577119
2969,864691132640590202
2970,864691132640591226
2971,864691132640622736
2972,864691132640674960
2973,864691132640852624
2974,864691132640864400
2975,864691132640871604
2976,864691132640957072
2977,864691132641064848
2978,864691132641087910
2979,864691132641105206
2980,864691132641110838
2981,864691132641111350
2982,864691132641112886
2983,864691132641113910
2984,864691132641114422
2985,864691132641115190
2986,864691132641117750
2987,864691132641120822
2988,864691132641122358
2989,864691132641122614
2990,864691132641123894
2991,864691132641128758
2992,864691132641129014
2993,864691132641132854
2994,864691132641133110
2995,864691132641134134
2996,864691132641135158
2997,864691132641135414
2998,864691132641135670
2999,864691132641136182
3000,864691132641136438
3001,864691132641138742
3002,864691132641139254
3003,864691132641140534
3004,864691132641141558
3005,864691132641144886
3006,864691132641146934
3007,864691132641150518
3008,864691132641153846
3009,864691132641155638
3010,864691132641158966
3011,864691132641164086
3012,864691132641164854
3013,864691132641166646
3014,864691132641167670
3015,864691132641173558
3016,864691132641174326
3017,864691132641179302
3018,864691132641181238
3019,864691132641183542
3020,864691132641190966
3021,864691132641192758
3022,864691132641353014
3023,864691132641359158
3024,864691132641361718
3025,864691132641363510
3026,864691132641363766
3027,864691132641365302
3028,864691132641367350
3029,864691132641368118
3030,864691132641369398
3031,864691132641398838
3032,864691132641401654
3033,864691132641402678
3034,864691132641434298
3035,864691132641484454
3036,864691132641576358
3037,864691132641724470
3038,864691132641736122
3039,864691132641815738
3040,864691132641818554
3041,864691132641819578
3042,864691132641823674
3043,864691132641824954
3044,864691132641828794
3045,864691132641832122
3046,864691132641832378
3047,864691132641832614
3048,864691132641833402
3049,864691132641836986
3050,864691132641839034
3051,864691132641840314
3052,864691132641844154
3053,864691132641845178
3054,864691132641845946
3055,864691132641846970
3056,864691132641848762
3057,864691132641849018
3058,864691132641849530
3059,864691132641851834
3060,864691132641875622
3061,864691132641963706
3062,864691132641964986
3063,864691132641967546
3064,864691132641969082
3065,864691132642002106
3066,864691132642002618
3067,864691132642004666
3068,864691132642007482
3069,864691132642010554
3070,864691132642100390
3071,864691132642167988
3072,864691132642185130
3073,864691132642195636
3074,864691132642203006
3075,864691132642207358
3076,864691132642208894
3077,864691132642211966
3078,864691132642213758
3079,864691132642219134
3080,864691132642222462
3081,864691132642227582
3082,864691132642230142
3083,864691132642230654
3084,864691132642232446
3085,864691132642239614
3086,864691132642241662
3087,864691132642243710
3088,864691132642244734
3089,864691132642246014
3090,864691132642247038
3091,864691132642249598
3092,864691132642250622
3093,864691132642253110
3094,864691132642255998
3095,864691132642260350
3096,864691132642261630
3097,864691132642263206
3098,864691132642263422
3099,864691132642264190
3100,864691132642270078
3101,864691132642273150
3102,864691132642277502
3103,864691132642281086
3104,864691132642283134
3105,864691132642291582
3106,864691132642293118
3107,864691132642294142
3108,864691132642296958
3109,864691132642301054
3110,864691132642308734
3111,864691132642438270
3112,864691132642442366
3113,864691132642444926
3114,864691132642453118
3115,864691132642455934
3116,864691132642457214
3117,864691132642457726
3118,864691132642468478
3119,864691132642469758
3120,864691132642473342
3121,864691132642474110
3122,864691132642474878
3123,864691132642478462
3124,864691132642479230
3125,864691132642479998
3126,864691132642480766
3127,864691132642481022
3128,864691132642494374
3129,864691132642500518
3130,864691132642519974
3131,864691132642520446
3132,864691132642521470
3133,864691132642522278
3134,864691132642525054
3135,864691132642530942
3136,864691132642531454
3137,864691132642535294
3138,864691132642535806
3139,864691132642555190
3140,864691132642555828
3141,864691132642585786
3142,864691132642718528
3143,864691132642899510
3144,864691132642915966
3145,864691132643019194
3146,864691132643073846
3147,864691132643299382
3148,864691132643317046
3149,864691132643381360
3150,864691132643382070
3151,864691132643388470
3152,864691132643395894
3153,864691132643455798
3154,864691132643584822
3155,864691132643615798
3156,864691132643646518
3157,864691132643827510
3158,864691132644101942
3159,864691132644124286
3160,864691132644141754
3161,864691132644174134
3162,864691132644192310
3163,864691132644290102
3164,864691132644303290
3165,864691132644312908
3166,864691132644313676
3167,864691132644319052
3168,864691132644320332
3169,864691132644324150
3170,864691132644325196
3171,864691132644330572
3172,864691132644332108
3173,864691132644332620
3174,864691132644333388
3175,864691132644339020
3176,864691132644340556
3177,864691132644344140
3178,864691132644344908
3179,864691132644345654
3180,864691132644346700
3181,864691132644347468
3182,864691132644350284
3183,864691132644356428
3184,864691132644357708
3185,864691132644358476
3186,864691132644358732
3187,864691132644364620
3188,864691132644368972
3189,864691132644373836
3190,864691132644377420
3191,864691132644379980
3192,864691132644380236
3193,864691132644384698
3194,864691132644388172
3195,864691132644390732
3196,864691132644397644
3197,864691132644399180
3198,864691132644406348
3199,864691132644418228
3200,864691132644428086
3201,864691132644463926
3202,864691132644477750
3203,864691132644546686
3204,864691132644561484
3205,864691132644563532
3206,864691132644564812
3207,864691132644567094
3208,864691132644567628
3209,864691132644571322
3210,864691132644581306
3211,864691132644590924
3212,864691132644591948
3213,864691132644592460
3214,864691132644596300
3215,864691132644601164
3216,864691132644605260
3217,864691132644606028
3218,864691132644655034
3219,864691132644668470
3220,864691132644668982
3221,864691132644681526
3222,864691132644727166
3223,864691132644759476
3224,864691132644849338
3225,864691132644904378
3226,864691132645005438
3227,864691132645028538
3228,864691132645066230
3229,864691132645136826
3230,864691132645155770
3231,864691132645200826
3232,864691132645209268
3233,864691132645223866
3234,864691132645224062
3235,864691132645263692
3236,864691132645297594
3237,864691132645308542
3238,864691132645336506
3239,864691132645382270
3240,864691132645410746
3241,864691132645423486
3242,864691132645425082
3243,864691132645502334
3244,864691132645512318
3245,864691132645524862
3246,864691132645534334
3247,864691132645779070
3248,864691132645810346
3249,864691132645815255
3250,864691132645847422
3251,864691132645848958
3252,864691132645983308
3253,864691132646149543
3254,864691132646197580
3255,864691132646333610
3256,864691132646414503
3257,864691132646416039
3258,864691132646417575
3259,864691132646418855
3260,864691132646420903
3261,864691132646423719
3262,864691132646424999
3263,864691132646427303
3264,864691132646428839
3265,864691132646429863
3266,864691132646430887
3267,864691132646439847
3268,864691132646440103
3269,864691132646442151
3270,864691132646443687
3271,864691132646444711
3272,864691132646447015
3273,864691132646450087
3274,864691132646452391
3275,864691132646456743
3276,864691132646469799
3277,864691132646472359
3278,864691132646474151
3279,864691132646475431
3280,864691132646479527
3281,864691132646480295
3282,864691132646482252
3283,864691132646482599
3284,864691132646487975
3285,864691132646488231
3286,864691132646490791
3287,864691132646493863
3288,864691132646498740
3289,864691132646500519
3290,864691132646502823
3291,864691132646504103
3292,864691132646533196
3293,864691132646647220
3294,864691132646693031
3295,864691132646695335
3296,864691132646696103
3297,864691132646698663
3298,864691132646730407
3299,864691132646733479
3300,864691132646792780
3301,864691132646861132
3302,864691132646897484
3303,864691132646903628
3304,864691132646949196
3305,864691132647065932
3306,864691132647217831
3307,864691132647365452
3308,864691132647377575
3309,864691132647394471
3310,864691132647414708
3311,864691132647428788
3312,864691132647533132
3313,864691132647633228
3314,864691132647670951
3315,864691132647686311
3316,864691132647778484
3317,864691132647854260
3318,864691132647973287
3319,864691132648400551
3320,864691132648510375
3321,864691132648726183
3322,864691132648828071
3323,864691132648941479
3324,864691132649053095
3325,864691132649075113
3326,864691132649154471
3327,864691132649171623
3328,864691132649202343
3329,864691132649472935
3330,864691132649482663
3331,864691132649504935
3332,864691132649515687
3333,864691132649539799
3334,864691132649560487
3335,864691132649695924
3336,864691132649736359
3337,864691132649780734
3338,864691132649826228
3339,864691132649950119
3340,864691132649974951
3341,864691132650046119
3342,864691132650054823
3343,864691132650071207
3344,864691132650732147
3345,864691132650734707
3346,864691132650738035
3347,864691132650741875
3348,864691132650744435
3349,864691132650745203
3350,864691132650749299
3351,864691132650750579
3352,864691132650751347
3353,864691132650759795
3354,864691132650760051
3355,864691132650761075
3356,864691132650769523
3357,864691132650770035
3358,864691132650937203
3359,864691132650937459
3360,864691132650937715
3361,864691132650943603
3362,864691132650946163
3363,864691132650946675
3364,864691132650947699
3365,864691132650952819
3366,864691132650953331
3367,864691132650955635
3368,864691132650957171
3369,864691132650957427
3370,864691132650958451
3371,864691132650958707
3372,864691132650960499
3373,864691132650961267
3374,864691132650961523
3375,864691132650962291
3376,864691132650962803
3377,864691132650963315
3378,864691132650963827
3379,864691132650964595
3380,864691132650964851
3381,864691132650965619
3382,864691132650965875
3383,864691132650967155
3384,864691132650968691
3385,864691132650970995
3386,864691132651006835
3387,864691132651007859
3388,864691132651018099
3389,864691132651019635
3390,864691132651020403
3391,864691132651531945
3392,864691132651635647
3393,864691132651730291
3394,864691132651734708
3395,864691132651791219
3396,864691132651877002
3397,864691132651890229
3398,864691132652052083
3399,864691132652121715
3400,864691132652298099
3401,864691132652493683
3402,864691132653098420
3403,864691132653310579
3404,864691132653417334
3405,864691132653417846
3406,864691132653426806
3407,864691132653427062
3408,864691132653429366
3409,864691132653429622
3410,864691132653436022
3411,864691132653437558
3412,864691132653441654
3413,864691132653445494
3414,864691132653446006
3415,864691132653446262
3416,864691132653446774
3417,864691132653448054
3418,864691132653448822
3419,864691132653451126
3420,864691132653452406
3421,864691132653455222
3422,864691132653455990
3423,864691132653463926
3424,864691132653469911
3425,864691132653471447
3426,864691132653471862
3427,864691132653474422
3428,864691132653475446
3429,864691132653476055
3430,864691132653476823
3431,864691132653477847
3432,864691132653478262
3433,864691132653478615
3434,864691132653479895
3435,864691132653480663
3436,864691132653482358
3437,864691132653483735
3438,864691132653488599
3439,864691132653488855
3440,864691132653490391
3441,864691132653490903
3442,864691132653492342
3443,864691132653496535
3444,864691132653496791
3445,864691132653499251
3446,864691132653499863
3447,864691132653500119
3448,864691132653502067
3449,864691132653506775
3450,864691132653507287
3451,864691132653508311
3452,864691132653514967
3453,864691132653517783
3454,864691132653519063
3455,864691132653629043
3456,864691132653629558
3457,864691132653636214
3458,864691132653644406
3459,864691132653645942
3460,864691132653667187
3461,864691132653672663
3462,864691132653674455
3463,864691132653677015
3464,864691132653679831
3465,864691132653680087
3466,864691132653681111
3467,864691132653682135
3468,864691132653683927
3469,864691132653688279
3470,864691132653688535
3471,864691132653689303
3472,864691132653690839
3473,864691132653691863
3474,864691132653695350
3475,864691132653695447
3476,864691132653697239
3477,864691132653697495
3478,864691132653698519
3479,864691132653699031
3480,864691132653699799
3481,864691132653702003
3482,864691132653706102
3483,864691132653706358
3484,864691132653708406
3485,864691132653708918
3486,864691132653709174
3487,864691132653713270
3488,864691132653714038
3489,864691132653715059
3490,864691132653715574
3491,864691132653729772
3492,864691132653733356
3493,864691132653733612
3494,864691132653735404
3495,864691132653738988
3496,864691132653739756
3497,864691132653741804
3498,864691132653743596
3499,864691132653744620
3500,864691132653745900
3501,864691132653748460
3502,864691132653750252
3503,864691132653750508
3504,864691132653755116
3505,864691132653758956
3506,864691132653762796
3507,864691132653764588
3508,864691132653770199
3509,864691132653771244
3510,864691132653773292
3511,864691132653773527
3512,864691132653779692
3513,864691132653780183
3514,864691132653780204
3515,864691132653781719
3516,864691132653781996
3517,864691132653783292
3518,864691132653783804
3519,864691132653784432
3520,864691132653785712
3521,864691132653787628
3522,864691132653787900
3523,864691132653789808
3524,864691132653790700
3525,864691132653790956
3526,864691132653791212
3527,864691132653791600
3528,864691132653792508
3529,864691132653792880
3530,864691132653793004
3531,864691132653795052
3532,864691132653795184
3533,864691132653795696
3534,864691132653797100
3535,864691132653797116
3536,864691132653797884
3537,864691132653800444
3538,864691132653801980
3539,864691132653803376
3540,864691132653804284
3541,864691132653808892
3542,864691132653809916
3543,864691132653810684
3544,864691132653811964
3545,864691132653812080
3546,864691132653813244
3547,864691132653814640
3548,864691132653816688
3549,864691132653816828
3550,864691132653818995
3551,864691132653819132
3552,864691132653819388
3553,864691132653819760
3554,864691132653822320
3555,864691132653823740
3556,864691132653823856
3557,864691132653824112
3558,864691132653824508
3559,864691132653825532
3560,864691132653825904
3561,864691132653826812
3562,864691132653827440
3563,864691132653827696
3564,864691132653827836
3565,864691132653828720
3566,864691132653829232
3567,864691132653831932
3568,864691132653834748
3569,864691132653835516
3570,864691132653836656
3571,864691132653837936
3572,864691132653838588
3573,864691132653842288
3574,864691132653843568
3575,864691132653844848
3576,864691132653845500
3577,864691132653847664
3578,864691132653847804
3579,864691132653849200
3580,864691132653850876
3581,864691132653851248
3582,864691132653853552
3583,864691132653855344
3584,864691132653858416
3585,864691132653860976
3586,864691132653863280
3587,864691132653865212
3588,864691132653865724
3589,864691132653866236
3590,864691132653867260
3591,864691132653867888
3592,864691132653868796
3593,864691132653869424
3594,864691132653873264
3595,864691132653873776
3596,864691132653875056
3597,864691132653875312
3598,864691132653875964
3599,864691132653878384
3600,864691132653878387
3601,864691132653878896
3602,864691132653881456
3603,864691132653883248
3604,864691132653885296
3605,864691132653889904
3606,864691132653890160
3607,864691132653896684
3608,864691132653898096
3609,864691132653901424
3610,864691132653905520
3611,864691132653907568
3612,864691132653908592
3613,864691132653910384
3614,864691132653914224
3615,864691132653916528
3616,864691132653918320
3617,864691132653918832
3618,864691132653922672
3619,864691132653924464
3620,864691132653925235
3621,864691132653927539
3622,864691132653928819
3623,864691132653931376
3624,864691132653932144
3625,864691132653936496
3626,864691132653937520
3627,864691132653938544
3628,864691132653948652
3629,864691132653953004
3630,864691132653960172
3631,864691132653961452
3632,864691132653963500
3633,864691132653964524
3634,864691132653969132
3635,864691132653972460
3636,864691132653973996
3637,864691132653974252
3638,864691132653976300
3639,864691132653977580
3640,864691132653977971
3641,864691132653978092
3642,864691132653979116
3643,864691132653984492
3644,864691132653989612
3645,864691132654001623
3646,864691132654012652
3647,864691132654014700
3648,864691132654015212
3649,864691132654016492
3650,864691132654021356
3651,864691132654027004
3652,864691132654028028
3653,864691132654028284
3654,864691132654031100
3655,864691132654034156
3656,864691132654060796
3657,864691132654062332
3658,864691132654064892
3659,864691132654065660
3660,864691132654066684
3661,864691132654067964
3662,864691132654070012
3663,864691132654070268
3664,864691132654106742
3665,864691132654115184
3666,864691132654116208
3667,864691132654116720
3668,864691132654122864
3669,864691132654130035
3670,864691132654133616
3671,864691132654136791
3672,864691132654150256
3673,864691132654150768
3674,864691132654152560
3675,864691132654153328
3676,864691132654153584
3677,864691132654154096
3678,864691132654154864
3679,864691132654155376
3680,864691132654155632
3681,864691132654155891
3682,864691132654156144
3683,864691132654156656
3684,864691132654157680
3685,864691132654158192
3686,864691132654159472
3687,864691132654161008
3688,864691132654161891
3689,864691132654162032
3690,864691132654162915
3691,864691132654166243
3692,864691132654166384
3693,864691132654167523
3694,864691132654167664
3695,864691132654168176
3696,864691132654168291
3697,864691132654168688
3698,864691132654169315
3699,864691132654170224
3700,864691132654171107
3701,864691132654172016
3702,864691132654172528
3703,864691132654174320
3704,864691132654174576
3705,864691132654175088
3706,864691132654175600
3707,864691132654175856
3708,864691132654176112
3709,864691132654176227
3710,864691132654176880
3711,864691132654176995
3712,864691132654177251
3713,864691132654177648
3714,864691132654177763
3715,864691132654177904
3716,864691132654178416
3717,864691132654178531
3718,864691132654179952
3719,864691132654180976
3720,864691132654181232
3721,864691132654181488
3722,864691132654181859
3723,864691132654182000
3724,864691132654182115
3725,864691132654182371
3726,864691132654182883
3727,864691132654184163
3728,864691132654186211
3729,864691132654186723
3730,864691132654186979
3731,864691132654187235
3732,864691132654187516
3733,864691132654188771
3734,864691132654189027
3735,864691132654190307
3736,864691132654192099
3737,864691132654192355
3738,864691132654193891
3739,864691132654194147
3740,864691132654195171
3741,864691132654195939
3742,864691132654196451
3743,864691132654197987
3744,864691132654198755
3745,864691132654199267
3746,864691132654201715
3747,864691132654202339
3748,864691132654204387
3749,864691132654204531
3750,864691132654204899
3751,864691132654205667
3752,864691132654205923
3753,864691132654206435
3754,864691132654206691
3755,864691132654208483
3756,864691132654208739
3757,864691132654209763
3758,864691132654210275
3759,864691132654212067
3760,864691132654212579
3761,864691132654213603
3762,864691132654214371
3763,864691132654214627
3764,864691132654214883
3765,864691132654215139
3766,864691132654215395
3767,864691132654215907
3768,864691132654216931
3769,864691132654219491
3770,864691132654222051
3771,864691132654223843
3772,864691132654224867
3773,864691132654225891
3774,864691132654226147
3775,864691132654229219
3776,864691132654229987
3777,864691132654230499
3778,864691132654234083
3779,864691132654236387
3780,864691132654242787
3781,864691132654243699
3782,864691132654245859
3783,864691132654248419
3784,864691132654248931
3785,864691132654249955
3786,864691132654254051
3787,864691132654371014
3788,864691132654371526
3789,864691132654374342
3790,864691132654378438
3791,864691132654379718
3792,864691132654384582
3793,864691132654385094
3794,864691132654385350
3795,864691132654390214
3796,864691132654391238
3797,864691132654392262
3798,864691132654393030
3799,864691132654394054
3800,864691132654396870
3801,864691132654397126
3802,864691132654399686
3803,864691132654401222
3804,864691132654401990
3805,864691132654404294
3806,864691132654410950
3807,864691132654412742
3808,864691132654414534
3809,864691132654419142
3810,864691132654420166
3811,864691132654421702
3812,864691132654422214
3813,864691132654425542
3814,864691132654426054
3815,864691132654426566
3816,864691132654430406
3817,864691132654431942
3818,864691132654432995
3819,864691132654433478
3820,864691132654433734
3821,864691132654435526
3822,864691132654437091
3823,864691132654437859
3824,864691132654443244
3825,864691132654443974
3826,864691132654447814
3827,864691132654454214
3828,864691132654455238
3829,864691132654455750
3830,864691132654470883
3831,864691132654471395
3832,864691132654472675
3833,864691132654475235
3834,864691132654477539
3835,864691132654488291
3836,864691132654497251
3837,864691132654497763
3838,864691132654498531
3839,864691132654499299
3840,864691132654500579
3841,864691132654502627
3842,864691132654502883
3843,864691132654503395
3844,864691132654504245
3845,864691132654504419
3846,864691132654505187
3847,864691132654508771
3848,864691132654509027
3849,864691132654509283
3850,864691132654512611
3851,864691132654524784
3852,864691132654555510
3853,864691132654588852
3854,864691132654591740
3855,864691132654629847
3856,864691132654647238
3857,864691132654649542
3858,864691132654651846
3859,864691132654652614
3860,864691132654653382
3861,864691132654653638
3862,864691132654654662
3863,864691132654658264
3864,864691132654659032
3865,864691132654663640
3866,864691132654666694
3867,864691132654667462
3868,864691132654668230
3869,864691132654670534
3870,864691132654670808
3871,864691132654671576
3872,864691132654671832
3873,864691132654675160
3874,864691132654680024
3875,864691132654682072
3876,864691132654682584
3877,864691132654682804
3878,864691132654682839
3879,864691132654683352
3880,864691132654688472
3881,864691132654691836
3882,864691132654700760
3883,864691132654701784
3884,864691132654702040
3885,864691132654703832
3886,864691132654705862
3887,864691132654709958
3888,864691132654713286
3889,864691132654744694
3890,864691132654789574
3891,864691132654848728
3892,864691132654851032
3893,864691132654851544
3894,864691132654854360
3895,864691132654856152
3896,864691132654857176
3897,864691132654860760
3898,864691132654861272
3899,864691132654861528
3900,864691132654866904
3901,864691132654867672
3902,864691132654868696
3903,864691132654869208
3904,864691132654870488
3905,864691132654872536
3906,864691132654874584
3907,864691132654879448
3908,864691132654883800
3909,864691132654884312
3910,864691132654885080
3911,864691132654888920
3912,864691132654928344
3913,864691132655042556
3914,864691132655055028
3915,864691132655055984
3916,864691132655164387
3917,864691132655190726
3918,864691132655193303
3919,864691132655265398
3920,864691132655273013
3921,864691132655303640
3922,864691132655311996
3923,864691132655428824
3924,864691132655436003
3925,864691132655489990
3926,864691132655529396
3927,864691132655544291
3928,864691132655548140
3929,864691132655615351
3930,864691132655616375
3931,864691132655619703
3932,864691132655625079
3933,864691132655630967
3934,864691132655632503
3935,864691132655633271
3936,864691132655634807
3937,864691132655636087
3938,864691132655637367
3939,864691132655640183
3940,864691132655646583
3941,864691132655650935
3942,864691132655652983
3943,864691132655657591
3944,864691132655661175
3945,864691132655661431
3946,864691132655662455
3947,864691132655668855
3948,864691132655670391
3949,864691132655670903
3950,864691132655673975
3951,864691132655674743
3952,864691132655682679
3953,864691132655683447
3954,864691132655685239
3955,864691132655688055
3956,864691132655689591
3957,864691132655690615
3958,864691132655692406
3959,864691132655695479
3960,864691132655695735
3961,864691132655697783
3962,864691132655702391
3963,864691132655704951
3964,864691132655707255
3965,864691132655712375
3966,864691132655713143
3967,864691132655713399
3968,864691132655729367
3969,864691132655791478
3970,864691132655807192
3971,864691132655850988
3972,864691132655860087
3973,864691132655866231
3974,864691132655871095
3975,864691132655873516
3976,864691132655873788
3977,864691132655874423
3978,864691132655909751
3979,864691132655910775
3980,864691132655912055
3981,864691132655915500
3982,864691132655935094
3983,864691132655945642
3984,864691132655955831
3985,864691132656035958
3986,864691132656045564
3987,864691132656061876
3988,864691132656077271
3989,864691132656158618
3990,864691132656184316
3991,864691132656189302
3992,864691132656213228
3993,864691132656217304
3994,864691132656220528
3995,864691132656241783
3996,864691132656290263
3997,864691132656301430
3998,864691132656309208
3999,864691132656309464
4000,864691132656314604
4001,864691132656318972
4002,864691132656327030
4003,864691132656365254
4004,864691132656370684
4005,864691132656372951
4006,864691132656399832
4007,864691132656412924
4008,864691132656416764
4009,864691132656468476
4010,864691132656469207
4011,864691132656470646
4012,864691132656471000
4013,864691132656484348
4014,864691132656493539
4015,864691132656548092
4016,864691132656564460
4017,864691132656566243
4018,864691132656581750
4019,864691132656588735
4020,864691132656618732
4021,864691132656659692
4022,864691132656660716
4023,864691132656731760
4024,864691132656737142
4025,864691132656770775
4026,864691132656786924
4027,864691132656789622
4028,864691132656822390
4029,864691132656833398
4030,864691132656837062
4031,864691132656851318
4032,864691132656860887
4033,864691132656887494
4034,864691132656891078
4035,864691132656920688
4036,864691132656931952
4037,864691132656948678
4038,864691132656953524
4039,864691132656963696
4040,864691132656970476
4041,864691132656986054
4042,864691132656990679
4043,864691132657027820
4044,864691132657040108
4045,864691132657062396
4046,864691132657072108
4047,864691132657075056
4048,864691132657078764
4049,864691132657093336
4050,864691132657097584
4051,864691132657100284
4052,864691132657123555
4053,864691132657125830
4054,864691132657132780
4055,864691132657137660
4056,864691132657163516
4057,864691132657166039
4058,864691132657175532
4059,864691132657187811
4060,864691132657193926
4061,864691132657194723
4062,864691132657197015
4063,864691132657202391
4064,864691132657207804
4065,864691132657208432
4066,864691132657230828
4067,864691132657234147
4068,864691132657237208
4069,864691132657239788
4070,864691132657246460
4071,864691132657267765
4072,864691132657282758
4073,864691132657296355
4074,864691132657306480
4075,864691132657310918
4076,864691132657325795
4077,864691132657331824
4078,864691132657334896
4079,864691132657335768
4080,864691132657346028
4081,864691132657358772
4082,864691132657376436
4083,864691132657377962
4084,864691132657380323
4085,864691132657389016
4086,864691132657393094
4087,864691132657405667
4088,864691132657411299
4089,864691132657413812
4090,864691132657416151
4091,864691132657424867
4092,864691132657429702
4093,864691132657437676
4094,864691132657453687
4095,864691132657482476
4096,864691132657487413
4097,864691132657503980
4098,864691132657509868
4099,864691132657515736
4100,864691132657524963
4101,864691132657530092
4102,864691132657561901
4103,864691132657568309
4104,864691132657572588
4105,864691132657579532
4106,864691132657581766
4107,864691132657585271
4108,864691132657586374
4109,864691132657595363
4110,864691132657596899
4111,864691132657599174
4112,864691132657617385
4113,864691132657625560
4114,864691132657652963
4115,864691132657667288
4116,864691132657678060
4117,864691132657686982
4118,864691132657689315
4119,864691132657694444
4120,864691132657696748
4121,864691132657708341
4122,864691132657715308
4123,864691132657720500
4124,864691132657723352
4125,864691132657737013
4126,864691132657743796
4127,864691132657772003
4128,864691132657778403
4129,864691132657789303
4130,864691132657790424
4131,864691132657809624
4132,864691132657839320
4133,864691132657841624
4134,864691132657874857
4135,864691132657875369
4136,864691132657876393
4137,864691132657879465
4138,864691132657882072
4139,864691132657882793
4140,864691132657883049
4141,864691132657883817
4142,864691132657884585
4143,864691132657885865
4144,864691132657886889
4145,864691132657887145
4146,864691132657887430
4147,864691132657887913
4148,864691132657888169
4149,864691132657889961
4150,864691132657892521
4151,864691132657897385
4152,864691132657907113
4153,864691132657907416
4154,864691132657908137
4155,864691132657908393
4156,864691132657912745
4157,864691132657915049
4158,864691132657915561
4159,864691132657917865
4160,864691132657919145
4161,864691132657925545
4162,864691132657926057
4163,864691132657927337
4164,864691132657930153
4165,864691132657931945
4166,864691132657933993
4167,864691132657938601
4168,864691132657940137
4169,864691132657945001
4170,864691132657950121
4171,864691132657950633
4172,864691132657951401
4173,864691132657952169
4174,864691132657958569
4175,864691132657960361
4176,864691132657960617
4177,864691132657964457
4178,864691132657965225
4179,864691132657965510
4180,864691132657967017
4181,864691132657972137
4182,864691132657979049
4183,864691132657980329
4184,864691132657983913
4185,864691132657985449
4186,864691132657988777
4187,864691132657989033
4188,864691132657991593
4189,864691132657992105
4190,864691132657992361
4191,864691132657992823
4192,864691132657994153
4193,864691132657997481
4194,864691132657998249
4195,864691132658001833
4196,864691132658004422
4197,864691132658004649
4198,864691132658005929
4199,864691132658005958
4200,864691132658010281
4201,864691132658024873
4202,864691132658025129
4203,864691132658025432
4204,864691132658107561
4205,864691132658178985
4206,864691132658180777
4207,864691132658180983
4208,864691132658194089
4209,864691132658233513
4210,864691132658240425
4211,864691132658241705
4212,864691132658241961
4213,864691132658242473
4214,864691132658243544
4215,864691132658244265
4216,864691132658245545
4217,864691132658273143
4218,864691132658288437
4219,864691132658404995
4220,864691132658407081
4221,864691132658428842
4222,864691132658471081
4223,864691132658474153
4224,864691132658489975
4225,864691132658579319
4226,864691132658632618
4227,864691132658635946
4228,864691132658649975
4229,864691132658697079
4230,864691132658706295
4231,864691132658739319
4232,864691132658757751
4233,864691132658818500
4234,864691132658841796
4235,864691132658852471
4236,864691132658853751
4237,864691132658866295
4238,864691132658905770
4239,864691132658930921
4240,864691132658953084
4241,864691132658967210
4242,864691132658978729
4243,864691132659007863
4244,864691132659034804
4245,864691132659046276
4246,864691132659081079
4247,864691132659113079
4248,864691132659154551
4249,864691132659195369
4250,864691132659247991
4251,864691132659261161
4252,864691132659275639
4253,864691132659281332
4254,864691132659292279
4255,864691132659292586
4256,864691132659414245
4257,864691132659419621
4258,864691132659422437
4259,864691132659423205
4260,864691132659425509
4261,864691132659426021
4262,864691132659426277
4263,864691132659427045
4264,864691132659428069
4265,864691132659434469
4266,864691132659434725
4267,864691132659434981
4268,864691132659442405
4269,864691132659443173
4270,864691132659444197
4271,864691132659445477
4272,864691132659446501
4273,864691132659453925
4274,864691132659468261
4275,864691132659469285
4276,864691132659469541
4277,864691132659471589
4278,864691132659471845
4279,864691132659525053
4280,864691132659526845
4281,864691132659530941
4282,864691132659532477
4283,864691132659532989
4284,864691132659535293
4285,864691132659537853
4286,864691132659539645
4287,864691132659541181
4288,864691132659542953
4289,864691132659545277
4290,864691132659545789
4291,864691132659546045
4292,864691132659547325
4293,864691132659547837
4294,864691132659548093
4295,864691132659550141
4296,864691132659552957
4297,864691132659554237
4298,864691132659558333
4299,864691132659568317
4300,864691132659573437
4301,864691132659577533
4302,864691132659578301
4303,864691132659651557
4304,864691132659655141
4305,864691132659655653
4306,864691132659656165
4307,864691132659656933
4308,864691132659659237
4309,864691132659660261
4310,864691132659689957
4311,864691132659699173
4312,864691132659708645
4313,864691132659710437
4314,864691132659711973
4315,864691132659713765
4316,864691132659716797
4317,864691132659722941
4318,864691132659725245
4319,864691132659727037
4320,864691132659727549
4321,864691132659728829
4322,864691132659729341
4323,864691132659730109
4324,864691132659737533
4325,864691132659790013
4326,864691132659790269
4327,864691132659795389
4328,864691132659796157
4329,864691132659796669
4330,864691132659796925
4331,864691132659797437
4332,864691132660091581
4333,864691132660221117
4334,864691132660240298
4335,864691132660287165
4336,864691132660486373
4337,864691132660509157
4338,864691132660818756
4339,864691132660826025
4340,864691132660838825
4341,864691132660948804
4342,864691132660952132
4343,864691132660952805
4344,864691132660954281
4345,864691132660964164
4346,864691132660965444
4347,864691132660966980
4348,864691132660967748
4349,864691132660972356
4350,864691132660975940
4351,864691132660976196
4352,864691132660976964
4353,864691132660981316
4354,864691132660981828
4355,864691132660982340
4356,864691132660986692
4357,864691132660989764
4358,864691132660990532
4359,864691132660992324
4360,864691132660993604
4361,864691132660994628
4362,864691132660995396
4363,864691132660997956
4364,864691132661000516
4365,864691132661001284
4366,864691132661002308
4367,864691132661003076
4368,864691132661003844
4369,864691132661005636
4370,864691132661006404
4371,864691132661007940
4372,864691132661009732
4373,864691132661011780
4374,864691132661012036
4375,864691132661017668
4376,864691132661019972
4377,864691132661027652
4378,864691132661033796
4379,864691132661034820
4380,864691132661037380
4381,864691132661037636
4382,864691132661038660
4383,864691132661039684
4384,864691132661039940
4385,864691132661043268
4386,864691132661044036
4387,864691132661044292
4388,864691132661049668
4389,864691132661049924
4390,864691132661052740
4391,864691132661053508
4392,864691132661060676
4393,864691132661066820
4394,864691132661070148
4395,864691132661070404
4396,864691132661074621
4397,864691132661074756
4398,864691132661077316
4399,864691132661077572
4400,864691132661079364
4401,864691132661081668
4402,864691132661082180
4403,864691132661083972
4404,864691132661086532
4405,864691132661089604
4406,864691132661189289
4407,864691132661193129
4408,864691132661241769
4409,864691132661245508
4410,864691132661248580
4411,864691132661250884
4412,864691132661251652
4413,864691132661257796
4414,864691132661264196
4415,864691132661266500
4416,864691132661271620
4417,864691132661274692
4418,864691132661275204
4419,864691132661282493
4420,864691132661312836
4421,864691132661317674
4422,864691132661319492
4423,864691132661319748
4424,864691132661431108
4425,864691132661500329
4426,864691132661538985
4427,864691132661556649
4428,864691132661596585
4429,864691132661598379
4430,864691132661606313
4431,864691132661613285
4432,864691132661654697
4433,864691132661667045
4434,864691132661712061
4435,864691132661714621
4436,864691132661745893
4437,864691132661895314
4438,864691132661933994
4439,864691132661958589
4440,864691132662040234
4441,864691132662048938
4442,864691132662139325
4443,864691132662296549
4444,864691132662312106
4445,864691132662408245
4446,864691132662408637
4447,864691132662655677
4448,864691132662707389
4449,864691132662729568
4450,864691132662763388
4451,864691132662782909
4452,864691132662790373
4453,864691132662801637
4454,864691132662867347
4455,864691132663065277
4456,864691132663067581
4457,864691132663067837
4458,864691132663115923
4459,864691132663152708
4460,864691132663325252
4461,864691132663334819
4462,864691132663336099
4463,864691132663337379
4464,864691132663339171
4465,864691132663340212
4466,864691132663340707
4467,864691132663340963
4468,864691132663341219
4469,864691132663341731
4470,864691132663342755
4471,864691132663347875
4472,864691132663350691
4473,864691132663351459
4474,864691132663352995
4475,864691132663354531
4476,864691132663354787
4477,864691132663355043
4478,864691132663358883
4479,864691132663360419
4480,864691132663361699
4481,864691132663367843
4482,864691132663369123
4483,864691132663370659
4484,864691132663371683
4485,864691132663371939
4486,864691132663372707
4487,864691132663375011
4488,864691132663383459
4489,864691132663383699
4490,864691132663389347
4491,864691132663394723
4492,864691132663395747
4493,864691132663396003
4494,864691132663397539
4495,864691132663398051
4496,864691132663399587
4497,864691132663401123
4498,864691132663404963
4499,864691132663405731
4500,864691132663468261
4501,864691132663499493
4502,864691132663499749
4503,864691132663500773
4504,864691132663552675
4505,864691132663555747
4506,864691132663556003
4507,864691132663557027
4508,864691132663559331
4509,864691132663560611
4510,864691132663569844
4511,864691132663589188
4512,864691132663601059
4513,864691132663696756
4514,864691132663814819
4515,864691132663962692
4516,864691132664008004
4517,864691132664013276
4518,864691132664020568
4519,864691132664024408
4520,864691132664025432
4521,864691132664027736
4522,864691132664031576
4523,864691132664032088
4524,864691132664032600
4525,864691132664033112
4526,864691132664035416
4527,864691132664035672
4528,864691132664039512
4529,864691132664040280
4530,864691132664041048
4531,864691132664043352
4532,864691132664044376
4533,864691132664049752
4534,864691132664054872
4535,864691132664055128
4536,864691132664057432
4537,864691132664060504
4538,864691132664063576
4539,864691132664065112
4540,864691132664065368
4541,864691132664065880
4542,864691132664066392
4543,864691132664067160
4544,864691132664067416
4545,864691132664072280
4546,864691132664075096
4547,864691132664076632
4548,864691132664079704
4549,864691132664082264
4550,864691132664084056
4551,864691132664088408
4552,864691132664089944
4553,864691132664090200
4554,864691132664093272
4555,864691132664095320
4556,864691132664099416
4557,864691132664102488
4558,864691132664103768
4559,864691132664108120
4560,864691132664160856
4561,864691132664178478
4562,864691132664181294
4563,864691132664181550
4564,864691132664186414
4565,864691132664192046
4566,864691132664192302
4567,864691132664193582
4568,864691132664193838
4569,864691132664194606
4570,864691132664195630
4571,864691132664202030
4572,864691132664203566
4573,864691132664205102
4574,864691132664206382
4575,864691132664206894
4576,864691132664207662
4577,864691132664210222
4578,864691132664210990
4579,864691132664213550
4580,864691132664216878
4581,864691132664222510
4582,864691132664230446
4583,864691132664241454
4584,864691132664245038
4585,864691132664250158
4586,864691132664251182
4587,864691132664257326
4588,864691132664257880
4589,864691132664259886
4590,864691132664266072
4591,864691132664267352
4592,864691132664268334
4593,864691132664279062
4594,864691132664285764
4595,864691132664300888
4596,864691132664303192
4597,864691132664304472
4598,864691132664306008
4599,864691132664308312
4600,864691132664325720
4601,864691132664343210
4602,864691132664417326
4603,864691132664417582
4604,864691132664426286
4605,864691132664428846
4606,864691132664432942
4607,864691132664433454
4608,864691132664438830
4609,864691132664465988
4610,864691132664476206
4611,864691132664481838
4612,864691132664482862
4613,864691132664484398
4614,864691132664485678
4615,864691132664487214
4616,864691132664512558
4617,864691132664761234
4618,864691132664780324
4619,864691132664890677
4620,864691132665050968
4621,864691132665202602
4622,864691132665286563
4623,864691132665289891
4624,864691132665290798
4625,864691132665331544
4626,864691132665366179
4627,864691132665400756
4628,864691132665420650
4629,864691132665431203
4630,864691132665438115
4631,864691132665695146
4632,864691132665743960
4633,864691132665770410
4634,864691132665775786
4635,864691132665780188
4636,864691132665833123
4637,864691132665975030
4638,864691132666010926
4639,864691132666011043
4640,864691132666012586
4641,864691132666016419
4642,864691132666054051
4643,864691132666069923
4644,864691132666072746
4645,864691132666093482
4646,864691132666103640
4647,864691132666106531
4648,864691132666153408
4649,864691132666210648
4650,864691132666210979
4651,864691132666271168
4652,864691132666280106
4653,864691132666308242
4654,864691132666360234
4655,864691132666444846
4656,864691132666446382
4657,864691132666456180
4658,864691132666491182
4659,864691132666497472
4660,864691132666499776
4661,864691132666500032
4662,864691132666500800
4663,864691132666502848
4664,864691132666503616
4665,864691132666504384
4666,864691132666504896
4667,864691132666508992
4668,864691132666510784
4669,864691132666514624
4670,864691132666515392
4671,864691132666515904
4672,864691132666517696
4673,864691132666518464
4674,864691132666519488
4675,864691132666520000
4676,864691132666525376
4677,864691132666527680
4678,864691132666528704
4679,864691132666529472
4680,864691132666534848
4681,864691132666535872
4682,864691132666536384
4683,864691132666536640
4684,864691132666538176
4685,864691132666538432
4686,864691132666538688
4687,864691132666539456
4688,864691132666539712
4689,864691132666540992
4690,864691132666542528
4691,864691132666542784
4692,864691132666543040
4693,864691132666547904
4694,864691132666548416
4695,864691132666549952
4696,864691132666553280
4697,864691132666554968
4698,864691132666555328
4699,864691132666559168
4700,864691132666567331
4701,864691132666572888
4702,864691132666575523
4703,864691132666609059
4704,864691132666617763
4705,864691132666632536
4706,864691132666638936
4707,864691132666649176
4708,864691132666663331
4709,864691132666720448
4710,864691132666724032
4711,864691132666724544
4712,864691132666725056
4713,864691132666730688
4714,864691132666730944
4715,864691132666732480
4716,864691132666733504
4717,864691132666737856
4718,864691132666738880
4719,864691132666739648
4720,864691132666740160
4721,864691132666740416
4722,864691132666740928
4723,864691132666741952
4724,864691132666742208
4725,864691132666743488
4726,864691132666744000
4727,864691132666744512
4728,864691132666744768
4729,864691132666745792
4730,864691132666746048
4731,864691132666750656
4732,864691132666786723
4733,864691132666796480
4734,864691132666796736
4735,864691132666797760
4736,864691132666798528
4737,864691132666798784
4738,864691132666799040
4739,864691132666804928
4740,864691132666805696
4741,864691132666806208
4742,864691132666806720
4743,864691132666808110
4744,864691132666824280
4745,864691132666826719
4746,864691132666850134
4747,864691132666892846
4748,864691132666902574
4749,864691132666909315
4750,864691132666973784
4751,864691132666989910
4752,864691132666990166
4753,864691132666990934
4754,864691132666991702
4755,864691132666992214
4756,864691132666995286
4757,864691132666997590
4758,864691132667000150
4759,864691132667000406
4760,864691132667001686
4761,864691132667004751
4762,864691132667005526
4763,864691132667008598
4764,864691132667010390
4765,864691132667013206
4766,864691132667015766
4767,864691132667016022
4768,864691132667016790
4769,864691132667018582
4770,864691132667019606
4771,864691132667020374
4772,864691132667020630
4773,864691132667022166
4774,864691132667022678
4775,864691132667022934
4776,864691132667023190
4777,864691132667023702
4778,864691132667023958
4779,864691132667024216
4780,864691132667025750
4781,864691132667031382
4782,864691132667035478
4783,864691132667037782
4784,864691132667042134
4785,864691132667042390
4786,864691132667042902
4787,864691132667045718
4788,864691132667046486
4789,864691132667047982
4790,864691132667048022
4791,864691132667049046
4792,864691132667049302
4793,864691132667050326
4794,864691132667050582
4795,864691132667050838
4796,864691132667050840
4797,864691132667052118
4798,864691132667054166
4799,864691132667054678
4800,864691132667054894
4801,864691132667055446
4802,864691132667056726
4803,864691132667057238
4804,864691132667058006
4805,864691132667058518
4806,864691132667058774
4807,864691132667059030
4808,864691132667061846
4809,864691132667063126
4810,864691132667066198
4811,864691132667069782
4812,864691132667072854
4813,864691132667074134
4814,864691132667074646
4815,864691132667075158
4816,864691132667076438
4817,864691132667081302
4818,864691132667081304
4819,864691132667084118
4820,864691132667090518
4821,864691132667093334
4822,864691132667099224
4823,864691132667108800
4824,864691132667141208
4825,864691132667149073
4826,864691132667155217
4827,864691132667155473
4828,864691132667156753
4829,864691132667157009
4830,864691132667157265
4831,864691132667158033
4832,864691132667158289
4833,864691132667159313
4834,864691132667160849
4835,864691132667161105
4836,864691132667162385
4837,864691132667165201
4838,864691132667165713
4839,864691132667167249
4840,864691132667168273
4841,864691132667168785
4842,864691132667170862
4843,864691132667171089
4844,864691132667173649
4845,864691132667173905
4846,864691132667176209
4847,864691132667178769
4848,864691132667179537
4849,864691132667179793
4850,864691132667181484
4851,864691132667183633
4852,864691132667184145
4853,864691132667186705
4854,864691132667188241
4855,864691132667188497
4856,864691132667188753
4857,864691132667189265
4858,864691132667193617
4859,864691132667194897
4860,864691132667195665
4861,864691132667198993
4862,864691132667204625
4863,864691132667204881
4864,864691132667207441
4865,864691132667208209
4866,864691132667208721
4867,864691132667210257
4868,864691132667211025
4869,864691132667212561
4870,864691132667212817
4871,864691132667213841
4872,864691132667214353
4873,864691132667217681
4874,864691132667229014
4875,864691132667229270
4876,864691132667230550
4877,864691132667231062
4878,864691132667231830
4879,864691132667232086
4880,864691132667232598
4881,864691132667233622
4882,864691132667234390
4883,864691132667237206
4884,864691132667237462
4885,864691132667237720
4886,864691132667240022
4887,864691132667240278
4888,864691132667240534
4889,864691132667241302
4890,864691132667241814
4891,864691132667242070
4892,864691132667242582
4893,864691132667243094
4894,864691132667243350
4895,864691132667243606
4896,864691132667243862
4897,864691132667247446
4898,864691132667253080
4899,864691132667272209
4900,864691132667280214
4901,864691132667280470
4902,864691132667281494
4903,864691132667282518
4904,864691132667283030
4905,864691132667284822
4906,864691132667286358
4907,864691132667287126
4908,864691132667288150
4909,864691132667288918
4910,864691132667289942
4911,864691132667293014
4912,864691132667296086
4913,864691132667296342
4914,864691132667306326
4915,864691132667308716
4916,864691132667312812
4917,864691132667313836
4918,864691132667315116
4919,864691132667315884
4920,864691132667319468
4921,864691132667321260
4922,864691132667322540
4923,864691132667323308
4924,864691132667324332
4925,864691132667325612
4926,864691132667326636
4927,864691132667327148
4928,864691132667328172
4929,864691132667333804
4930,864691132667334316
4931,864691132667334572
4932,864691132667335084
4933,864691132667337644
4934,864691132667338412
4935,864691132667340204
4936,864691132667342508
4937,864691132667342936
4938,864691132667345324
4939,864691132667348140
4940,864691132667348753
4941,864691132667349521
4942,864691132667351057
4943,864691132667351569
4944,864691132667354385
4945,864691132667355052
4946,864691132667355820
4947,864691132667356076
4948,864691132667356177
4949,864691132667356332
4950,864691132667358124
4951,864691132667358481
4952,864691132667358993
4953,864691132667359505
4954,864691132667359761
4955,864691132667359916
4956,864691132667361196
4957,864691132667361297
4958,864691132667362605
4959,864691132667363857
4960,864691132667363885
4961,864691132667364012
4962,864691132667364909
4963,864691132667365137
4964,864691132667365292
4965,864691132667365905
4966,864691132667366417
4967,864691132667366673
4968,864691132667366701
4969,864691132667367697
4970,864691132667367953
4971,864691132667368209
4972,864691132667368465
4973,864691132667368721
4974,864691132667368749
4975,864691132667369233
4976,864691132667370797
4977,864691132667371025
4978,864691132667371281
4979,864691132667371309
4980,864691132667372049
4981,864691132667372305
4982,864691132667372561
4983,864691132667373357
4984,864691132667374893
4985,864691132667375661
4986,864691132667377453
4987,864691132667378907
4988,864691132667379501
4989,864691132667380013
4990,864691132667382317
4991,864691132667383341
4992,864691132667383597
4993,864691132667384621
4994,864691132667386413
4995,864691132667387949
4996,864691132667388461
4997,864691132667388717
4998,864691132667390509
4999,864691132667391021
5000,864691132667391277
5001,864691132667391533
5002,864691132667392301
5003,864691132667394392
5004,864691132667395117
5005,864691132667395629
5006,864691132667396397
5007,864691132667398445
5008,864691132667398701
5009,864691132667399213
5010,864691132667399469
5011,864691132667402285
5012,864691132667403053
5013,864691132667405357
5014,864691132667410221
5015,864691132667410449
5016,864691132667411245
5017,864691132667412241
5018,864691132667413037
5019,864691132667415313
5020,864691132667415825
5021,864691132667416593
5022,864691132667417873
5023,864691132667417901
5024,864691132667418414
5025,864691132667418669
5026,864691132667422509
5027,864691132667428141
5028,864691132667430189
5029,864691132667433005
5030,864691132667433517
5031,864691132667434029
5032,864691132667439661
5033,864691132667441453
5034,864691132667445940
5035,864691132667446061
5036,864691132667447341
5037,864691132667448365
5038,864691132667449645
5039,864691132667450925
5040,864691132667452717
5041,864691132667469358
5042,864691132667488856
5043,864691132667491928
5044,864691132667501656
5045,864691132667503917
5046,864691132667508312
5047,864691132667513004
5048,864691132667514796
5049,864691132667517356
5050,864691132667519404
5051,864691132667520940
5052,864691132667521964
5053,864691132667522732
5054,864691132667523500
5055,864691132667524268
5056,864691132667525548
5057,864691132667526060
5058,864691132667527340
5059,864691132667527852
5060,864691132667528364
5061,864691132667528620
5062,864691132667529900
5063,864691132667530412
5064,864691132667530668
5065,864691132667531180
5066,864691132667531948
5067,864691132667532972
5068,864691132667534508
5069,864691132667534764
5070,864691132667539544
5071,864691132667540396
5072,864691132667540652
5073,864691132667540908
5074,864691132667541932
5075,864691132667542444
5076,864691132667542700
5077,864691132667543724
5078,864691132667543759
5079,864691132667545516
5080,864691132667545772
5081,864691132667553112
5082,864691132667591726
5083,864691132667591981
5084,864691132667593261
5085,864691132667593388
5086,864691132667593644
5087,864691132667594285
5088,864691132667594412
5089,864691132667594797
5090,864691132667595566
5091,864691132667595948
5092,864691132667596077
5093,864691132667597869
5094,864691132667598125
5095,864691132667598381
5096,864691132667598893
5097,864691132667599149
5098,864691132667600173
5099,864691132667600556
5100,864691132667600812
5101,864691132667602733
5102,864691132667603884
5103,864691132667604525
5104,864691132667604781
5105,864691132667610540
5106,864691132667611052
5107,864691132667611308
5108,864691132667612588
5109,864691132667637550
5110,864691132667642157
5111,864691132667644973
5112,864691132667645485
5113,864691132667645997
5114,864691132667646509
5115,864691132667647021
5116,864691132667647277
5117,864691132667647533
5118,864691132667647789
5119,864691132667650861
5120,864691132667651117
5121,864691132667651373
5122,864691132667652141
5123,864691132667652653
5124,864691132667653677
5125,864691132667655469
5126,864691132667655725
5127,864691132667661870
5128,864691132667712719
5129,864691132667718095
5130,864691132667721935
5131,864691132667723983
5132,864691132667726799
5133,864691132667729615
5134,864691132667730895
5135,864691132667731151
5136,864691132667734479
5137,864691132667734991
5138,864691132667736271
5139,864691132667736527
5140,864691132667739855
5141,864691132667741647
5142,864691132667742415
5143,864691132667744719
5144,864691132667747279
5145,864691132667747791
5146,864691132667748047
5147,864691132667748303
5148,864691132667749327
5149,864691132667751981
5150,864691132667752655
5151,864691132667752911
5152,864691132667753167
5153,864691132667755983
5154,864691132667756239
5155,864691132667757775
5156,864691132667758543
5157,864691132667760591
5158,864691132667761103
5159,864691132667762383
5160,864691132667764175
5161,864691132667765199
5162,864691132667766991
5163,864691132667771087
5164,864691132667775439
5165,864691132667775695
5166,864691132667776975
5167,864691132667777366
5168,864691132667779279
5169,864691132667779791
5170,864691132667783119
5171,864691132667784399
5172,864691132667784655
5173,864691132667785423
5174,864691132667786447
5175,864691132667786959
5176,864691132667787471
5177,864691132667787983
5178,864691132667795407
5179,864691132667796431
5180,864691132667797711
5181,864691132667799247
5182,864691132667799503
5183,864691132667799759
5184,864691132667802319
5185,864691132667802831
5186,864691132667804367
5187,864691132667805391
5188,864691132667807439
5189,864691132667813327
5190,864691132667814351
5191,864691132667815631
5192,864691132667817167
5193,864691132667817920
5194,864691132667819983
5195,864691132667820590
5196,864691132667838892
5197,864691132667887823
5198,864691132667935951
5199,864691132667953359
5200,864691132667954344
5201,864691132667956943
5202,864691132667957199
5203,864691132667957455
5204,864691132667957967
5205,864691132667958223
5206,864691132667958479
5207,864691132667958735
5208,864691132667960015
5209,864691132667960527
5210,864691132667960783
5211,864691132667962063
5212,864691132667966671
5213,864691132667967183
5214,864691132667967439
5215,864691132667968207
5216,864691132667968463
5217,864691132667968719
5218,864691132667969487
5219,864691132667969999
5220,864691132667974607
5221,864691132667974863
5222,864691132667975119
5223,864691132667977423
5224,864691132667996623
5225,864691132667997135
5226,864691132667997391
5227,864691132667999439
5228,864691132668002255
5229,864691132668003279
5230,864691132668013519
5231,864691132668015823
5232,864691132668017871
5233,864691132668020431
5234,864691132668021711
5235,864691132668022223
5236,864691132668022735
5237,864691132668026792
5238,864691132668046543
5239,864691132668079808
5240,864691132668132520
5241,864691132668136616
5242,864691132668136872
5243,864691132668137640
5244,864691132668140200
5245,864691132668141992
5246,864691132668142760
5247,864691132668144296
5248,864691132668147112
5249,864691132668148392
5250,864691132668149416
5251,864691132668150440
5252,864691132668150696
5253,864691132668151208
5254,864691132668152488
5255,864691132668152744
5256,864691132668154024
5257,864691132668154536
5258,864691132668154792
5259,864691132668155816
5260,864691132668156328
5261,864691132668157352
5262,864691132668158632
5263,864691132668160936
5264,864691132668161960
5265,864691132668162728
5266,864691132668164008
5267,864691132668164520
5268,864691132668167336
5269,864691132668170920
5270,864691132668178088
5271,864691132668178344
5272,864691132668179880
5273,864691132668181928
5274,864691132668186280
5275,864691132668188072
5276,864691132668189096
5277,864691132668190120
5278,864691132668190632
5279,864691132668192168
5280,864691132668192680
5281,864691132668195240
5282,864691132668196776
5283,864691132668200616
5284,864691132668202664
5285,864691132668205992
5286,864691132668206760
5287,864691132668207272
5288,864691132668208052
5289,864691132668210600
5290,864691132668210970
5291,864691132668218710
5292,864691132668219674
5293,864691132668250650
5294,864691132668254656
5295,864691132668260634
5296,864691132668261071
5297,864691132668262170
5298,864691132668263450
5299,864691132668263706
5300,864691132668265242
5301,864691132668266010
5302,864691132668267034
5303,864691132668269082
5304,864691132668271121
5305,864691132668271386
5306,864691132668271642
5307,864691132668271898
5308,864691132668274202
5309,864691132668276250
5310,864691132668277018
5311,864691132668277786
5312,864691132668279578
5313,864691132668279834
5314,864691132668281114
5315,864691132668289306
5316,864691132668291866
5317,864691132668292890
5318,864691132668295706
5319,864691132668296474
5320,864691132668297498
5321,864691132668298522
5322,864691132668299034
5323,864691132668299802
5324,864691132668301082
5325,864691132668305434
5326,864691132668306202
5327,864691132668308762
5328,864691132668309786
5329,864691132668315162
5330,864691132668316954
5331,864691132668317978
5332,864691132668319770
5333,864691132668320026
5334,864691132668320282
5335,864691132668320794
5336,864691132668321306
5337,864691132668322577
5338,864691132668323866
5339,864691132668324634
5340,864691132668324890
5341,864691132668326682
5342,864691132668328474
5343,864691132668328986
5344,864691132668332570
5345,864691132668334618
5346,864691132668335276
5347,864691132668336410
5348,864691132668336666
5349,864691132668337832
5350,864691132668337946
5351,864691132668339226
5352,864691132668339368
5353,864691132668339880
5354,864691132668340506
5355,864691132668340648
5356,864691132668341928
5357,864691132668342696
5358,864691132668343208
5359,864691132668379052
5360,864691132668389800
5361,864691132668390568
5362,864691132668391592
5363,864691132668395432
5364,864691132668395944
5365,864691132668397736
5366,864691132668397992
5367,864691132668399016
5368,864691132668400040
5369,864691132668401064
5370,864691132668402344
5371,864691132668402856
5372,864691132668404136
5373,864691132668404904
5374,864691132668405928
5375,864691132668406184
5376,864691132668406696
5377,864691132668454572
5378,864691132668461338
5379,864691132668466112
5380,864691132668479168
5381,864691132668487450
5382,864691132668488986
5383,864691132668492826
5384,864691132668494874
5385,864691132668495386
5386,864691132668495898
5387,864691132668496154
5388,864691132668497178
5389,864691132668497690
5390,864691132668498458
5391,864691132668499738
5392,864691132668501777
5393,864691132668502042
5394,864691132668502554
5395,864691132668503066
5396,864691132668503578
5397,864691132668503834
5398,864691132668517146
5399,864691132668517914
5400,864691132668519706
5401,864691132668522266
5402,864691132668522778
5403,864691132668524058
5404,864691132668524826
5405,864691132668525082
5406,864691132668527642
5407,864691132668529690
5408,864691132668532762
5409,864691132668538650
5410,864691132668541466
5411,864691132668549146
5412,864691132668549658
5413,864691132668549914
5414,864691132668553754
5415,864691132668554266
5416,864691132668555290
5417,864691132668555546
5418,864691132668555802
5419,864691132668556058
5420,864691132668556570
5421,864691132668557338
5422,864691132668558362
5423,864691132668593600
5424,864691132668597696
5425,864691132668616721
5426,864691132668622353
5427,864691132668641192
5428,864691132668645206
5429,864691132668660908
5430,864691132668683094
5431,864691132668766376
5432,864691132668804909
5433,864691132668805568
5434,864691132668813841
5435,864691132668832680
5436,864691132668853684
5437,864691132668883136
5438,864691132668893741
5439,864691132668895924
5440,864691132668940333
5441,864691132669009494
5442,864691132669064399
5443,864691132669092276
5444,864691132669118132
5445,864691132669129691
5446,864691132669143112
5447,864691132669164200
5448,864691132669226568
5449,864691132669242575
5450,864691132669252369
5451,864691132669253312
5452,864691132669254592
5453,864691132669256640
5454,864691132669258944
5455,864691132669342400
5456,864691132669384108
5457,864691132669389492
5458,864691132669392064
5459,864691132669403840
5460,864691132669404433
5461,864691132669428753
5462,864691132669435599
5463,864691132669450769
5464,864691132669451025
5465,864691132669463638
5466,864691132669475373
5467,864691132669499840
5468,864691132669505448
5469,864691132669510592
5470,864691132669545132
5471,864691132669564945
5472,864691132669575860
5473,864691132669607119
5474,864691132669621009
5475,864691132669685320
5476,864691132669691921
5477,864691132669701036
5478,864691132669708480
5479,864691132669745178
5480,864691132669747904
5481,864691132669758120
5482,864691132669796032
5483,864691132669798592
5484,864691132669811245
5485,864691132669812483
5486,864691132669814976
5487,864691132669817617
5488,864691132669823680
5489,864691132669864128
5490,864691132669867227
5491,864691132669892113
5492,864691132669894340
5493,864691132669896790
5494,864691132669898541
5495,864691132669900077
5496,864691132669910696
5497,864691132669915599
5498,864691132669917868
5499,864691132669931231
5500,864691132669934125
5501,864691132669939407
5502,864691132669949391
5503,864691132669967405
5504,864691132669979990
5505,864691132670000173
5506,864691132670001580
5507,864691132670011478
5508,864691132670013270
5509,864691132670014993
5510,864691132670028992
5511,864691132670031405
5512,864691132670041768
5513,864691132670048940
5514,864691132670063276
5515,864691132670075072
5516,864691132670076689
5517,864691132670082134
5518,864691132670088143
5519,864691132670094031
5520,864691132670130518
5521,864691132670133184
5522,864691132670136492
5523,864691132670147089
5524,864691132670162348
5525,864691132670169536
5526,864691132670173969
5527,864691132670205969
5528,864691132670242476
5529,864691132670248620
5530,864691132670263720
5531,864691132670270120
5532,864691132670276113
5533,864691132670286637
5534,864691132670290961
5535,864691132670296081
5536,864691132670298796
5537,864691132670301135
5538,864691132670312977
5539,864691132670315606
5540,864691132670316374
5541,864691132670318618
5542,864691132670328004
5543,864691132670345644
5544,864691132670346156
5545,864691132670360236
5546,864691132670377517
5547,864691132670385709
5548,864691132670416941
5549,864691132670418221
5550,864691132670421549
5551,864691132670425370
5552,864691132670454188
5553,864691132670460461
5554,864691132670474778
5555,864691132670476333
5556,864691132670499670
5557,864691132670502998
5558,864691132670510248
5559,864691132670519066
5560,864691132670530255
5561,864691132670535084
5562,864691132670536911
5563,864691132670537132
5564,864691132670539983
5565,864691132670542381
5566,864691132670561964
5567,864691132670570285
5568,864691132670573082
5569,864691132670574166
5570,864691132670627756
5571,864691132670637247
5572,864691132670638166
5573,864691132670639149
5574,864691132670646440
5575,864691132670663725
5576,864691132670670637
5577,864691132670683308
5578,864691132670684205
5579,864691132670684717
5580,864691132670687277
5581,864691132670726701
5582,864691132670736044
5583,864691132670765480
5584,864691132670766799
5585,864691132670769871
5586,864691132670785999
5587,864691132670789718
5588,864691132670798865
5589,864691132670804822
5590,864691132670810413
5591,864691132670810454
5592,864691132670811304
5593,864691132670814380
5594,864691132670819158
5595,864691132670830389
5596,864691132670842536
5597,864691132670847318
5598,864691132670847574
5599,864691132670859546
5600,864691132670860630
5601,864691132670864463
5602,864691132670870545
5603,864691132670885839
5604,864691132670889814
5605,864691132670902829
5606,864691132670907048
5607,864691132670908758
5608,864691132670935759
5609,864691132670938906
5610,864691132670939162
5611,864691132670941741
5612,864691132670950568
5613,864691132670955432
5614,864691132670967604
5615,864691132670970198
5616,864691132670977999
5617,864691132670983080
5618,864691132670984399
5619,864691132671034796
5620,864691132671035242
5621,864691132671043756
5622,864691132671044047
5623,864691132671052239
5624,864691132671066906
5625,864691132671081652
5626,864691132671086508
5627,864691132671100966
5628,864691132671108268
5629,864691132671109804
5630,864691132671112620
5631,864691132671150618
5632,864691132671180111
5633,864691132671213519
5634,864691132671262746
5635,864691132671277594
5636,864691132671299866
5637,864691132671319208
5638,864691132671321882
5639,864691132671350298
5640,864691132671350952
5641,864691132671399080
5642,864691132671416015
5643,864691132671430095
5644,864691132671455514
5645,864691132671465167
5646,864691132671487092
5647,864691132671501128
5648,864691132671501775
5649,864691132671506383
5650,864691132671535898
5651,864691132671563176
5652,864691132671587752
5653,864691132671645978
5654,864691132671692314
5655,864691132671694618
5656,864691132671717658
5657,864691132671718580
5658,864691132671762856
5659,864691132671770024
5660,864691132671811354
5661,864691132671815450
5662,864691132671844378
5663,864691132671864858
5664,864691132671885992
5665,864691132671903258
5666,864691132671918874
5667,864691132671943336
5668,864691132671972788
5669,864691132672003866
5670,864691132672007592
5671,864691132672031514
5672,864691132672040149
5673,864691132672040917
5674,864691132672049877
5675,864691132672051925
5676,864691132672054997
5677,864691132672055509
5678,864691132672055765
5679,864691132672056021
5680,864691132672057557
5681,864691132672058325
5682,864691132672059861
5683,864691132672061909
5684,864691132672062677
5685,864691132672063189
5686,864691132672065237
5687,864691132672066005
5688,864691132672067029
5689,864691132672067797
5690,864691132672068821
5691,864691132672069333
5692,864691132672069845
5693,864691132672070869
5694,864691132672071381
5695,864691132672072405
5696,864691132672075733
5697,864691132672077269
5698,864691132672078549
5699,864691132672079573
5700,864691132672080341
5701,864691132672081621
5702,864691132672084949
5703,864691132672085717
5704,864691132672090325
5705,864691132672092373
5706,864691132672098261
5707,864691132672102357
5708,864691132672106197
5709,864691132672107733
5710,864691132672108245
5711,864691132672108501
5712,864691132672110549
5713,864691132672111061
5714,864691132672112085
5715,864691132672115413
5716,864691132672120021
5717,864691132672120789
5718,864691132672124373
5719,864691132672164309
5720,864691132672201429
5721,864691132672236245
5722,864691132672264405
5723,864691132672265685
5724,864691132672268245
5725,864691132672269781
5726,864691132672270549
5727,864691132672271829
5728,864691132672272085
5729,864691132672272853
5730,864691132672273877
5731,864691132672274389
5732,864691132672305877
5733,864691132672313557
5734,864691132672318165
5735,864691132672319156
5736,864691132672319701
5737,864691132672320213
5738,864691132672320725
5739,864691132672323029
5740,864691132672323797
5741,864691132672324821
5742,864691132672503978
5743,864691132672550240
5744,864691132672594628
5745,864691132672616271
5746,864691132673066453
5747,864691132673805482
5748,864691132673810645
5749,864691132673813461
5750,864691132674063157
5751,864691132674141677
5752,864691132674316341
5753,864691132674375477
5754,864691132674406453
5755,864691132674595381
5756,864691132674704207
5757,864691132674726068
5758,864691132674751957
5759,864691132674769109
5760,864691132674770645
5761,864691132674840021
5762,864691132674965844
5763,864691132675039596
5764,864691132675293141
5765,864691132675363541
5766,864691132675365589
5767,864691132675400917
5768,864691132675425237
5769,864691132675437013
5770,864691132675605557
5771,864691132675613364
5772,864691132675714005
5773,864691132675762133
5774,864691132676093214
5775,864691132676147636
5776,864691132676259614
5777,864691132676259870
5778,864691132676262174
5779,864691132676265758
5780,864691132676266270
5781,864691132676268830
5782,864691132676270622
5783,864691132676270878
5784,864691132676271134
5785,864691132676273182
5786,864691132676275486
5787,864691132676277022
5788,864691132676281374
5789,864691132676281630
5790,864691132676281886
5791,864691132676282142
5792,864691132676283422
5793,864691132676283934
5794,864691132676285982
5795,864691132676286494
5796,864691132676289054
5797,864691132676289822
5798,864691132676292894
5799,864691132676293918
5800,864691132676294174
5801,864691132676294430
5802,864691132676294942
5803,864691132676296990
5804,864691132676297246
5805,864691132676297502
5806,864691132676298782
5807,864691132676300062
5808,864691132676309278
5809,864691132676310814
5810,864691132676315422
5811,864691132676315934
5812,864691132676317470
5813,864691132676321054
5814,864691132676329396
5815,864691132676359198
5816,864691132676461342
5817,864691132676462366
5818,864691132676463134
5819,864691132676463390
5820,864691132676463902
5821,864691132676464158
5822,864691132676464414
5823,864691132676465182
5824,864691132676465950
5825,864691132676466206
5826,864691132676466974
5827,864691132676467230
5828,864691132676467742
5829,864691132676470558
5830,864691132676470814
5831,864691132676471838
5832,864691132676475422
5833,864691132676475678
5834,864691132676476190
5835,864691132676476446
5836,864691132676478494
5837,864691132676480030
5838,864691132676483102
5839,864691132676483614
5840,864691132676483870
5841,864691132676484382
5842,864691132676486430
5843,864691132676487198
5844,864691132676488222
5845,864691132676490014
5846,864691132676491038
5847,864691132676492062
5848,864691132676492830
5849,864691132676535838
5850,864691132676537374
5851,864691132676537886
5852,864691132676542750
5853,864691132676543006
5854,864691132676543518
5855,864691132676545310
5856,864691132676546846
5857,864691132676547358
5858,864691132676547870
5859,864691132676548638
5860,864691132676549406
5861,864691132676549918
5862,864691132676550430
5863,864691132676553502
5864,864691132676554270
5865,864691132676554782
5866,864691132676555294
5867,864691132676555806
5868,864691132676642587
5869,864691132676723742
5870,864691132676726166
5871,864691132676857181
5872,864691132676975390
5873,864691132677040221
5874,864691132677045085
5875,864691132677045597
5876,864691132677046365
5877,864691132677048157
5878,864691132677048669
5879,864691132677051741
5880,864691132677051997
5881,864691132677053277
5882,864691132677053404
5883,864691132677053533
5884,864691132677054813
5885,864691132677055069
5886,864691132677055325
5887,864691132677060189
5888,864691132677060445
5889,864691132677060701
5890,864691132677061469
5891,864691132677061725
5892,864691132677062493
5893,864691132677062749
5894,864691132677063261
5895,864691132677068893
5896,864691132677073245
5897,864691132677076573
5898,864691132677078877
5899,864691132677081949
5900,864691132677082973
5901,864691132677083229
5902,864691132677085021
5903,864691132677086301
5904,864691132677088861
5905,864691132677090909
5906,864691132677094237
5907,864691132677103965
5908,864691132677136437
5909,864691132677169973
5910,864691132677234013
5911,864691132677234269
5912,864691132677236317
5913,864691132677237341
5914,864691132677237853
5915,864691132677240157
5916,864691132677242205
5917,864691132677242461
5918,864691132677244509
5919,864691132677253909
5920,864691132677269085
5921,864691132677269853
5922,864691132677270365
5923,864691132677271645
5924,864691132677274461
5925,864691132677275485
5926,864691132677278813
5927,864691132677280349
5928,864691132677282397
5929,864691132677285213
5930,864691132677285469
5931,864691132677286749
5932,864691132677737076
5933,864691132677823325
5934,864691132677923754
5935,864691132677932990
5936,864691132678011485
5937,864691132678302035
5938,864691132678394195
5939,864691132678395475
5940,864691132678397523
5941,864691132678404179
5942,864691132678405203
5943,864691132678407251
5944,864691132678408531
5945,864691132678412115
5946,864691132678413651
5947,864691132678414675
5948,864691132678415699
5949,864691132678416979
5950,864691132678417491
5951,864691132678418515
5952,864691132678420307
5953,864691132678422867
5954,864691132678423123
5955,864691132678423891
5956,864691132678424403
5957,864691132678428499
5958,864691132678433619
5959,864691132678434131
5960,864691132678439507
5961,864691132678439763
5962,864691132678440531
5963,864691132678441555
5964,864691132678445907
5965,864691132678449491
5966,864691132678451283
5967,864691132678451795
5968,864691132678452563
5969,864691132678455389
5970,864691132678456659
5971,864691132678456915
5972,864691132678457374
5973,864691132678458195
5974,864691132678458707
5975,864691132678461267
5976,864691132678462803
5977,864691132678463059
5978,864691132678463571
5979,864691132678464083
5980,864691132678466131
5981,864691132678468179
5982,864691132678486109
5983,864691132678639187
5984,864691132678639443
5985,864691132678640211
5986,864691132678644307
5987,864691132678645331
5988,864691132678645843
5989,864691132678648147
5990,864691132678651475
5991,864691132678651731
5992,864691132678654803
5993,864691132678655827
5994,864691132678658131
5995,864691132678658643
5996,864691132678659155
5997,864691132678660435
5998,864691132678662227
5999,864691132678662995
6000,864691132678664787
6001,864691132678665299
6002,864691132678665555
6003,864691132678666323
6004,864691132678666579
6005,864691132678694227
6006,864691132678695507
6007,864691132678696787
6008,864691132678700627
6009,864691132678701651
6010,864691132678702419
6011,864691132678703443
6012,864691132678703699
6013,864691132678705491
6014,864691132678706515
6015,864691132678709075
6016,864691132678710355
6017,864691132678714707
6018,864691132678716243
6019,864691132678716755
6020,864691132678717523
6021,864691132678717779
6022,864691132678719315
6023,864691132678824787
6024,864691132678825263
6025,864691132678882078
6026,864691132678916638
6027,864691132678991965
6028,864691132679191326
6029,864691132679238887
6030,864691132679250868
6031,864691132679263033
6032,864691132679264825
6033,864691132679265337
6034,864691132679271481
6035,864691132679273273
6036,864691132679273529
6037,864691132679274553
6038,864691132679276345
6039,864691132679276601
6040,864691132679277625
6041,864691132679278137
6042,864691132679278393
6043,864691132679281209
6044,864691132679281977
6045,864691132679283001
6046,864691132679283513
6047,864691132679286841
6048,864691132679288633
6049,864691132679289913
6050,864691132679290937
6051,864691132679291193
6052,864691132679292985
6053,864691132679293241
6054,864691132679293743
6055,864691132679295033
6056,864691132679296569
6057,864691132679296825
6058,864691132679297071
6059,864691132679298095
6060,864691132679298617
6061,864691132679299923
6062,864691132679300143
6063,864691132679300532
6064,864691132679300911
6065,864691132679302191
6066,864691132679302959
6067,864691132679303737
6068,864691132679303763
6069,864691132679305017
6070,864691132679306287
6071,864691132679308601
6072,864691132679308847
6073,864691132679309113
6074,864691132679309369
6075,864691132679309615
6076,864691132679309871
6077,864691132679310127
6078,864691132679310383
6079,864691132679311151
6080,864691132679312953
6081,864691132679313977
6082,864691132679314735
6083,864691132679315769
6084,864691132679317561
6085,864691132679319343
6086,864691132679320623
6087,864691132679322415
6088,864691132679322671
6089,864691132679323183
6090,864691132679323439
6091,864691132679324719
6092,864691132679325231
6093,864691132679325743
6094,864691132679326511
6095,864691132679327279
6096,864691132679327791
6097,864691132679330095
6098,864691132679332399
6099,864691132679334191
6100,864691132679334959
6101,864691132679338799
6102,864691132679339311
6103,864691132679339567
6104,864691132679340591
6105,864691132679342383
6106,864691132679344687
6107,864691132679344943
6108,864691132679348271
6109,864691132679350063
6110,864691132679350575
6111,864691132679350831
6112,864691132679351343
6113,864691132679352879
6114,864691132679354159
6115,864691132679354415
6116,864691132679355183
6117,864691132679358255
6118,864691132679360303
6119,864691132679360559
6120,864691132679361839
6121,864691132679362095
6122,864691132679364143
6123,864691132679364911
6124,864691132679365167
6125,864691132679370543
6126,864691132679373615
6127,864691132679380015
6128,864691132679380271
6129,864691132679380527
6130,864691132679383855
6131,864691132679384367
6132,864691132679391791
6133,864691132679395631
6134,864691132679396399
6135,864691132679401519
6136,864691132679402782
6137,864691132679403823
6138,864691132679404079
6139,864691132679405871
6140,864691132679406127
6141,864691132679406639
6142,864691132679408175
6143,864691132679408687
6144,864691132679413807
6145,864691132679414319
6146,864691132679416111
6147,864691132679416623
6148,864691132679417391
6149,864691132679418159
6150,864691132679418927
6151,864691132679419183
6152,864691132679435294
6153,864691132679442515
6154,864691132679491897
6155,864691132679505188
6156,864691132679506489
6157,864691132679507257
6158,864691132679507513
6159,864691132679508537
6160,864691132679508793
6161,864691132679509561
6162,864691132679510329
6163,864691132679510585
6164,864691132679511609
6165,864691132679512623
6166,864691132679512889
6167,864691132679513145
6168,864691132679514169
6169,864691132679515961
6170,864691132679517241
6171,864691132679519801
6172,864691132679520569
6173,864691132679523129
6174,864691132679523385
6175,864691132679523897
6176,864691132679533854
6177,864691132679546425
6178,864691132679546937
6179,864691132679547449
6180,864691132679549241
6181,864691132679549497
6182,864691132679557689
6183,864691132679582255
6184,864691132679582511
6185,864691132679583023
6186,864691132679584047
6187,864691132679588399
6188,864691132679588655
6189,864691132679589167
6190,864691132679635503
6191,864691132679637807
6192,864691132679640623
6193,864691132679641647
6194,864691132679642415
6195,864691132679642671
6196,864691132679671326
6197,864691132679697501
6198,864691132679748894
6199,864691132679780957
6200,864691132679805277
6201,864691132679844350
6202,864691132679881053
6203,864691132679906653
6204,864691132679909469
6205,864691132679946333
6206,864691132679980062
6207,864691132680001629
6208,864691132680011294
6209,864691132680039454
6210,864691132680105066
6211,864691132680109405
6212,864691132680110685
6213,864691132680126045
6214,864691132680141917
6215,864691132680162639
6216,864691132680250165
6217,864691132680279901
6218,864691132680287801
6219,864691132680293689
6220,864691132680305199
6221,864691132680319069
6222,864691132680335197
6223,864691132680378717
6224,864691132680385107
6225,864691132680399407
6226,864691132680428125
6227,864691132680469587
6228,864691132680494429
6229,864691132680500573
6230,864691132680511059
6231,864691132680557405
6232,864691132680587055
6233,864691132680597597
6234,864691132680600264
6235,864691132680606511
6236,864691132680621395
6237,864691132680639279
6238,864691132680657711
6239,864691132680684335
6240,864691132680685236
6241,864691132680705875
6242,864691132680708040
6243,864691132680710088
6244,864691132680719048
6245,864691132680724680
6246,864691132680724936
6247,864691132680727752
6248,864691132680728264
6249,864691132680730824
6250,864691132680731592
6251,864691132680731848
6252,864691132680734408
6253,864691132680735176
6254,864691132680736456
6255,864691132680736968
6256,864691132680738248
6257,864691132680741320
6258,864691132680741576
6259,864691132680742344
6260,864691132680742856
6261,864691132680743112
6262,864691132680743368
6263,864691132680745416
6264,864691132680745672
6265,864691132680749512
6266,864691132680750280
6267,864691132680750536
6268,864691132680751816
6269,864691132680753096
6270,864691132680754632
6271,864691132680755144
6272,864691132680756680
6273,864691132680756936
6274,864691132680761032
6275,864691132680761391
6276,864691132680761800
6277,864691132680763848
6278,864691132680767688
6279,864691132680769480
6280,864691132680770504
6281,864691132680771528
6282,864691132680773832
6283,864691132680775368
6284,864691132680775624
6285,864691132680778184
6286,864691132680778440
6287,864691132680779976
6288,864691132680780488
6289,864691132680780744
6290,864691132680780768
6291,864691132680781000
6292,864691132680781536
6293,864691132680784584
6294,864691132680786400
6295,864691132680787168
6296,864691132680788704
6297,864691132680791776
6298,864691132680792800
6299,864691132680799968
6300,864691132680800736
6301,864691132680804576
6302,864691132680805856
6303,864691132680808160
6304,864691132680809184
6305,864691132680810976
6306,864691132680812000
6307,864691132680814560
6308,864691132680815328
6309,864691132680819168
6310,864691132680820704
6311,864691132680821216
6312,864691132680823520
6313,864691132680824288
6314,864691132680829152
6315,864691132680829408
6316,864691132680829920
6317,864691132680832736
6318,864691132680833248
6319,864691132680833760
6320,864691132680834784
6321,864691132680837344
6322,864691132680840928
6323,864691132680842208
6324,864691132680843488
6325,864691132680844000
6326,864691132680846048
6327,864691132680848211
6328,864691132680849376
6329,864691132680850656
6330,864691132680851168
6331,864691132680852448
6332,864691132680853216
6333,864691132680853472
6334,864691132680854752
6335,864691132680990803
6336,864691132681015496
6337,864691132681017032
6338,864691132681018592
6339,864691132681020104
6340,864691132681021128
6341,864691132681021152
6342,864691132681021640
6343,864691132681021896
6344,864691132681022176
6345,864691132681022664
6346,864691132681022688
6347,864691132681023176
6348,864691132681023688
6349,864691132681024200
6350,864691132681024992
6351,864691132681025224
6352,864691132681025248
6353,864691132681025480
6354,864691132681025760
6355,864691132681025992
6356,864691132681027272
6357,864691132681027784
6358,864691132681028320
6359,864691132681028552
6360,864691132681029832
6361,864691132681030368
6362,864691132681031648
6363,864691132681033696
6364,864691132681036768
6365,864691132681037536
6366,864691132681038048
6367,864691132681038304
6368,864691132681044192
6369,864691132681045728
6370,864691132681046240
6371,864691132681047008
6372,864691132681047264
6373,864691132681050080
6374,864691132681051360
6375,864691132681052128
6376,864691132681053640
6377,864691132681053664
6378,864691132681055688
6379,864691132681057736
6380,864691132681057992
6381,864691132681062191
6382,864691132681076960
6383,864691132681078752
6384,864691132681079776
6385,864691132681080288
6386,864691132681081568
6387,864691132681083219
6388,864691132681087200
6389,864691132681099744
6390,864691132681100768
6391,864691132681101536
6392,864691132681101792
6393,864691132681102304
6394,864691132681102560
6395,864691132681104096
6396,864691132681104608
6397,864691132681104864
6398,864691132681110496
6399,864691132681128505
6400,864691132681193184
6401,864691132681210363
6402,864691132681246035
6403,864691132681274425
6404,864691132681284143
6405,864691132681295335
6406,864691132681319826
6407,864691132681349203
6408,864691132681398063
6409,864691132681411552
6410,864691132681413459
6411,864691132681450868
6412,864691132681471791
6413,864691132681492563
6414,864691132681537957
6415,864691132681539237
6416,864691132681541029
6417,864691132681542053
6418,864691132681543589
6419,864691132681548197
6420,864691132681549477
6421,864691132681551699
6422,864691132681551781
6423,864691132681552805
6424,864691132681553573
6425,864691132681555621
6426,864691132681555877
6427,864691132681556389
6428,864691132681556645
6429,864691132681559461
6430,864691132681565349
6431,864691132681565605
6432,864691132681566373
6433,864691132681568421
6434,864691132681571749
6435,864691132681572773
6436,864691132681573029
6437,864691132681575845
6438,864691132681576869
6439,864691132681577637
6440,864691132681578149
6441,864691132681578405
6442,864691132681579429
6443,864691132681579941
6444,864691132681581221
6445,864691132681584805
6446,864691132681585061
6447,864691132681585608
6448,864691132681586341
6449,864691132681587109
6450,864691132681588133
6451,864691132681590585
6452,864691132681600303
6453,864691132681628243
6454,864691132681633311
6455,864691132681633760
6456,864691132681635155
6457,864691132681638112
6458,864691132681647929
6459,864691132681656655
6460,864691132681667923
6461,864691132681685551
6462,864691132681690963
6463,864691132681726629
6464,864691132681728933
6465,864691132681729957
6466,864691132681731493
6467,864691132681731749
6468,864691132681732005
6469,864691132681732517
6470,864691132681736357
6471,864691132681736527
6472,864691132681737125
6473,864691132681737893
6474,864691132681738149
6475,864691132681738405
6476,864691132681738661
6477,864691132681739941
6478,864691132681741221
6479,864691132681741477
6480,864691132681741733
6481,864691132681743781
6482,864691132681744293
6483,864691132681744549
6484,864691132681745573
6485,864691132681749413
6486,864691132681750427
6487,864691132681767759
6488,864691132681784741
6489,864691132681787301
6490,864691132681787557
6491,864691132681787983
6492,864691132681796005
6493,864691132681796261
6494,864691132681797541
6495,864691132681810223
6496,864691132681864505
6497,864691132681869855
6498,864691132681872159
6499,864691132681873439
6500,864691132681880095
6501,864691132681880863
6502,864691132681881375
6503,864691132681885727
6504,864691132681887775
6505,864691132681888031
6506,864691132681888287
6507,864691132681888543
6508,864691132681889567
6509,864691132681890335
6510,864691132681890847
6511,864691132681891615
6512,864691132681892639
6513,864691132681894687
6514,864691132681894943
6515,864691132681897759
6516,864691132681898783
6517,864691132681900063
6518,864691132681900831
6519,864691132681903903
6520,864691132681905951
6521,864691132681907231
6522,864691132681909279
6523,864691132681911839
6524,864691132681912095
6525,864691132681912607
6526,864691132681913375
6527,864691132681914399
6528,864691132681914655
6529,864691132681916191
6530,864691132681919519
6531,864691132681922079
6532,864691132681924383
6533,864691132681930015
6534,864691132681932575
6535,864691132681932831
6536,864691132681937695
6537,864691132681937747
6538,864691132681941279
6539,864691132681943583
6540,864691132681943839
6541,864691132681944607
6542,864691132681948191
6543,864691132681948751
6544,864691132681949471
6545,864691132681950035
6546,864691132681950751
6547,864691132681952287
6548,864691132681954335
6549,864691132681955103
6550,864691132681955359
6551,864691132681957711
6552,864691132681965855
6553,864691132681968671
6554,864691132681988399
6555,864691132681991481
6556,864691132681992249
6557,864691132682039379
6558,864691132682040915
6559,864691132682066233
6560,864691132682078543
6561,864691132682086856
6562,864691132682094245
6563,864691132682095187
6564,864691132682106655
6565,864691132682116943
6566,864691132682118565
6567,864691132682121017
6568,864691132682121503
6569,864691132682124063
6570,864691132682125599
6571,864691132682127135
6572,864691132682127647
6573,864691132682129695
6574,864691132682130207
6575,864691132682131231
6576,864691132682131743
6577,864691132682131999
6578,864691132682132424
6579,864691132682132511
6580,864691132682133295
6581,864691132682134047
6582,864691132682135583
6583,864691132682136095
6584,864691132682137119
6585,864691132682137887
6586,864691132682138143
6587,864691132682138911
6588,864691132682139423
6589,864691132682171423
6590,864691132682171679
6591,864691132682172959
6592,864691132682173999
6593,864691132682178847
6594,864691132682180655
6595,864691132682183711
6596,864691132682184735
6597,864691132682184991
6598,864691132682250464
6599,864691132682284079
6600,864691132682288943
6601,864691132682313785
6602,864691132682319663
6603,864691132682346041
6604,864691132682347567
6605,864691132682350639
6606,864691132682377295
6607,864691132682377845
6608,864691132682382453
6609,864691132682383221
6610,864691132682387061
6611,864691132682387573
6612,864691132682392693
6613,864691132682393717
6614,864691132682394741
6615,864691132682395765
6616,864691132682396021
6617,864691132682397301
6618,864691132682397557
6619,864691132682398069
6620,864691132682399023
6621,864691132682399349
6622,864691132682401081
6623,864691132682401141
6624,864691132682401653
6625,864691132682402421
6626,864691132682404981
6627,864691132682406005
6628,864691132682406713
6629,864691132682407029
6630,864691132682410101
6631,864691132682410357
6632,864691132682410613
6633,864691132682414709
6634,864691132682415989
6635,864691132682416245
6636,864691132682417013
6637,864691132682417525
6638,864691132682419317
6639,864691132682421365
6640,864691132682422133
6641,864691132682422901
6642,864691132682423157
6643,864691132682424437
6644,864691132682424879
6645,864691132682426229
6646,864691132682426741
6647,864691132682427253
6648,864691132682427765
6649,864691132682429813
6650,864691132682432629
6651,864691132682433909
6652,864691132682434421
6653,864691132682434933
6654,864691132682436469
6655,864691132682436725
6656,864691132682440821
6657,864691132682444917
6658,864691132682448687
6659,864691132682449711
6660,864691132682491215
6661,864691132682527567
6662,864691132682529849
6663,864691132682530361
6664,864691132682535247
6665,864691132682536479
6666,864691132682542927
6667,864691132682549877
6668,864691132682551660
6669,864691132682554415
6670,864691132682563040
6671,864691132682564921
6672,864691132682566005
6673,864691132682566773
6674,864691132682567541
6675,864691132682568821
6676,864691132682569845
6677,864691132682571637
6678,864691132682572149
6679,864691132682575989
6680,864691132682576431
6681,864691132682576501
6682,864691132682577781
6683,864691132682578549
6684,864691132682580341
6685,864691132682580597
6686,864691132682581109
6687,864691132682581621
6688,864691132682581877
6689,864691132682582901
6690,864691132682583925
6691,864691132682584181
6692,864691132682584437
6693,864691132682585717
6694,864691132682585973
6695,864691132682586229
6696,864691132682586997
6697,864691132682587253
6698,864691132682589045
6699,864691132682589301
6700,864691132682589557
6701,864691132682589813
6702,864691132682600565
6703,864691132682602297
6704,864691132682626933
6705,864691132682631477
6706,864691132682633589
6707,864691132682634613
6708,864691132682634869
6709,864691132682636917
6710,864691132682637173
6711,864691132682638965
6712,864691132682639221
6713,864691132682688421
6714,864691132682688885
6715,864691132682707503
6716,864691132682712633
6717,864691132682719033
6718,864691132682742585
6719,864691132682753141
6720,864691132682763343
6721,864691132682767161
6722,864691132682769999
6723,864691132682796601
6724,864691132682801781
6725,864691132682804281
6726,864691132682814148
6727,864691132682814920
6728,864691132682815023
6729,864691132682822191
6730,864691132682822324
6731,864691132682833977
6732,864691132682840367
6733,864691132682859321
6734,864691132682870351
6735,864691132682872911
6736,864691132682876325
6737,864691132682879033
6738,864691132682883641
6739,864691132682888239
6740,864691132682897209
6741,864691132682897231
6742,864691132682902351
6743,864691132682902585
6744,864691132682903865
6745,864691132682912569
6746,864691132682933807
6747,864691132682935599
6748,864691132682950600
6749,864691132682956768
6750,864691132682969563
6751,864691132682982479
6752,864691132683002056
6753,864691132683002485
6754,864691132683024463
6755,864691132683037263
6756,864691132683053391
6757,864691132683086623
6758,864691132683087560
6759,864691132683104224
6760,864691132683114139
6761,864691132683131844
6762,864691132683134660
6763,864691132683135007
6764,864691132683136591
6765,864691132683137711
6766,864691132683137988
6767,864691132683138500
6768,864691132683139268
6769,864691132683140548
6770,864691132683141060
6771,864691132683141316
6772,864691132683144132
6773,864691132683144900
6774,864691132683145156
6775,864691132683145668
6776,864691132683147716
6777,864691132683147972
6778,864691132683148484
6779,864691132683148740
6780,864691132683152836
6781,864691132683153092
6782,864691132683153348
6783,864691132683153604
6784,864691132683156164
6785,864691132683156676
6786,864691132683158980
6787,864691132683159492
6788,864691132683160004
6789,864691132683160260
6790,864691132683160264
6791,864691132683160772
6792,864691132683161284
6793,864691132683161540
6794,864691132683163844
6795,864691132683165124
6796,864691132683167567
6797,864691132683168964
6798,864691132683169476
6799,864691132683170756
6800,864691132683171012
6801,864691132683171268
6802,864691132683172292
6803,864691132683173572
6804,864691132683175876
6805,864691132683176132
6806,864691132683178180
6807,864691132683179460
6808,864691132683179716
6809,864691132683181252
6810,864691132683181508
6811,864691132683183300
6812,864691132683186116
6813,864691132683186372
6814,864691132683187140
6815,864691132683192516
6816,864691132683193540
6817,864691132683201359
6818,864691132683221728
6819,864691132683316303
6820,864691132683318240
6821,864691132683368644
6822,864691132683369924
6823,864691132683372740
6824,864691132683372996
6825,864691132683373508
6826,864691132683374788
6827,864691132683375812
6828,864691132683376068
6829,864691132683376580
6830,864691132683377092
6831,864691132683377604
6832,864691132683377860
6833,864691132683378116
6834,864691132683378372
6835,864691132683380932
6836,864691132683381956
6837,864691132683382980
6838,864691132683383748
6839,864691132683384004
6840,864691132683384260
6841,864691132683385284
6842,864691132683387076
6843,864691132683387332
6844,864691132683388100
6845,864691132683388612
6846,864691132683415717
6847,864691132683419848
6848,864691132683421636
6849,864691132683424196
6850,864691132683424964
6851,864691132683425311
6852,864691132683428292
6853,864691132683428548
6854,864691132683429572
6855,864691132683429828
6856,864691132683430852
6857,864691132683432388
6858,864691132683434180
6859,864691132683434948
6860,864691132683436228
6861,864691132683443400
6862,864691132683449167
6863,864691132683455712
6864,864691132683473120
6865,864691132683508511
6866,864691132683516751
6867,864691132683537864
6868,864691132683599584
6869,864691132683601608
6870,864691132683616200
6871,864691132683639220
6872,864691132683641679
6873,864691132683664245
6874,864691132683696096
6875,864691132683712446
6876,864691132683730632
6877,864691132683777224
6878,864691132683791816
6879,864691132683806535
6880,864691132683806791
6881,864691132683808071
6882,864691132683810119
6883,864691132683812935
6884,864691132683812943
6885,864691132683813959
6886,864691132683815845
6887,864691132683816136
6888,864691132683817799
6889,864691132683820103
6890,864691132683820359
6891,864691132683822151
6892,864691132683823431
6893,864691132683823687
6894,864691132683824967
6895,864691132683825223
6896,864691132683825479
6897,864691132683826503
6898,864691132683827271
6899,864691132683827656
6900,864691132683827783
6901,864691132683828807
6902,864691132683829327
6903,864691132683829575
6904,864691132683829831
6905,864691132683831111
6906,864691132683831367
6907,864691132683832135
6908,864691132683832647
6909,864691132683833415
6910,864691132683834183
6911,864691132683834312
6912,864691132683834695
6913,864691132683836231
6914,864691132683836487
6915,864691132683838535
6916,864691132683840327
6917,864691132683841095
6918,864691132683841351
6919,864691132683841863
6920,864691132683842887
6921,864691132683843143
6922,864691132683843655
6923,864691132683845447
6924,864691132683846215
6925,864691132683846471
6926,864691132683846880
6927,864691132683847239
6928,864691132683847495
6929,864691132683848519
6930,864691132683849184
6931,864691132683850055
6932,864691132683850567
6933,864691132683850823
6934,864691132683851079
6935,864691132683851125
6936,864691132683853639
6937,864691132683854151
6938,864691132683854407
6939,864691132683854663
6940,864691132683855439
6941,864691132683856455
6942,864691132683856967
6943,864691132683857479
6944,864691132683858767
6945,864691132683859015
6946,864691132683859783
6947,864691132683861704
6948,864691132683861984
6949,864691132683864135
6950,864691132683864903
6951,864691132683865159
6952,864691132683865415
6953,864691132683866439
6954,864691132683868487
6955,864691132683869511
6956,864691132683870279
6957,864691132683871815
6958,864691132683872071
6959,864691132683872327
6960,864691132683873359
6961,864691132683878431
6962,864691132683880869
6963,864691132683887284
6964,864691132683902117
6965,864691132683912263
6966,864691132683919269
6967,864691132683924255
6968,864691132683928520
6969,864691132683932384
6970,864691132683937589
6971,864691132683952836
6972,864691132683968387
6973,864691132684002244
6974,864691132684021448
6975,864691132684025927
6976,864691132684026183
6977,864691132684027719
6978,864691132684028231
6979,864691132684028487
6980,864691132684028743
6981,864691132684069447
6982,864691132684073031
6983,864691132684073696
6984,864691132684074311
6985,864691132684075335
6986,864691132684076615
6987,864691132684077639
6988,864691132684077685
6989,864691132684078407
6990,864691132684078663
6991,864691132684078919
6992,864691132684079175
6993,864691132684079431
6994,864691132684079687
6995,864691132684080455
6996,864691132684080711
6997,864691132684083680
6998,864691132684087669
6999,864691132684091104
7000,864691132684093861
7001,864691132684097103
7002,864691132684129158
7003,864691132684134340
7004,864691132684141383
7005,864691132684156743
7006,864691132684158432
7007,864691132684172592
7008,864691132684177120
7009,864691132684196935
7010,864691132684198624
7011,864691132684199077
7012,864691132684199112
7013,864691132684210400
7014,864691132684213535
7015,864691132684222373
7016,864691132684232699
7017,864691132684257988
7018,864691132684261064
7019,864691132684266720
7020,864691132684270415
7021,864691132684273573
7022,864691132684294856
7023,864691132684296874
7024,864691132684299637
7025,864691132684315592
7026,864691132684328884
7027,864691132684372960
7028,864691132684377824
7029,864691132684384933
7030,864691132684400840
7031,864691132684403109
7032,864691132684446176
7033,864691132684455385
7034,864691132684456160
7035,864691132684460768
7036,864691132684466090
7037,864691132684485285
7038,864691132684509340
7039,864691132684530207
7040,864691132684536143
7041,864691132684541034
7042,864691132684543007
7043,864691132684561951
7044,864691132684571423
7045,864691132684576677
7046,864691132684597023
7047,864691132684598343
7048,864691132684633415
7049,864691132684654671
7050,864691132684656037
7051,864691132684670325
7052,864691132684682661
7053,864691132684720927
7054,864691132684722853
7055,864691132684750367
7056,864691132684788085
7057,864691132684791461
7058,864691132684816463
7059,864691132684817223
7060,864691132684832629
7061,864691132684836127
7062,864691132684845647
7063,864691132684848549
7064,864691132684866591
7065,864691132684885063
7066,864691132684887205
7067,864691132684890703
7068,864691132684895055
7069,864691132684901711
7070,864691132684909087
7071,864691132684949157
7072,864691132684978759
7073,864691132685013279
7074,864691132685016647
7075,864691132685053727
7076,864691132685057823
7077,864691132685067591
7078,864691132685089445
7079,864691132685124383
7080,864691132685142437
7081,864691132685151093
7082,864691132685161652
7083,864691132685166927
7084,864691132685167183
7085,864691132685170085
7086,864691132685170511
7087,864691132685194661
7088,864691132685195173
7089,864691132685225893
7090,864691132685306655
7091,864691132685315268
7092,864691132685322164
7093,864691132685327733
7094,864691132685378677
7095,864691132685384773
7096,864691132685387855
7097,864691132685418436
7098,864691132685476725
7099,864691132685502581
7100,864691132685513503
7101,864691132685532703
7102,864691132685550367
7103,864691132685554314
7104,864691132685558922
7105,864691132685562506
7106,864691132685563786
7107,864691132685564042
7108,864691132685565066
7109,864691132685565834
7110,864691132685567114
7111,864691132685567882
7112,864691132685568650
7113,864691132685568906
7114,864691132685570186
7115,864691132685573151
7116,864691132685574026
7117,864691132685574773
7118,864691132685575562
7119,864691132685576330
7120,864691132685576991
7121,864691132685577354
7122,864691132685578122
7123,864691132685579658
7124,864691132685581450
7125,864691132685581962
7126,864691132685584778
7127,864691132685585034
7128,864691132685585604
7129,864691132685586058
7130,864691132685587338
7131,864691132685587594
7132,864691132685588362
7133,864691132685588618
7134,864691132685590666
7135,864691132685591178
7136,864691132685592202
7137,864691132685592714
7138,864691132685593226
7139,864691132685594506
7140,864691132685595530
7141,864691132685596298
7142,864691132685600138
7143,864691132685603466
7144,864691132685603978
7145,864691132685604234
7146,864691132685605002
7147,864691132685605770
7148,864691132685622559
7149,864691132685636981
7150,864691132685644149
7151,864691132685647556
7152,864691132685659935
7153,864691132685660789
7154,864691132685669572
7155,864691132685713781
7156,864691132685716420
7157,864691132685721461
7158,864691132685726346
7159,864691132685726602
7160,864691132685727882
7161,864691132685728037
7162,864691132685729418
7163,864691132685730186
7164,864691132685730442
7165,864691132685730698
7166,864691132685730954
7167,864691132685745034
7168,864691132685745290
7169,864691132685746826
7170,864691132685749386
7171,864691132685751434
7172,864691132685751946
7173,864691132685752202
7174,864691132685753738
7175,864691132685755530
7176,864691132685756810
7177,864691132685757322
7178,864691132685761418
7179,864691132685767199
7180,864691132685777811
7181,864691132685805647
7182,864691132685811743
7183,864691132685813535
7184,864691132685854581
7185,864691132685869855
7186,864691132685870919
7187,864691132685873223
7188,864691132685874037
7189,864691132685887007
7190,864691132685895797
7191,864691132685898436
7192,864691132685904159
7193,864691132685907061
7194,864691132685908767
7195,864691132685914741
7196,864691132685931551
7197,864691132685940767
7198,864691132685944772
7199,864691132685983626
7200,864691132685995402
7201,864691132686015114
7202,864691132686022727
7203,864691132686024644
7204,864691132686026692
7205,864691132686028592
7206,864691132686045263
7207,864691132686087065
7208,864691132686101898
7209,864691132686151876
7210,864691132686237255
7211,864691132686244458
7212,864691132686317508
7213,864691132686347402
7214,864691132686357956
7215,864691132686365767
7216,864691132686369095
7217,864691132686381252
7218,864691132686392391
7219,864691132686403524
7220,864691132686431752
7221,864691132686450767
7222,864691132686477895
7223,864691132686486724
7224,864691132686547908
7225,864691132686571855
7226,864691132686594631
7227,864691132686601287
7228,864691132686616516
7229,864691132686629703
7230,864691132686630920
7231,864691132686631688
7232,864691132686635016
7233,864691132686636296
7234,864691132686640392
7235,864691132686641928
7236,864691132686642440
7237,864691132686645768
7238,864691132686647560
7239,864691132686648840
7240,864691132686649864
7241,864691132686651912
7242,864691132686652168
7243,864691132686652936
7244,864691132686654728
7245,864691132686655496
7246,864691132686656520
7247,864691132686659848
7248,864691132686660872
7249,864691132686661640
7250,864691132686662152
7251,864691132686664968
7252,864691132686665224
7253,864691132686665992
7254,864691132686666760
7255,864691132686668808
7256,864691132686669320
7257,864691132686669576
7258,864691132686671880
7259,864691132686674440
7260,864691132686674952
7261,864691132686675720
7262,864691132686676744
7263,864691132686677000
7264,864691132686678024
7265,864691132686680584
7266,864691132686680840
7267,864691132686682120
7268,864691132686684424
7269,864691132686684680
7270,864691132686685192
7271,864691132686686148
7272,864691132686687752
7273,864691132686688264
7274,864691132686690824
7275,864691132686691336
7276,864691132686692360
7277,864691132686692872
7278,864691132686693384
7279,864691132686693896
7280,864691132686694152
7281,864691132686695176
7282,864691132686695944
7283,864691132686696712
7284,864691132686698504
7285,864691132686699016
7286,864691132686699272
7287,864691132686699528
7288,864691132686701576
7289,864691132686702088
7290,864691132686702344
7291,864691132686702856
7292,864691132686703624
7293,864691132686705672
7294,864691132686709256
7295,864691132686709512
7296,864691132686709768
7297,864691132686712840
7298,864691132686715912
7299,864691132686716168
7300,864691132686716680
7301,864691132686718984
7302,864691132686719496
7303,864691132686720264
7304,864691132686722568
7305,864691132686723592
7306,864691132686725128
7307,864691132686725640
7308,864691132686725896
7309,864691132686727176
7310,864691132686727944
7311,864691132686729736
7312,864691132686731272
7313,864691132686731784
7314,864691132686734088
7315,864691132686735880
7316,864691132686736904
7317,864691132686737928
7318,864691132686738952
7319,864691132686739208
7320,864691132686740744
7321,864691132686741512
7322,864691132686741768
7323,864691132686742792
7324,864691132686743560
7325,864691132686744328
7326,864691132686744516
7327,864691132686744840
7328,864691132686746888
7329,864691132686747912
7330,864691132686748936
7331,864691132686750216
7332,864691132686753032
7333,864691132686753288
7334,864691132686755336
7335,864691132686756104
7336,864691132686778308
7337,864691132686847815
7338,864691132686877124
7339,864691132686888388
7340,864691132686893320
7341,864691132686894088
7342,864691132686894344
7343,864691132686894600
7344,864691132686895368
7345,864691132686895880
7346,864691132686896136
7347,864691132686897672
7348,864691132686898184
7349,864691132686899208
7350,864691132686901000
7351,864691132686902280
7352,864691132686902792
7353,864691132686903048
7354,864691132686917828
7355,864691132686958344
7356,864691132686958856
7357,864691132686960136
7358,864691132686960392
7359,864691132686965000
7360,864691132686965256
7361,864691132686965512
7362,864691132686965768
7363,864691132686966024
7364,864691132686966280
7365,864691132686966536
7366,864691132686968260
7367,864691132686973192
7368,864691132686983876
7369,864691132686986567
7370,864691132686988009
7371,864691132687049668
7372,864691132687062599
7373,864691132687112263
7374,864691132687114055
7375,864691132687122184
7376,864691132687133578
7377,864691132687156807
7378,864691132687180040
7379,864691132687220874
7380,864691132687262005
7381,864691132687298375
7382,864691132687317575
7383,864691132687365447
7384,864691132687406663
7385,864691132687418376
7386,864691132687418408
7387,864691132687422857
7388,864691132687436938
7389,864691132687468879
7390,864691132687474759
7391,864691132687481671
7392,864691132687487722
7393,864691132687571527
7394,864691132687595079
7395,864691132687617351
7396,864691132687648138
7397,864691132687726407
7398,864691132687746631
7399,864691132687751658
7400,864691132687752682
7401,864691132687754474
7402,864691132687754986
7403,864691132687756010
7404,864691132687756266
7405,864691132687756522
7406,864691132687757034
7407,864691132687757546
7408,864691132687758570
7409,864691132687759850
7410,864691132687761898
7411,864691132687762410
7412,864691132687764714
7413,864691132687765226
7414,864691132687766506
7415,864691132687767274
7416,864691132687767786
7417,864691132687768298
7418,864691132687768554
7419,864691132687769159
7420,864691132687769322
7421,864691132687769578
7422,864691132687770090
7423,864691132687771626
7424,864691132687771882
7425,864691132687772394
7426,864691132687773162
7427,864691132687773930
7428,864691132687775210
7429,864691132687775466
7430,864691132687775722
7431,864691132687776234
7432,864691132687776490
7433,864691132687776746
7434,864691132687777002
7435,864691132687777770
7436,864691132687778538
7437,864691132687779050
7438,864691132687780330
7439,864691132687781354
7440,864691132687782634
7441,864691132687783146
7442,864691132687784170
7443,864691132687785194
7444,864691132687785706
7445,864691132687786248
7446,864691132687786730
7447,864691132687786986
7448,864691132687787242
7449,864691132687787498
7450,864691132687787754
7451,864691132687788266
7452,864691132687788778
7453,864691132687791338
7454,864691132687791850
7455,864691132687792106
7456,864691132687792648
7457,864691132687794410
7458,864691132687795946
7459,864691132687797994
7460,864691132687798762
7461,864691132687799274
7462,864691132687800554
7463,864691132687800810
7464,864691132687802346
7465,864691132687802602
7466,864691132687802858
7467,864691132687803370
7468,864691132687804138
7469,864691132687804650
7470,864691132687804680
7471,864691132687804906
7472,864691132687806442
7473,864691132687806698
7474,864691132687807722
7475,864691132687808746
7476,864691132687810026
7477,864691132687810794
7478,864691132687811050
7479,864691132687811562
7480,864691132687812586
7481,864691132687813610
7482,864691132687814122
7483,864691132687815402
7484,864691132687816170
7485,864691132687816456
7486,864691132687817194
7487,864691132687819754
7488,864691132687821290
7489,864691132687822058
7490,864691132687823242
7491,864691132687823594
7492,864691132687823850
7493,864691132687824362
7494,864691132687825386
7495,864691132687826410
7496,864691132687827946
7497,864691132687829738
7498,864691132687830762
7499,864691132687832810
7500,864691132687837674
7501,864691132687838186
7502,864691132687840234
7503,864691132687843818
7504,864691132687844074
7505,864691132687846634
7506,864691132687860916
7507,864691132687970186
7508,864691132687980521
7509,864691132687997066
7510,864691132688007759
7511,864691132688011498
7512,864691132688011754
7513,864691132688012266
7514,864691132688013034
7515,864691132688014826
7516,864691132688015082
7517,864691132688015338
7518,864691132688016874
7519,864691132688017130
7520,864691132688018922
7521,864691132688019434
7522,864691132688021130
7523,864691132688021994
7524,864691132688023530
7525,864691132688024042
7526,864691132688025066
7527,864691132688025578
7528,864691132688026090
7529,864691132688026346
7530,864691132688026858
7531,864691132688027370
7532,864691132688028298
7533,864691132688029674
7534,864691132688030186
7535,864691132688030698
7536,864691132688032234
7537,864691132688032490
7538,864691132688033258
7539,864691132688033770
7540,864691132688034026
7541,864691132688034794
7542,864691132688035050
7543,864691132688053993
7544,864691132688054154
7545,864691132688083946
7546,864691132688085226
7547,864691132688089834
7548,864691132688090090
7549,864691132688090346
7550,864691132688091114
7551,864691132688091626
7552,864691132688091882
7553,864691132688149642
7554,864691132688213994
7555,864691132688269061
7556,864691132688280283
7557,864691132688293199
7558,864691132688306868
7559,864691132688357398
7560,864691132688357654
7561,864691132688358166
7562,864691132688360982
7563,864691132688362774
7564,864691132688363286
7565,864691132688365236
7566,864691132688366133
7567,864691132688366614
7568,864691132688367126
7569,864691132688368150
7570,864691132688369686
7571,864691132688371734
7572,864691132688372758
7573,864691132688373270
7574,864691132688375574
7575,864691132688376086
7576,864691132688378902
7577,864691132688379414
7578,864691132688379670
7579,864691132688380438
7580,864691132688380694
7581,864691132688380950
7582,864691132688382742
7583,864691132688384534
7584,864691132688385302
7585,864691132688385558
7586,864691132688385814
7587,864691132688386070
7588,864691132688386326
7589,864691132688387350
7590,864691132688387606
7591,864691132688391446
7592,864691132688391702
7593,864691132688391958
7594,864691132688392470
7595,864691132688392726
7596,864691132688393238
7597,864691132688393750
7598,864691132688394006
7599,864691132688394518
7600,864691132688394774
7601,864691132688395542
7602,864691132688396566
7603,864691132688396822
7604,864691132688397078
7605,864691132688398102
7606,864691132688398358
7607,864691132688399894
7608,864691132688400150
7609,864691132688401686
7610,864691132688402454
7611,864691132688405526
7612,864691132688406806
7613,864691132688408598
7614,864691132688413206
7615,864691132688413462
7616,864691132688413718
7617,864691132688417046
7618,864691132688417302
7619,864691132688419350
7620,864691132688420374
7621,864691132688420886
7622,864691132688422678
7623,864691132688422934
7624,864691132688423702
7625,864691132688425238
7626,864691132688426774
7627,864691132688428054
7628,864691132688429802
7629,864691132688430870
7630,864691132688431126
7631,864691132688432150
7632,864691132688432406
7633,864691132688432662
7634,864691132688433430
7635,864691132688434966
7636,864691132688435208
7637,864691132688436502
7638,864691132688436758
7639,864691132688437270
7640,864691132688438038
7641,864691132688438550
7642,864691132688438806
7643,864691132688442134
7644,864691132688442646
7645,864691132688443158
7646,864691132688443670
7647,864691132688445974
7648,864691132688446230
7649,864691132688447254
7650,864691132688447510
7651,864691132688447766
7652,864691132688448022
7653,864691132688449046
7654,864691132688449302
7655,864691132688449558
7656,864691132688449814
7657,864691132688452374
7658,864691132688452630
7659,864691132688452886
7660,864691132688453142
7661,864691132688456726
7662,864691132688458262
7663,864691132688511370
7664,864691132688559242
7665,864691132688561802
7666,864691132688580842
7667,864691132688589846
7668,864691132688590358
7669,864691132688591126
7670,864691132688591382
7671,864691132688591894
7672,864691132688592918
7673,864691132688593686
7674,864691132688594710
7675,864691132688595478
7676,864691132688595990
7677,864691132688597014
7678,864691132688599318
7679,864691132688600854
7680,864691132688601366
7681,864691132688601878
7682,864691132688602390
7683,864691132688603414
7684,864691132688603670
7685,864691132688603926
7686,864691132688604182
7687,864691132688604694
7688,864691132688608650
7689,864691132688625686
7690,864691132688625942
7691,864691132688627222
7692,864691132688629014
7693,864691132688630024
7694,864691132688630038
7695,864691132688630550
7696,864691132688633622
7697,864691132688634390
7698,864691132688634902
7699,864691132688635414
7700,864691132688636182
7701,864691132688638998
7702,864691132688641814
7703,864691132688642326
7704,864691132688642582
7705,864691132688643862
7706,864691132688646934
7707,864691132688653846
7708,864691132688654870
7709,864691132688655894
7710,864691132688656150
7711,864691132688656918
7712,864691132688657686
7713,864691132688658454
7714,864691132688733834
7715,864691132688737162
7716,864691132688745525
7717,864691132688785588
7718,864691132688786108
7719,864691132688793226
7720,864691132688803948
7721,864691132688814088
7722,864691132688816463
7723,864691132688847081
7724,864691132688851720
7725,864691132688939241
7726,864691132688940719
7727,864691132688943112
7728,864691132688957578
7729,864691132688983375
7730,864691132688987786
7731,864691132689023370
7732,864691132689059978
7733,864691132689068010
7734,864691132689084554
7735,864691132689092586
7736,864691132689112970
7737,864691132689127658
7738,864691132689131498
7739,864691132689169546
7740,864691132689178762
7741,864691132689188242
7742,864691132689207032
7743,864691132689208312
7744,864691132689212664
7745,864691132689213688
7746,864691132689214456
7747,864691132689214968
7748,864691132689215480
7749,864691132689216504
7750,864691132689218808
7751,864691132689219064
7752,864691132689219576
7753,864691132689221880
7754,864691132689222904
7755,864691132689223160
7756,864691132689223672
7757,864691132689223928
7758,864691132689224184
7759,864691132689224440
7760,864691132689225208
7761,864691132689225464
7762,864691132689225976
7763,864691132689228280
7764,864691132689228536
7765,864691132689230584
7766,864691132689231864
7767,864691132689233656
7768,864691132689234168
7769,864691132689234936
7770,864691132689235192
7771,864691132689237496
7772,864691132689239800
7773,864691132689241080
7774,864691132689241592
7775,864691132689242616
7776,864691132689242872
7777,864691132689243896
7778,864691132689244152
7779,864691132689244664
7780,864691132689244920
7781,864691132689247992
7782,864691132689249016
7783,864691132689249528
7784,864691132689250808
7785,864691132689251832
7786,864691132689253624
7787,864691132689254392
7788,864691132689254904
7789,864691132689258232
7790,864691132689258744
7791,864691132689260280
7792,864691132689262072
7793,864691132689263608
7794,864691132689263864
7795,864691132689264632
7796,864691132689265656
7797,864691132689269240
7798,864691132689269752
7799,864691132689270776
7800,864691132689271800
7801,864691132689272824
7802,864691132689276664
7803,864691132689277432
7804,864691132689278200
7805,864691132689279224
7806,864691132689280504
7807,864691132689281784
7808,864691132689282296
7809,864691132689299082
7810,864691132689356426
7811,864691132689379080
7812,864691132689380746
7813,864691132689389802
7814,864691132689400312
7815,864691132689400568
7816,864691132689400824
7817,864691132689401848
7818,864691132689402104
7819,864691132689402616
7820,864691132689403656
7821,864691132689403896
7822,864691132689404152
7823,864691132689404408
7824,864691132689405688
7825,864691132689406456
7826,864691132689407224
7827,864691132689408760
7828,864691132689410552
7829,864691132689411064
7830,864691132689412344
7831,864691132689412600
7832,864691132689413624
7833,864691132689413880
7834,864691132689414136
7835,864691132689414904
7836,864691132689416696
7837,864691132689416952
7838,864691132689417208
7839,864691132689425290
7840,864691132689434360
7841,864691132689435128
7842,864691132689436408
7843,864691132689439992
7844,864691132689450232
7845,864691132689450488
7846,864691132689455096
7847,864691132689494933
7848,864691132689544456
7849,864691132689548404
7850,864691132689562360
7851,864691132689574408
7852,864691132689607701
7853,864691132689609494
7854,864691132689683945
7855,864691132689685000
7856,864691132689759210
7857,864691132689764360
7858,864691132689788936
7859,864691132689789960
7860,864691132689894780
7861,864691132689900296
7862,864691132689944086
7863,864691132689975156
7864,864691132689989880
7865,864691132690050312
7866,864691132690065686
7867,864691132690075656
7868,864691132690108394
7869,864691132690158600
7870,864691132690159368
7871,864691132690175752
7872,864691132690177544
7873,864691132690185224
7874,864691132690194184
7875,864691132690347498
7876,864691132690360312
7877,864691132690393848
7878,864691132690423786
7879,864691132690461674
7880,864691132690584042
7881,864691132690589162
7882,864691132690638840
7883,864691132690643690
7884,864691132690667242
7885,864691132690678250
7886,864691132690686954
7887,864691132690691663
7888,864691132690708458
7889,864691132690787818
7890,864691132690791635
7891,864691132690801386
7892,864691132690933240
7893,864691132690936554
7894,864691132690961430
7895,864691132690982076
7896,864691132690982392
7897,864691132691006186
7898,864691132691044586
7899,864691132691072746
7900,864691132691118188
7901,864691132691121642
7902,864691132691143914
7903,864691132691147768
7904,864691132691188970
7905,864691132691194390
7906,864691132691211542
7907,864691132691226090
7908,864691132691238422
7909,864691132691242774
7910,864691132691247850
7911,864691132691248150
7912,864691132691273464
7913,864691132691295210
7914,864691132691328534
7915,864691132691343352
7916,864691132691350250
7917,864691132691363562
7918,864691132691430166
7919,864691132691432696
7920,864691132691493354
7921,864691132691519766
7922,864691132691535608
7923,864691132691541752
7924,864691132691599082
7925,864691132691601642
7926,864691132691608824
7927,864691132691616504
7928,864691132691617258
7929,864691132691625962
7930,864691132691639530
7931,864691132691646442
7932,864691132691685368
7933,864691132691696362
7934,864691132691698198
7935,864691132691703274
7936,864691132691721976
7937,864691132691731178
7938,864691132691740920
7939,864691132691745258
7940,864691132691751446
7941,864691132691767288
7942,864691132691830095
7943,864691132691853846
7944,864691132691949911
7945,864691132691956728
7946,864691132691969972
7947,864691132692016632
7948,864691132692053526
7949,864691132692064248
7950,864691132692067832
7951,864691132692104726
7952,864691132692163064
7953,864691132692184342
7954,864691132692203286
7955,864691132692208888
7956,864691132692230904
7957,864691132692242198
7958,864691132692264696
7959,864691132692304376
7960,864691132692306168
7961,864691132692332536
7962,864691132692340216
7963,864691132692351736
7964,864691132692425720
7965,864691132692478968
7966,864691132692627192
7967,864691132692642793
7968,864691132692645353
7969,864691132692647160
7970,864691132692649720
7971,864691132692650473
7972,864691132692651241
7973,864691132692651497
7974,864691132692651753
7975,864691132692652777
7976,864691132692654569
7977,864691132692655849
7978,864691132692656873
7979,864691132692657385
7980,864691132692657641
7981,864691132692658153
7982,864691132692660713
7983,864691132692664041
7984,864691132692668137
7985,864691132692668905
7986,864691132692670441
7987,864691132692671465
7988,864691132692673257
7989,864691132692673769
7990,864691132692674793
7991,864691132692675561
7992,864691132692676073
7993,864691132692676329
7994,864691132692676841
7995,864691132692677097
7996,864691132692678377
7997,864691132692686825
7998,864691132692687337
7999,864691132692689897
8000,864691132692691689
8001,864691132692692969
8002,864691132692693225
8003,864691132692693993
8004,864691132692694505
8005,864691132692695273
8006,864691132692696297
8007,864691132692699369
8008,864691132692756119
8009,864691132692841705
8010,864691132692842217
8011,864691132692842985
8012,864691132692843753
8013,864691132692844265
8014,864691132692844777
8015,864691132692845289
8016,864691132692845801
8017,864691132692847081
8018,864691132692847593
8019,864691132692847849
8020,864691132692849641
8021,864691132692849897
8022,864691132692850153
8023,864691132692850409
8024,864691132692851689
8025,864691132692855017
8026,864691132692855273
8027,864691132692856809
8028,864691132692857577
8029,864691132692857833
8030,864691132692858089
8031,864691132692858345
8032,864691132692858857
8033,864691132692860649
8034,864691132692862953
8035,864691132692863977
8036,864691132692893673
8037,864691132692894697
8038,864691132692894953
8039,864691132692897513
8040,864691132692897769
8041,864691132692899049
8042,864691132692899305
8043,864691132692900841
8044,864691132692903913
8045,864691132692904169
8046,864691132692904425
8047,864691132692905961
8048,864691132692906985
8049,864691132692907497
8050,864691132692908521
8051,864691132692926572
8052,864691132692953268
8053,864691132692965680
8054,864691132693164169
8055,864691132693215451
8056,864691132693368553
8057,864691132693592195
8058,864691132693602031
8059,864691132693622209
8060,864691132693791604
8061,864691132693959503
8062,864691132694163177
8063,864691132694261029
8064,864691132694284009
8065,864691132694341609
8066,864691132694404841
8067,864691132694753204
8068,864691132694773481
8069,864691132694783525
8070,864691132694829896
8071,864691132694900201
8072,864691132694924635
8073,864691132694925147
8074,864691132694932571
8075,864691132694933339
8076,864691132694933595
8077,864691132694935529
8078,864691132694935643
8079,864691132694936923
8080,864691132694937691
8081,864691132694938203
8082,864691132694943067
8083,864691132694943835
8084,864691132694944859
8085,864691132694946907
8086,864691132694947163
8087,864691132694947675
8088,864691132694948955
8089,864691132694949211
8090,864691132694949467
8091,864691132694949723
8092,864691132694949979
8093,864691132694950491
8094,864691132694950747
8095,864691132694951515
8096,864691132694951771
8097,864691132694955355
8098,864691132694956891
8099,864691132694958171
8100,864691132694958427
8101,864691132694958683
8102,864691132694958939
8103,864691132694959707
8104,864691132694959963
8105,864691132694960987
8106,864691132694961755
8107,864691132694962267
8108,864691132694962779
8109,864691132694963035
8110,864691132694963547
8111,864691132694964827
8112,864691132694966363
8113,864691132694967643
8114,864691132694969179
8115,864691132694969435
8116,864691132694969947
8117,864691132694970971
8118,864691132694973019
8119,864691132694974555
8120,864691132694975067
8121,864691132694975835
8122,864691132694976347
8123,864691132694976603
8124,864691132694977883
8125,864691132694978395
8126,864691132694978907
8127,864691132694979163
8128,864691132694980955
8129,864691132694981979
8130,864691132694983259
8131,864691132694983771
8132,864691132694985563
8133,864691132694989915
8134,864691132694992219
8135,864691132694993499
8136,864691132694994779
8137,864691132694995035
8138,864691132694995291
8139,864691132694996059
8140,864691132694996571
8141,864691132694997083
8142,864691132694998107
8143,864691132695000411
8144,864691132695000667
8145,864691132695001435
8146,864691132695004251
8147,864691132695004507
8148,864691132695005019
8149,864691132695005787
8150,864691132695008859
8151,864691132695010139
8152,864691132695011675
8153,864691132695014235
8154,864691132695016027
8155,864691132695016539
8156,864691132695094265
8157,864691132695099625
8158,864691132695136584
8159,864691132695171049
8160,864691132695171675
8161,864691132695172699
8162,864691132695172955
8163,864691132695175515
8164,864691132695177563
8165,864691132695178075
8166,864691132695179355
8167,864691132695179611
8168,864691132695180379
8169,864691132695180635
8170,864691132695182171
8171,864691132695183195
8172,864691132695184219
8173,864691132695184475
8174,864691132695184731
8175,864691132695184987
8176,864691132695185243
8177,864691132695185499
8178,864691132695186267
8179,864691132695187803
8180,864691132695188827
8181,864691132695189083
8182,864691132695190363
8183,864691132695190875
8184,864691132695191387
8185,864691132695193435
8186,864691132695195483
8187,864691132695195739
8188,864691132695196251
8189,864691132695196507
8190,864691132695197787
8191,864691132695219291
8192,864691132695231067
8193,864691132695232859
8194,864691132695233371
8195,864691132695233883
8196,864691132695234139
8197,864691132695235163
8198,864691132695236443
8199,864691132695411547
8200,864691132695446249
8201,864691132695668571
8202,864691132695735529
8203,864691132695748443
8204,864691132695752937
8205,864691132695761701
8206,864691132695831375
8207,864691132695892713
8208,864691132695899257
8209,864691132695908970
8210,864691132695910377
8211,864691132695927273
8212,864691132695940329
8213,864691132695966512
8214,864691132695968489
8215,864691132695969578
8216,864691132695970346
8217,864691132695970602
8218,864691132695973674
8219,864691132695974442
8220,864691132695975722
8221,864691132695975978
8222,864691132695976746
8223,864691132695977002
8224,864691132695979050
8225,864691132695979306
8226,864691132695980074
8227,864691132695980330
8228,864691132695981610
8229,864691132695982634
8230,864691132695983658
8231,864691132695983914
8232,864691132695984170
8233,864691132695984426
8234,864691132695984682
8235,864691132695985194
8236,864691132695985962
8237,864691132695986474
8238,864691132695988010
8239,864691132695989290
8240,864691132695990058
8241,864691132695991082
8242,864691132695991273
8243,864691132695993130
8244,864691132695993898
8245,864691132695995178
8246,864691132695996340
8247,864691132695997994
8248,864691132695998762
8249,864691132695999018
8250,864691132695999530
8251,864691132696000554
8252,864691132696002346
8253,864691132696002602
8254,864691132696002858
8255,864691132696003882
8256,864691132696006186
8257,864691132696007466
8258,864691132696007913
8259,864691132696007978
8260,864691132696008746
8261,864691132696009770
8262,864691132696010538
8263,864691132696011562
8264,864691132696016170
8265,864691132696016682
8266,864691132696017706
8267,864691132696018474
8268,864691132696019498
8269,864691132696020522
8270,864691132696023082
8271,864691132696023338
8272,864691132696023594
8273,864691132696025130
8274,864691132696025642
8275,864691132696025898
8276,864691132696026922
8277,864691132696027178
8278,864691132696029738
8279,864691132696030762
8280,864691132696031530
8281,864691132696031786
8282,864691132696032042
8283,864691132696034090
8284,864691132696131715
8285,864691132696138282
8286,864691132696164841
8287,864691132696190506
8288,864691132696191530
8289,864691132696191977
8290,864691132696192745
8291,864691132696193834
8292,864691132696194602
8293,864691132696195626
8294,864691132696196906
8295,864691132696197162
8296,864691132696198186
8297,864691132696204842
8298,864691132696205098
8299,864691132696224554
8300,864691132696225322
8301,864691132696225578
8302,864691132696225834
8303,864691132696229162
8304,864691132696229930
8305,864691132696230954
8306,864691132696233258
8307,864691132696235306
8308,864691132696235562
8309,864691132696238890
8310,864691132696244778
8311,864691132696246570
8312,864691132696248106
8313,864691132696248618
8314,864691132696249130
8315,864691132696249642
8316,864691132696249898
8317,864691132696250154
8318,864691132696254697
8319,864691132696322907
8320,864691132696478683
8321,864691132696488923
8322,864691132696496110
8323,864691132696548699
8324,864691132696719183
8325,864691132696721286
8326,864691132696723078
8327,864691132696725126
8328,864691132696727686
8329,864691132696727942
8330,864691132696730246
8331,864691132696731014
8332,864691132696731270
8333,864691132696732294
8334,864691132696734598
8335,864691132696735323
8336,864691132696735622
8337,864691132696736134
8338,864691132696737158
8339,864691132696738182
8340,864691132696738694
8341,864691132696739974
8342,864691132696742534
8343,864691132696745094
8344,864691132696745606
8345,864691132696746118
8346,864691132696746886
8347,864691132696747142
8348,864691132696747654
8349,864691132696749190
8350,864691132696750470
8351,864691132696751494
8352,864691132696751750
8353,864691132696752262
8354,864691132696752774
8355,864691132696753030
8356,864691132696753286
8357,864691132696753542
8358,864691132696754310
8359,864691132696754822
8360,864691132696755590
8361,864691132696756358
8362,864691132696756614
8363,864691132696758150
8364,864691132696760198
8365,864691132696760966
8366,864691132696761478
8367,864691132696761734
8368,864691132696763526
8369,864691132696766598
8370,864691132696767878
8371,864691132696771206
8372,864691132696771974
8373,864691132696772486
8374,864691132696773254
8375,864691132696776070
8376,864691132696778630
8377,864691132696779142
8378,864691132696780166
8379,864691132696781190
8380,864691132696782726
8381,864691132696782982
8382,864691132696783494
8383,864691132696869607
8384,864691132696900699
8385,864691132696922410
8386,864691132696923227
8387,864691132696933812
8388,864691132696937094
8389,864691132696938886
8390,864691132696939142
8391,864691132696940166
8392,864691132696942726
8393,864691132696942982
8394,864691132696943750
8395,864691132696945286
8396,864691132696945542
8397,864691132696945798
8398,864691132696946310
8399,864691132696946822
8400,864691132696948358
8401,864691132696948614
8402,864691132696949638
8403,864691132696951430
8404,864691132696952198
8405,864691132696955270
8406,864691132696955782
8407,864691132696956806
8408,864691132696957318
8409,864691132696957830
8410,864691132696958086
8411,864691132696958342
8412,864691132696958854
8413,864691132696959366
8414,864691132696960646
8415,864691132696960902
8416,864691132696975494
8417,864691132696977542
8418,864691132696979078
8419,864691132696979334
8420,864691132696980102
8421,864691132696981894
8422,864691132696983174
8423,864691132696983686
8424,864691132696984198
8425,864691132697001819
8426,864691132697002374
8427,864691132697177326
8428,864691132697188699
8429,864691132697189766
8430,864691132697192942
8431,864691132697195142
8432,864691132697225665
8433,864691132697284980
8434,864691132697293669
8435,864691132697330779
8436,864691132697395182
8437,864691132697432411
8438,864691132697453038
8439,864691132697472390
8440,864691132697495131
8441,864691132697512582
8442,864691132697542491
8443,864691132697543978
8444,864691132697577134
8445,864691132697754246
8446,864691132697766790
8447,864691132697791835
8448,864691132697800490
8449,864691132697804330
8450,864691132697806427
8451,864691132697817947
8452,864691132697824902
8453,864691132697832697
8454,864691132697859675
8455,864691132697873780
8456,864691132697892788
8457,864691132697908571
8458,864691132697916763
8459,864691132697956078
8460,864691132697972581
8461,864691132698002779
8462,864691132698006058
8463,864691132698058331
8464,864691132698069595
8465,864691132698130100
8466,864691132698181015
8467,864691132698190075
8468,864691132698195636
8469,864691132698203704
8470,864691132698209080
8471,864691132698213432
8472,864691132698213688
8473,864691132698215736
8474,864691132698216248
8475,864691132698216504
8476,864691132698217272
8477,864691132698217528
8478,864691132698217784
8479,864691132698219576
8480,864691132698219832
8481,864691132698220088
8482,864691132698222136
8483,864691132698223672
8484,864691132698225208
8485,864691132698225464
8486,864691132698227256
8487,864691132698227512
8488,864691132698228280
8489,864691132698228792
8490,864691132698229816
8491,864691132698230840
8492,864691132698233144
8493,864691132698234424
8494,864691132698237240
8495,864691132698238008
8496,864691132698238520
8497,864691132698239288
8498,864691132698239800
8499,864691132698240056
8500,864691132698240568
8501,864691132698240824
8502,864691132698241080
8503,864691132698242104
8504,864691132698243384
8505,864691132698243640
8506,864691132698244664
8507,864691132698244920
8508,864691132698246456
8509,864691132698247224
8510,864691132698249272
8511,864691132698250296
8512,864691132698250808
8513,864691132698252088
8514,864691132698255160
8515,864691132698255416
8516,864691132698256440
8517,864691132698260024
8518,864691132698260536
8519,864691132698261560
8520,864691132698261816
8521,864691132698262328
8522,864691132698262584
8523,864691132698263096
8524,864691132698265912
8525,864691132698268984
8526,864691132698269240
8527,864691132698269752
8528,864691132698270520
8529,864691132698272312
8530,864691132698273080
8531,864691132698274858
8532,864691132698274872
8533,864691132698275128
8534,864691132698275384
8535,864691132698276152
8536,864691132698280504
8537,864691132698281016
8538,864691132698282552
8539,864691132698283654
8540,864691132698284600
8541,864691132698284856
8542,864691132698285624
8543,864691132698286648
8544,864691132698286904
8545,864691132698290232
8546,864691132698290488
8547,864691132698291512
8548,864691132698295608
8549,864691132698295864
8550,864691132698300472
8551,864691132698301240
8552,864691132698302008
8553,864691132698302520
8554,864691132698302776
8555,864691132698304056
8556,864691132698304824
8557,864691132698305592
8558,864691132698305848
8559,864691132698306104
8560,864691132698307384
8561,864691132698307640
8562,864691132698308152
8563,864691132698308664
8564,864691132698309432
8565,864691132698309944
8566,864691132698311736
8567,864691132698311992
8568,864691132698312248
8569,864691132698312760
8570,864691132698313016
8571,864691132698314552
8572,864691132698315818
8573,864691132698315832
8574,864691132698316600
8575,864691132698319416
8576,864691132698320184
8577,864691132698339419
8578,864691132698359338
8579,864691132698387498
8580,864691132698395483
8581,864691132698397994
8582,864691132698432056
8583,864691132698432824
8584,864691132698433080
8585,864691132698434104
8586,864691132698436152
8587,864691132698436664
8588,864691132698437432
8589,864691132698439224
8590,864691132698439992
8591,864691132698441784
8592,864691132698445112
8593,864691132698445368
8594,864691132698445624
8595,864691132698446392
8596,864691132698446904
8597,864691132698448459
8598,864691132698459483
8599,864691132698472248
8600,864691132698474040
8601,864691132698475001
8602,864691132698475064
8603,864691132698475339
8604,864691132698475832
8605,864691132698477659
8606,864691132698479691
8607,864691132698484555
8608,864691132698487371
8609,864691132698488395
8610,864691132698488651
8611,864691132698490187
8612,864691132698490443
8613,864691132698491211
8614,864691132698491467
8615,864691132698493003
8616,864691132698494539
8617,864691132698494795
8618,864691132698495051
8619,864691132698497355
8620,864691132698497611
8621,864691132698499659
8622,864691132698501195
8623,864691132698501451
8624,864691132698503755
8625,864691132698506059
8626,864691132698506315
8627,864691132698507339
8628,864691132698507851
8629,864691132698508107
8630,864691132698576820
8631,864691132698603355
8632,864691132698609483
8633,864691132698633454
8634,864691132698662987
8635,864691132698665547
8636,864691132698666315
8637,864691132698666827
8638,864691132698667339
8639,864691132698667595
8640,864691132698667851
8641,864691132698668875
8642,864691132698670667
8643,864691132698670923
8644,864691132698671435
8645,864691132698672715
8646,864691132698673227
8647,864691132698682459
8648,864691132698683445
8649,864691132698685226
8650,864691132698693723
8651,864691132698699339
8652,864691132698699355
8653,864691132698701643
8654,864691132698704203
8655,864691132698704971
8656,864691132698705227
8657,864691132698705739
8658,864691132698706763
8659,864691132698707019
8660,864691132698707275
8661,864691132698708299
8662,864691132698709579
8663,864691132698710347
8664,864691132698710859
8665,864691132698711627
8666,864691132698712651
8667,864691132698716491
8668,864691132698716747
8669,864691132698717003
8670,864691132698717515
8671,864691132698717771
8672,864691132698718027
8673,864691132698719307
8674,864691132698719563
8675,864691132698719819
8676,864691132698720075
8677,864691132698720587
8678,864691132698721355
8679,864691132698721611
8680,864691132698721867
8681,864691132698722123
8682,864691132698722635
8683,864691132698723147
8684,864691132698723915
8685,864691132698724939
8686,864691132698725451
8687,864691132698725707
8688,864691132698726987
8689,864691132698727755
8690,864691132698728779
8691,864691132698730059
8692,864691132698769755
8693,864691132698788650
8694,864691132698791259
8695,864691132698794233
8696,864691132698822235
8697,864691132698824760
8698,864691132698844763
8699,864691132698854790
8700,864691132698855515
8701,864691132698858075
8702,864691132698875270
8703,864691132698893531
8704,864691132698900206
8705,864691132698946292
8706,864691132698961227
8707,864691132698975786
8708,864691132698988934
8709,864691132699001130
8710,864691132699080070
8711,864691132699087160
8712,864691132699214567
8713,864691132699225222
8714,864691132699239814
8715,864691132699267882
8716,864691132699271210
8717,864691132699305140
8718,864691132699317546
8719,864691132699344270
8720,864691132699365102
8721,864691132699369454
8722,864691132699413382
8723,864691132699441332
8724,864691132699462836
8725,864691132699465770
8726,864691132699472426
8727,864691132699475090
8728,864691132699480362
8729,864691132699528211
8730,864691132699532678
8731,864691132699537030
8732,864691132699550854
8733,864691132699639668
8734,864691132699675124
8735,864691132699675892
8736,864691132699678452
8737,864691132699681012
8738,864691132699681268
8739,864691132699683572
8740,864691132699684084
8741,864691132699685364
8742,864691132699686132
8743,864691132699689204
8744,864691132699691508
8745,864691132699692532
8746,864691132699693044
8747,864691132699693812
8748,864691132699694068
8749,864691132699695348
8750,864691132699695860
8751,864691132699696628
8752,864691132699696884
8753,864691132699697140
8754,864691132699697396
8755,864691132699698420
8756,864691132699702772
8757,864691132699703028
8758,864691132699703540
8759,864691132699704052
8760,864691132699704564
8761,864691132699705076
8762,864691132699705332
8763,864691132699705588
8764,864691132699706356
8765,864691132699706868
8766,864691132699707124
8767,864691132699707636
8768,864691132699708404
8769,864691132699709684
8770,864691132699709940
8771,864691132699710196
8772,864691132699710452
8773,864691132699713780
8774,864691132699714548
8775,864691132699714804
8776,864691132699715316
8777,864691132699715828
8778,864691132699716084
8779,864691132699717620
8780,864691132699717876
8781,864691132699718388
8782,864691132699721204
8783,864691132699721460
8784,864691132699722484
8785,864691132699723252
8786,864691132699725300
8787,864691132699726324
8788,864691132699728116
8789,864691132699729908
8790,864691132699731188
8791,864691132699732468
8792,864691132699733236
8793,864691132699735540
8794,864691132699736052
8795,864691132699736564
8796,864691132699739124
8797,864691132699740916
8798,864691132699742452
8799,864691132699742708
8800,864691132699743476
8801,864691132699743732
8802,864691132699743988
8803,864691132699747828
8804,864691132699750132
8805,864691132699751156
8806,864691132699752180
8807,864691132699752948
8808,864691132699753716
8809,864691132699754996
8810,864691132699756276
8811,864691132699757300
8812,864691132699757812
8813,864691132699763188
8814,864691132699812798
8815,864691132699833734
8816,864691132699846792
8817,864691132699903894
8818,864691132699906438
8819,864691132699906995
8820,864691132699914996
8821,864691132699915508
8822,864691132699917556
8823,864691132699917812
8824,864691132699918324
8825,864691132699918580
8826,864691132699919092
8827,864691132699919860
8828,864691132699924724
8829,864691132699924980
8830,864691132699925748
8831,864691132699926004
8832,864691132699927540
8833,864691132699930612
8834,864691132699931124
8835,864691132699932916
8836,864691132699933172
8837,864691132699933428
8838,864691132699933684
8839,864691132699934708
8840,864691132699935220
8841,864691132699935476
8842,864691132699936500
8843,864691132699936756
8844,864691132699937012
8845,864691132699938036
8846,864691132699938292
8847,864691132699938548
8848,864691132699939316
8849,864691132699939577
8850,864691132699939828
8851,864691132699940596
8852,864691132699940852
8853,864691132699940980
8854,864691132699941364
8855,864691132699942644
8856,864691132699943156
8857,864691132699943412
8858,864691132699965172
8859,864691132699966196
8860,864691132699969012
8861,864691132699970548
8862,864691132699971572
8863,864691132699972596
8864,864691132699973620
8865,864691132699975924
8866,864691132699976180
8867,864691132699978484
8868,864691132699980020
8869,864691132699981044
8870,864691132699982726
8871,864691132699999878
8872,864691132700008692
8873,864691132700039412
8874,864691132700058758
8875,864691132700072582
8876,864691132700100498
8877,864691132700101010
8878,864691132700102546
8879,864691132700104850
8880,864691132700109202
8881,864691132700109714
8882,864691132700112530
8883,864691132700113810
8884,864691132700114322
8885,864691132700115858
8886,864691132700117394
8887,864691132700117906
8888,864691132700118162
8889,864691132700118930
8890,864691132700120722
8891,864691132700120978
8892,864691132700122514
8893,864691132700123026
8894,864691132700123282
8895,864691132700124050
8896,864691132700124562
8897,864691132700125074
8898,864691132700125330
8899,864691132700125586
8900,864691132700125842
8901,864691132700126098
8902,864691132700127110
8903,864691132700128402
8904,864691132700128902
8905,864691132700128914
8906,864691132700129426
8907,864691132700130194
8908,864691132700130450
8909,864691132700131474
8910,864691132700132242
8911,864691132700133266
8912,864691132700133522
8913,864691132700134034
8914,864691132700137618
8915,864691132700138130
8916,864691132700138386
8917,864691132700139410
8918,864691132700140178
8919,864691132700140434
8920,864691132700142226
8921,864691132700142994
8922,864691132700143250
8923,864691132700143762
8924,864691132700144786
8925,864691132700145298
8926,864691132700145554
8927,864691132700145810
8928,864691132700146578
8929,864691132700146834
8930,864691132700147858
8931,864691132700149138
8932,864691132700149382
8933,864691132700150162
8934,864691132700150418
8935,864691132700151186
8936,864691132700151954
8937,864691132700152466
8938,864691132700154002
8939,864691132700154514
8940,864691132700155282
8941,864691132700155538
8942,864691132700155794
8943,864691132700157842
8944,864691132700158866
8945,864691132700159122
8946,864691132700159634
8947,864691132700159890
8948,864691132700160146
8949,864691132700162123
8950,864691132700162194
8951,864691132700189830
8952,864691132700246150
8953,864691132700267154
8954,864691132700280978
8955,864691132700281490
8956,864691132700283538
8957,864691132700286866
8958,864691132700287122
8959,864691132700287220
8960,864691132700288146
8961,864691132700289938
8962,864691132700290194
8963,864691132700290450
8964,864691132700290706
8965,864691132700290962
8966,864691132700291474
8967,864691132700291730
8968,864691132700300363
8969,864691132700315526
8970,864691132700324498
8971,864691132700324754
8972,864691132700326456
8973,864691132700328850
8974,864691132700330898
8975,864691132700332946
8976,864691132700333202
8977,864691132700341185
8978,864691132700364107
8979,864691132700386950
8980,864691132700408308
8981,864691132700411270
8982,864691132700424248
8983,864691132700459398
8984,864691132700507782
8985,864691132700513682
8986,864691132700513848
8987,864691132700533638
8988,864691132700534406
8989,864691132700535174
8990,864691132700598004
8991,864691132700601419
8992,864691132700612590
8993,864691132700623947
8994,864691132700679992
8995,864691132700680185
8996,864691132700706228
8997,864691132700740152
8998,864691132700764788
8999,864691132700789304
9000,864691132700797240
9001,864691132700806574
9002,864691132700809966
9003,864691132700885304
9004,864691132700893237
9005,864691132700894520
9006,864691132700926611
9007,864691132700936267
9008,864691132700947045
9009,864691132701013149
9010,864691132701050424
9011,864691132701094132
9012,864691132701123474
9013,864691132701126712
9014,864691132701159736
9015,864691132701233464
9016,864691132701234622
9017,864691132701262580
9018,864691132701276562
9019,864691132701277940
9020,864691132701312079
9021,864691132701358708
9022,864691132701370936
9023,864691132701400395
9024,864691132701414200
9025,864691132701424184
9026,864691132701493048
9027,864691132701495284
9028,864691132701521464
9029,864691132701533752
9030,864691132701537417
9031,864691132701538553
9032,864691132701570104
9033,864691132701574034
9034,864691132701579832
9035,864691132701583416
9036,864691132701603147
9037,864691132701608595
9038,864691132701610484
9039,864691132701693259
9040,864691132701706059
9041,864691132701706420
9042,864691132701706898
9043,864691132701729156
9044,864691132701731316
9045,864691132701734731
9046,864691132701743691
9047,864691132701772616
9048,864691132701821003
9049,864691132701835896
9050,864691132701845906
9051,864691132701857867
9052,864691132701884148
9053,864691132701889099
9054,864691132701927755
9055,864691132701941486
9056,864691132701943115
9057,864691132701945838
9058,864691132701978258
9059,864691132702006091
9060,864691132702042488
9061,864691132702054388
9062,864691132702069579
9063,864691132702073163
9064,864691132702102162
9065,864691132702155666
9066,864691132702210286
9067,864691132702258602
9068,864691132702279826
9069,864691132702288018
9070,864691132702290932
9071,864691132702326863
9072,864691132702363794
9073,864691132702383604
9074,864691132702385461
9075,864691132702402292
9076,864691132702416019
9077,864691132702422196
9078,864691132702424603
9079,864691132702462634
9080,864691132702471058
9081,864691132702493775
9082,864691132702567924
9083,864691132702593171
9084,864691132702596972
9085,864691132702605202
9086,864691132702624658
9087,864691132702627828
9088,864691132702631314
9089,864691132702638738
9090,864691132702651899
9091,864691132702692846
9092,864691132702700020
9093,864691132702746959
9094,864691132702749007
9095,864691132702749519
9096,864691132702770420
9097,864691132702774516
9098,864691132702782354
9099,864691132702803535
9100,864691132702832366
9101,864691132702837650
9102,864691132702855412
9103,864691132702856228
9104,864691132702856850
9105,864691132702865396
9106,864691132702866356
9107,864691132702876751
9108,864691132702882706
9109,864691132702901492
9110,864691132702941940
9111,864691132702963188
9112,864691132702966004
9113,864691132702985295
9114,864691132703003727
9115,864691132703030418
9116,864691132703044242
9117,864691132703045620
9118,864691132703048338
9119,864691132703050386
9120,864691132703065332
9121,864691132703069007
9122,864691132703090578
9123,864691132703105012
9124,864691132703110388
9125,864691132703131215
9126,864691132703167924
9127,864691132703188882
9128,864691132703208783
9129,864691132703215018
9130,864691132703259538
9131,864691132703327055
9132,864691132703373970
9133,864691132703394194
9134,864691132703544655
9135,864691132703605045
9136,864691132703643215
9137,864691132703651407
9138,864691132703652943
9139,864691132703658491
9140,864691132703770959
9141,864691132703866013
9142,864691132703897729
9143,864691132703902081
9144,864691132703903617
9145,864691132703905153
9146,864691132703905665
9147,864691132703906433
9148,864691132703907969
9149,864691132703908993
9150,864691132703910529
9151,864691132703911297
9152,864691132703911553
9153,864691132703914113
9154,864691132703914625
9155,864691132703915393
9156,864691132703919745
9157,864691132703920257
9158,864691132703922561
9159,864691132703924609
9160,864691132703925121
9161,864691132703925377
9162,864691132703926401
9163,864691132703926657
9164,864691132703927169
9165,864691132703928193
9166,864691132703928705
9167,864691132703928961
9168,864691132703929217
9169,864691132703931521
9170,864691132703934337
9171,864691132703936129
9172,864691132703936385
9173,864691132703936897
9174,864691132703937153
9175,864691132703937409
9176,864691132703937665
9177,864691132703937921
9178,864691132703938689
9179,864691132703939457
9180,864691132703939969
9181,864691132703944065
9182,864691132703944321
9183,864691132703945601
9184,864691132703946369
9185,864691132703950721
9186,864691132703952257
9187,864691132703952513
9188,864691132703953281
9189,864691132703954305
9190,864691132703954817
9191,864691132703955073
9192,864691132703955585
9193,864691132703956097
9194,864691132703957633
9195,864691132703958657
9196,864691132703959937
9197,864691132703960193
9198,864691132703960705
9199,864691132703961217
9200,864691132703961729
9201,864691132703962241
9202,864691132703963009
9203,864691132703963777
9204,864691132703964289
9205,864691132703966849
9206,864691132703969665
9207,864691132703971969
9208,864691132703973505
9209,864691132703974529
9210,864691132704066357
9211,864691132704095873
9212,864691132704096641
9213,864691132704098433
9214,864691132704098689
9215,864691132704100225
9216,864691132704101249
9217,864691132704102017
9218,864691132704102529
9219,864691132704104833
9220,864691132704105089
9221,864691132704105601
9222,864691132704106369
9223,864691132704106881
9224,864691132704107137
9225,864691132704108417
9226,864691132704108929
9227,864691132704129409
9228,864691132704130945
9229,864691132704131457
9230,864691132704131969
9231,864691132704133505
9232,864691132704134017
9233,864691132704134785
9234,864691132704135297
9235,864691132704135553
9236,864691132704136321
9237,864691132704136577
9238,864691132704197967
9239,864691132704273537
9240,864691132704293851
9241,864691132704336622
9242,864691132704360942
9243,864691132704368463
9244,864691132704396908
9245,864691132704415055
9246,864691132704467791
9247,864691132704487163
9248,864691132704493185
9249,864691132704496719
9250,864691132704594511
9251,864691132704659950
9252,864691132704732842
9253,864691132704772778
9254,864691132704779343
9255,864691132704892033
9256,864691132704969807
9257,864691132705027151
9258,864691132705048870
9259,864691132705058854
9260,864691132705060646
9261,864691132705060902
9262,864691132705061158
9263,864691132705062438
9264,864691132705063718
9265,864691132705064742
9266,864691132705066534
9267,864691132705067558
9268,864691132705069094
9269,864691132705069350
9270,864691132705070374
9271,864691132705071142
9272,864691132705071398
9273,864691132705072422
9274,864691132705072678
9275,864691132705073190
9276,864691132705073446
9277,864691132705073458
9278,864691132705073970
9279,864691132705074214
9280,864691132705075506
9281,864691132705076518
9282,864691132705078310
9283,864691132705078566
9284,864691132705079078
9285,864691132705079334
9286,864691132705079590
9287,864691132705079858
9288,864691132705080102
9289,864691132705080626
9290,864691132705080870
9291,864691132705081394
9292,864691132705081638
9293,864691132705082162
9294,864691132705085222
9295,864691132705086258
9296,864691132705087014
9297,864691132705087026
9298,864691132705087270
9299,864691132705087794
9300,864691132705088306
9301,864691132705088550
9302,864691132705088562
9303,864691132705088818
9304,864691132705089074
9305,864691132705090098
9306,864691132705091378
9307,864691132705091634
9308,864691132705091890
9309,864691132705092134
9310,864691132705092146
9311,864691132705092390
9312,864691132705092658
9313,864691132705093967
9314,864691132705095206
9315,864691132705096242
9316,864691132705097010
9317,864691132705098290
9318,864691132705098534
9319,864691132705098546
9320,864691132705098802
9321,864691132705099058
9322,864691132705100326
9323,864691132705100838
9324,864691132705101618
9325,864691132705101862
9326,864691132705101874
9327,864691132705102386
9328,864691132705103398
9329,864691132705103654
9330,864691132705104166
9331,864691132705104946
9332,864691132705105190
9333,864691132705105446
9334,864691132705105958
9335,864691132705106226
9336,864691132705106482
9337,864691132705106738
9338,864691132705107750
9339,864691132705107762
9340,864691132705109810
9341,864691132705110310
9342,864691132705110566
9343,864691132705110822
9344,864691132705111590
9345,864691132705112102
9346,864691132705112370
9347,864691132705113138
9348,864691132705113638
9349,864691132705113894
9350,864691132705114162
9351,864691132705114930
9352,864691132705115942
9353,864691132705117746
9354,864691132705121586
9355,864691132705121842
9356,864691132705123122
9357,864691132705123378
9358,864691132705123890
9359,864691132705124146
9360,864691132705125682
9361,864691132705126194
9362,864691132705126324
9363,864691132705127218
9364,864691132705127474
9365,864691132705129522
9366,864691132705130802
9367,864691132705131314
9368,864691132705131570
9369,864691132705132594
9370,864691132705132616
9371,864691132705132850
9372,864691132705133106
9373,864691132705135922
9374,864691132705137714
9375,864691132705138482
9376,864691132705139250
9377,864691132705139762
9378,864691132705140274
9379,864691132705141810
9380,864691132705143858
9381,864691132705146674
9382,864691132705148210
9383,864691132705151026
9384,864691132705152050
9385,864691132705153074
9386,864691132705236559
9387,864691132705238054
9388,864691132705242986
9389,864691132705243430
9390,864691132705243686
9391,864691132705244454
9392,864691132705245478
9393,864691132705246246
9394,864691132705248038
9395,864691132705248294
9396,864691132705248806
9397,864691132705249574
9398,864691132705250598
9399,864691132705252134
9400,864691132705252646
9401,864691132705252902
9402,864691132705253670
9403,864691132705254182
9404,864691132705254950
9405,864691132705255718
9406,864691132705256230
9407,864691132705256486
9408,864691132705256742
9409,864691132705257254
9410,864691132705257510
9411,864691132705259302
9412,864691132705259558
9413,864691132705259814
9414,864691132705259855
9415,864691132705278758
9416,864691132705279270
9417,864691132705281318
9418,864691132705281574
9419,864691132705281830
9420,864691132705288742
9421,864691132705290022
9422,864691132705290534
9423,864691132705308804
9424,864691132705311282
9425,864691132705312050
9426,864691132705312562
9427,864691132705312818
9428,864691132705313330
9429,864691132705314098
9430,864691132705314354
9431,864691132705315634
9432,864691132705316402
9433,864691132705317170
9434,864691132705317938
9435,864691132705318706
9436,864691132705319218
9437,864691132705319474
9438,864691132705319986
9439,864691132705343282
9440,864691132705346866
9441,864691132705347890
9442,864691132705351503
9443,864691132705351730
9444,864691132705351986
9445,864691132705352498
9446,864691132705352754
9447,864691132705353010
9448,864691132705353778
9449,864691132705354546
9450,864691132705355058
9451,864691132705355314
9452,864691132705355570
9453,864691132705355826
9454,864691132705373569
9455,864691132705422772
9456,864691132705426100
9457,864691132705460815
9458,864691132705470122
9459,864691132705472591
9460,864691132705505409
9461,864691132705507919
9462,864691132705528705
9463,864691132705596751
9464,864691132705625217
9465,864691132705740782
9466,864691132705756966
9467,864691132705762895
9468,864691132705766651
9469,864691132705774721
9470,864691132705792707
9471,864691132705799730
9472,864691132705820966
9473,864691132705845839
9474,864691132705846607
9475,864691132705859252
9476,864691132705873958
9477,864691132705878351
9478,864691132705959503
9479,864691132705964014
9480,864691132705964673
9481,864691132705968734
9482,864691132705975375
9483,864691132705998772
9484,864691132706044966
9485,864691132706046337
9486,864691132706074241
9487,864691132706098482
9488,864691132706105217
9489,864691132706111014
9490,864691132706134837
9491,864691132706176072
9492,864691132706224513
9493,864691132706233935
9494,864691132706237569
9495,864691132706238337
9496,864691132706238799
9497,864691132706247328
9498,864691132706252929
9499,864691132706348223
9500,864691132706382209
9501,864691132706386482
9502,864691132706412838
9503,864691132706426832
9504,864691132706480787
9505,864691132706494900
9506,864691132706520079
9507,864691132706526595
9508,864691132706544249
9509,864691132706556033
9510,864691132706596175
9511,864691132706629158
9512,864691132706691713
9513,864691132706711425
9514,864691132706763314
9515,864691132706823041
9516,864691132706831091
9517,864691132706835182
9518,864691132706887809
9519,864691132706925697
9520,864691132706940210
9521,864691132706942081
9522,864691132706977330
9523,864691132707024348
9524,864691132707028097
9525,864691132707041665
9526,864691132707082990
9527,864691132707117953
9528,864691132707140737
9529,864691132707214977
9530,864691132707217796
9531,864691132707244929
9532,864691132707255425
9533,864691132707263617
9534,864691132707270382
9535,864691132707277874
9536,864691132707325478
9537,864691132707328294
9538,864691132707342977
9539,864691132707343489
9540,864691132707370881
9541,864691132707383425
9542,864691132707422593
9543,864691132707441970
9544,864691132707461249
9545,864691132707519026
9546,864691132707521409
9547,864691132707532594
9548,864691132707536513
9549,864691132707537902
9550,864691132707553665
9551,864691132707554433
9552,864691132707568178
9553,864691132707573998
9554,864691132707574834
9555,864691132707597038
9556,864691132707610162
9557,864691132707651366
9558,864691132707664434
9559,864691132707695233
9560,864691132707706753
9561,864691132707715201
9562,864691132707755302
9563,864691132707755826
9564,864691132707759028
9565,864691132707797542
9566,864691132707806002
9567,864691132707813926
9568,864691132707814913
9569,864691132707828262
9570,864691132707883314
9571,864691132707885618
9572,864691132707893554
9573,864691132707930930
9574,864691132707941682
9575,864691132707965490
9576,864691132707985665
9577,864691132707986689
9578,864691132707990017
9579,864691132707990273
9580,864691132707990834
9581,864691132707992577
9582,864691132707994113
9583,864691132707994881
9584,864691132707995137
9585,864691132707995393
9586,864691132707995649
9587,864691132707996417
9588,864691132707997441
9589,864691132707998209
9590,864691132707998977
9591,864691132708001793
9592,864691132708002305
9593,864691132708003329
9594,864691132708005121
9595,864691132708006913
9596,864691132708007937
9597,864691132708008961
9598,864691132708010753
9599,864691132708011009
9600,864691132708012289
9601,864691132708012545
9602,864691132708015617
9603,864691132708016422
9604,864691132708017921
9605,864691132708020737
9606,864691132708021249
9607,864691132708021761
9608,864691132708022017
9609,864691132708022785
9610,864691132708023553
9611,864691132708024321
9612,864691132708025089
9613,864691132708025857
9614,864691132708026113
9615,864691132708026369
9616,864691132708027137
9617,864691132708028673
9618,864691132708029185
9619,864691132708030465
9620,864691132708030977
9621,864691132708033281
9622,864691132708035841
9623,864691132708036097
9624,864691132708037377
9625,864691132708038145
9626,864691132708038657
9627,864691132708040449
9628,864691132708040705
9629,864691132708042116
9630,864691132708042497
9631,864691132708042753
9632,864691132708043521
9633,864691132708044289
9634,864691132708044545
9635,864691132708044980
9636,864691132708045569
9637,864691132708047105
9638,864691132708048385
9639,864691132708048641
9640,864691132708048897
9641,864691132708048939
9642,864691132708051713
9643,864691132708053761
9644,864691132708054017
9645,864691132708054273
9646,864691132708056577
9647,864691132708057089
9648,864691132708057345
9649,864691132708057601
9650,864691132708058113
9651,864691132708058625
9652,864691132708059393
9653,864691132708059649
9654,864691132708059698
9655,864691132708061185
9656,864691132708061441
9657,864691132708061953
9658,864691132708062209
9659,864691132708062977
9660,864691132708064769
9661,864691132708065281
9662,864691132708066049
9663,864691132708067329
9664,864691132708068609
9665,864691132708075826
9666,864691132708080434
9667,864691132708107058
9668,864691132708116225
9669,864691132708131585
9670,864691132708135474
9671,864691132708143398
9672,864691132708169066
9673,864691132708187430
9674,864691132708200998
9675,864691132708206630
9676,864691132708225830
9677,864691132708228402
9678,864691132708234241
9679,864691132708234497
9680,864691132708235009
9681,864691132708237569
9682,864691132708238081
9683,864691132708238337
9684,864691132708239361
9685,864691132708240897
9686,864691132708241921
9687,864691132708242433
9688,864691132708244993
9689,864691132708245505
9690,864691132708245761
9691,864691132708246017
9692,864691132708247041
9693,864691132708247297
9694,864691132708247553
9695,864691132708248065
9696,864691132708248833
9697,864691132708250625
9698,864691132708250881
9699,864691132708251649
9700,864691132708252417
9701,864691132708252929
9702,864691132708253185
9703,864691132708253697
9704,864691132708254209
9705,864691132708254721
9706,864691132708255233
9707,864691132708255489
9708,864691132708255745
9709,864691132708256001
9710,864691132708257025
9711,864691132708257318
9712,864691132708257793
9713,864691132708258098
9714,864691132708258305
9715,864691132708258561
9716,864691132708259073
9717,864691132708260097
9718,864691132708260353
9719,864691132708260609
9720,864691132708261633
9721,864691132708262401
9722,864691132708263681
9723,864691132708263937
9724,864691132708264193
9725,864691132708264449
9726,864691132708265217
9727,864691132708265473
9728,864691132708265985
9729,864691132708266795
9730,864691132708267051
9731,864691132708267307
9732,864691132708267819
9733,864691132708268843
9734,864691132708269099
9735,864691132708269355
9736,864691132708269611
9737,864691132708270123
9738,864691132708270379
9739,864691132708272171
9740,864691132708272683
9741,864691132708273195
9742,864691132708274987
9743,864691132708275243
9744,864691132708275755
9745,864691132708276011
9746,864691132708276523
9747,864691132708277547
9748,864691132708277803
9749,864691132708278315
9750,864691132708278571
9751,864691132708278827
9752,864691132708279339
9753,864691132708279851
9754,864691132708280107
9755,864691132708280363
9756,864691132708280875
9757,864691132708281643
9758,864691132708282155
9759,864691132708282411
9760,864691132708282923
9761,864691132708283649
9762,864691132708284203
9763,864691132708284417
9764,864691132708284715
9765,864691132708285185
9766,864691132708285697
9767,864691132708286209
9768,864691132708286721
9769,864691132708286763
9770,864691132708287019
9771,864691132708287489
9772,864691132708287531
9773,864691132708287787
9774,864691132708288050
9775,864691132708288257
9776,864691132708288513
9777,864691132708289067
9778,864691132708289579
9779,864691132708290091
9780,864691132708290347
9781,864691132708291115
9782,864691132708291883
9783,864691132708292395
9784,864691132708292907
9785,864691132708293163
9786,864691132708293675
9787,864691132708293931
9788,864691132708294657
9789,864691132708295425
9790,864691132708295467
9791,864691132708295979
9792,864691132708297003
9793,864691132708297217
9794,864691132708297729
9795,864691132708298241
9796,864691132708298283
9797,864691132708298753
9798,864691132708301606
9799,864691132708309030
9800,864691132708331046
9801,864691132708355890
9802,864691132708395814
9803,864691132708439339
9804,864691132708441650
9805,864691132708453158
9806,864691132708467755
9807,864691132708469035
9808,864691132708469547
9809,864691132708469803
9810,864691132708470059
9811,864691132708470827
9812,864691132708475691
9813,864691132708477227
9814,864691132708477739
9815,864691132708478763
9816,864691132708479019
9817,864691132708481323
9818,864691132708482347
9819,864691132708483883
9820,864691132708484139
9821,864691132708484395
9822,864691132708484651
9823,864691132708486187
9824,864691132708487211
9825,864691132708487979
9826,864691132708489003
9827,864691132708491051
9828,864691132708491819
9829,864691132708492331
9830,864691132708492587
9831,864691132708493099
9832,864691132708493355
9833,864691132708494891
9834,864691132708495403
9835,864691132708495659
9836,864691132708495915
9837,864691132708496171
9838,864691132708496683
9839,864691132708496939
9840,864691132708497195
9841,864691132708497707
9842,864691132708497963
9843,864691132708505906
9844,864691132708507442
9845,864691132708523570
9846,864691132708524326
9847,864691132708527403
9848,864691132708528683
9849,864691132708529963
9850,864691132708530731
9851,864691132708531243
9852,864691132708534059
9853,864691132708534315
9854,864691132708536363
9855,864691132708536614
9856,864691132708543275
9857,864691132708543531
9858,864691132708618234
9859,864691132708630822
9860,864691132708636454
9861,864691132708682534
9862,864691132708685825
9863,864691132708691457
9864,864691132708716479
9865,864691132708747114
9866,864691132708792558
9867,864691132708808449
9868,864691132708823790
9869,864691132708896106
9870,864691132708903556
9871,864691132708917935
9872,864691132708920814
9873,864691132708936068
9874,864691132708984302
9875,864691132709051179
9876,864691132709058436
9877,864691132709101313
9878,864691132709102891
9879,864691132709104427
9880,864691132709184257
9881,864691132709220827
9882,864691132709227265
9883,864691132709231659
9884,864691132709248731
9885,864691132709298414
9886,864691132709326379
9887,864691132709390574
9888,864691132709406757
9889,864691132709411054
9890,864691132709442676
9891,864691132709472043
9892,864691132709501739
9893,864691132709603822
9894,864691132709630190
9895,864691132709636583
9896,864691132709683457
9897,864691132709696513
9898,864691132709711540
9899,864691132709719595
9900,864691132709742081
9901,864691132709750315
9902,864691132709774635
9903,864691132709827909
9904,864691132709842987
9905,864691132709899777
9906,864691132709949364
9907,864691132709953537
9908,864691132709974085
9909,864691132710007290
9910,864691132710015275
9911,864691132710069061
9912,864691132710070597
9913,864691132710075973
9914,864691132710076485
9915,864691132710076997
9916,864691132710079045
9917,864691132710079813
9918,864691132710080325
9919,864691132710081349
9920,864691132710081861
9921,864691132710082117
9922,864691132710083653
9923,864691132710083909
9924,864691132710084165
9925,864691132710084677
9926,864691132710085701
9927,864691132710085957
9928,864691132710086725
9929,864691132710086981
9930,864691132710087493
9931,864691132710087749
9932,864691132710088005
9933,864691132710089029
9934,864691132710090053
9935,864691132710091333
9936,864691132710091845
9937,864691132710094149
9938,864691132710094405
9939,864691132710096197
9940,864691132710096709
9941,864691132710096965
9942,864691132710097477
9943,864691132710097733
9944,864691132710099525
9945,864691132710100293
9946,864691132710100805
9947,864691132710101317
9948,864691132710101573
9949,864691132710102085
9950,864691132710102341
9951,864691132710102853
9952,864691132710103877
9953,864691132710106949
9954,864691132710107461
9955,864691132710107717
9956,864691132710108485
9957,864691132710108741
9958,864691132710110021
9959,864691132710110277
9960,864691132710111557
9961,864691132710111813
9962,864691132710112325
9963,864691132710114629
9964,864691132710114885
9965,864691132710115397
9966,864691132710115909
9967,864691132710116165
9968,864691132710117445
9969,864691132710118725
9970,864691132710119493
9971,864691132710120005
9972,864691132710120517
9973,864691132710120773
9974,864691132710121285
9975,864691132710121797
9976,864691132710122565
9977,864691132710123845
9978,864691132710124613
9979,864691132710124869
9980,864691132710127173
9981,864691132710127429
9982,864691132710127685
9983,864691132710127873
9984,864691132710128709
9985,864691132710129477
9986,864691132710129989
9987,864691132710130501
9988,864691132710131013
9989,864691132710133573
9990,864691132710135621
9991,864691132710135877
9992,864691132710136389
9993,864691132710136901
9994,864691132710137413
9995,864691132710138437
9996,864691132710138693
9997,864691132710139973
9998,864691132710140229
9999,864691132710141509
10000,864691132710142533
10001,864691132710143301
10002,864691132710144069
10003,864691132710144325
10004,864691132710144837
10005,864691132710145861
10006,864691132710146885
10007,864691132710147397
10008,864691132710147653
10009,864691132710149189
10010,864691132710150469
10011,864691132710150725
10012,864691132710152261
10013,864691132710154053
10014,864691132710154821
10015,864691132710155589
10016,864691132710156613
10017,864691132710156869
10018,864691132710157893
10019,864691132710158149
10020,864691132710158661
10021,864691132710160709
10022,864691132710161733
10023,864691132710161989
10024,864691132710162245
10025,864691132710162501
10026,864691132710162757
10027,864691132710163269
10028,864691132710168373
10029,864691132710202046
10030,864691132710207745
10031,864691132710215467
10032,864691132710216705
10033,864691132710244590
10034,864691132710255105
10035,864691132710295134
10036,864691132710321409
10037,864691132710331947
10038,864691132710361131
10039,864691132710361413
10040,864691132710363461
10041,864691132710364229
10042,864691132710366277
10043,864691132710366789
10044,864691132710367045
10045,864691132710368837
10046,864691132710370117
10047,864691132710371909
10048,864691132710372165
10049,864691132710372421
10050,864691132710393925
10051,864691132710394437
10052,864691132710396741
10053,864691132710396997
10054,864691132710397509
10055,864691132710398277
10056,864691132710398533
10057,864691132710403653
10058,864691132710403909
10059,864691132710405957
10060,864691132710408005
10061,864691132710408261
10062,864691132710427141
10063,864691132710429509
10064,864691132710459905
10065,864691132710499883
10066,864691132710502699
10067,864691132710503211
10068,864691132710505003
10069,864691132710523435
10070,864691132710566913
10071,864691132710577665
10072,864691132710579694
10073,864691132710589957
10074,864691132710595845
10075,864691132710596484
10076,864691132710598699
10077,864691132710599941
10078,864691132710600197
10079,864691132710601989
10080,864691132710603269
10081,864691132710603781
10082,864691132710604037
10083,864691132710604293
10084,864691132710604549
10085,864691132710605061
10086,864691132710606085
10087,864691132710606341
10088,864691132710606853
10089,864691132710608389
10090,864691132710608645
10091,864691132710608901
10092,864691132710610949
10093,864691132710611461
10094,864691132710611717
10095,864691132710612741
10096,864691132710612997
10097,864691132710613253
10098,864691132710613765
10099,864691132710614017
10100,864691132710614021
10101,864691132710616581
10102,864691132710617093
10103,864691132710617605
10104,864691132710618373
10105,864691132710620421
10106,864691132710620677
10107,864691132710622213
10108,864691132710622469
10109,864691132710623749
10110,864691132710624005
10111,864691132710627333
10112,864691132710627653
10113,864691132710628357
10114,864691132710628613
10115,864691132710629381
10116,864691132710630149
10117,864691132710630661
10118,864691132710632197
10119,864691132710632453
10120,864691132710632965
10121,864691132710633989
10122,864691132710635013
10123,864691132710635781
10124,864691132710636037
10125,864691132710636549
10126,864691132710638853
10127,864691132710639621
10128,864691132710639877
10129,864691132710640901
10130,864691132710642437
10131,864691132710642949
10132,864691132710643461
10133,864691132710643717
10134,864691132710644997
10135,864691132710645509
10136,864691132710645765
10137,864691132710656513
10138,864691132710700289
10139,864691132710702123
10140,864691132710724613
10141,864691132710745601
10142,864691132710750702
10143,864691132710784773
10144,864691132710786053
10145,864691132710787333
10146,864691132710788101
10147,864691132710788357
10148,864691132710788869
10149,864691132710790149
10150,864691132710790405
10151,864691132710790661
10152,864691132710791150
10153,864691132710791429
10154,864691132710792197
10155,864691132710793989
10156,864691132710795013
10157,864691132710798085
10158,864691132710798341
10159,864691132710798597
10160,864691132710798853
10161,864691132710799365
10162,864691132710799621
10163,864691132710800133
10164,864691132710800645
10165,864691132710800901
10166,864691132710801413
10167,864691132710801963
10168,864691132710802987
10169,864691132710829611
10170,864691132710841349
10171,864691132710841861
10172,864691132710848261
10173,864691132710848517
10174,864691132710849029
10175,864691132710849285
10176,864691132710850561
10177,864691132710866437
10178,864691132710932523
10179,864691132710933547
10180,864691132710938949
10181,864691132710949163
10182,864691132711005022
10183,864691132711020587
10184,864691132711021313
10185,864691132711045419
10186,864691132711054337
10187,864691132711067947
10188,864691132711080052
10189,864691132711091713
10190,864691132711117038
10191,864691132711120683
10192,864691132711123760
10193,864691132711159109
10194,864691132711181569
10195,864691132711194923
10196,864691132711226155
10197,864691132711243265
10198,864691132711279109
10199,864691132711288321
10200,864691132711293483
10201,864691132711295214
10202,864691132711305797
10203,864691132711307265
10204,864691132711311915
10205,864691132711313451
10206,864691132711326763
10207,864691132711357739
10208,864691132711363077
10209,864691132711367425
10210,864691132711389189
10211,864691132711389697
10212,864691132711417157
10213,864691132711420971
10214,864691132711461121
10215,864691132711494145
10216,864691132711510571
10217,864691132711511595
10218,864691132711516677
10219,864691132711518977
10220,864691132711535659
10221,864691132711535854
10222,864691132711547717
10223,864691132711562283
10224,864691132711581765
10225,864691132711589967
10226,864691132711595521
10227,864691132711598081
10228,864691132711599915
10229,864691132711604485
10230,864691132711612910
10231,864691132711617323
10232,864691132711621381
10233,864691132711649793
10234,864691132711657515
10235,864691132711657771
10236,864691132711665665
10237,864691132711691307
10238,864691132711724545
10239,864691132711737925
10240,864691132711764404
10241,864691132711778305
10242,864691132711809029
10243,864691132711813358
10244,864691132711831022
10245,864691132711849198
10246,864691132711887941
10247,864691132711922430
10248,864691132711924741
10249,864691132712004097
10250,864691132712034564
10251,864691132712071937
10252,864691132712093253
10253,864691132712094981
10254,864691132712157256
10255,864691132712178139
10256,864691132712180549
10257,864691132712200773
10258,864691132712215877
10259,864691132712257861
10260,864691132712267333
10261,864691132712268357
10262,864691132712394757
10263,864691132712406597
10264,864691132712416584
10265,864691132712499269
10266,864691132712530062
10267,864691132712604741
10268,864691132712606277
10269,864691132712622724
10270,864691132712643845
10271,864691132712648350
10272,864691132712673797
10273,864691132712709957
10274,864691132712718152
10275,864691132712751685
10276,864691132712830021
10277,864691132712874565
10278,864691132712938757
10279,864691132712957812
10280,864691132712973940
10281,864691132712982085
10282,864691132712997445
10283,864691132713040746
10284,864691132713046533
10285,864691132713050117
10286,864691132713176645
10287,864691132713226501
10288,864691132713294980
10289,864691132713313349
10290,864691132713329925
10291,864691132713345093
10292,864691132713352453
10293,864691132713378117
10294,864691132713390917
10295,864691132713417541
10296,864691132713425894
10297,864691132713495877
10298,864691132713507077
10299,864691132713534021
10300,864691132713541637
10301,864691132713554757
10302,864691132713572869
10303,864691132713575422
10304,864691132713593669
10305,864691132713594949
10306,864691132713620485
10307,864691132713648645
10308,864691132713650437
10309,864691132713658730
10310,864691132713666523
10311,864691132713670149
10312,864691132713714949
10313,864691132713764357
10314,864691132713771908
10315,864691132713787572
10316,864691132713885572
10317,864691132713924702
10318,864691132713925709
10319,864691132713967109
10320,864691132714002949
10321,864691132714020532
10322,864691132714021381
10323,864691132714040591
10324,864691132714043780
10325,864691132714079493
10326,864691132714120628
10327,864691132714121652
10328,864691132714136847
10329,864691132714137615
10330,864691132714138127
10331,864691132714138639
10332,864691132714141711
10333,864691132714141957
10334,864691132714142479
10335,864691132714147333
10336,864691132714147599
10337,864691132714148623
10338,864691132714148879
10339,864691132714149135
10340,864691132714149647
10341,864691132714149903
10342,864691132714150159
10343,864691132714150415
10344,864691132714151439
10345,864691132714151695
10346,864691132714152207
10347,864691132714152463
10348,864691132714153487
10349,864691132714153743
10350,864691132714154255
10351,864691132714155023
10352,864691132714155279
10353,864691132714156815
10354,864691132714157583
10355,864691132714158863
10356,864691132714159119
10357,864691132714160399
10358,864691132714160655
10359,864691132714161423
10360,864691132714161935
10361,864691132714162447
10362,864691132714163215
10363,864691132714163983
10364,864691132714165007
10365,864691132714165263
10366,864691132714165519
10367,864691132714166543
10368,864691132714167567
10369,864691132714167823
10370,864691132714168591
10371,864691132714168847
10372,864691132714169615
10373,864691132714169871
10374,864691132714170639
10375,864691132714171151
10376,864691132714172175
10377,864691132714174735
10378,864691132714175503
10379,864691132714175759
10380,864691132714177039
10381,864691132714177551
10382,864691132714177807
10383,864691132714178575
10384,864691132714179855
10385,864691132714180111
10386,864691132714180879
10387,864691132714181391
10388,864691132714181647
10389,864691132714182415
10390,864691132714183951
10391,864691132714184207
10392,864691132714185733
10393,864691132714186255
10394,864691132714187279
10395,864691132714187535
10396,864691132714188047
10397,864691132714188815
10398,864691132714189071
10399,864691132714189583
10400,864691132714189839
10401,864691132714190607
10402,864691132714191631
10403,864691132714194191
10404,864691132714194447
10405,864691132714194959
10406,864691132714195205
10407,864691132714197007
10408,864691132714197263
10409,864691132714198031
10410,864691132714198287
10411,864691132714199813
10412,864691132714201103
10413,864691132714201359
10414,864691132714201615
10415,864691132714202189
10416,864691132714204687
10417,864691132714207503
10418,864691132714208015
10419,864691132714209039
10420,864691132714209295
10421,864691132714210319
10422,864691132714210575
10423,864691132714211855
10424,864691132714214159
10425,864691132714215183
10426,864691132714215951
10427,864691132714216207
10428,864691132714216463
10429,864691132714217999
10430,864691132714218255
10431,864691132714220559
10432,864691132714220815
10433,864691132714221327
10434,864691132714221839
10435,864691132714307204
10436,864691132714331469
10437,864691132714334029
10438,864691132714334797
10439,864691132714335053
10440,864691132714335309
10441,864691132714335565
10442,864691132714336077
10443,864691132714337101
10444,864691132714337357
10445,864691132714337613
10446,864691132714337869
10447,864691132714339149
10448,864691132714339661
10449,864691132714339917
10450,864691132714341197
10451,864691132714341709
10452,864691132714341965
10453,864691132714345549
10454,864691132714346573
10455,864691132714347085
10456,864691132714347341
10457,864691132714348621
10458,864691132714349133
10459,864691132714349645
10460,864691132714350413
10461,864691132714350669
10462,864691132714350925
10463,864691132714351181
10464,864691132714352205
10465,864691132714353997
10466,864691132714355277
10467,864691132714355789
10468,864691132714356301
10469,864691132714356557
10470,864691132714356813
10471,864691132714357069
10472,864691132714359373
10473,864691132714360141
10474,864691132714361165
10475,864691132714361421
10476,864691132714361933
10477,864691132714362189
10478,864691132714363725
10479,864691132714365005
10480,864691132714366285
10481,864691132714367101
10482,864691132714367821
10483,864691132714369101
10484,864691132714369357
10485,864691132714369613
10486,864691132714370125
10487,864691132714370893
10488,864691132714371149
10489,864691132714372429
10490,864691132714372685
10491,864691132714373453
10492,864691132714373965
10493,864691132714374477
10494,864691132714374733
10495,864691132714376525
10496,864691132714377805
10497,864691132714378061
10498,864691132714378317
10499,864691132714379085
10500,864691132714379853
10501,864691132714380109
10502,864691132714380795
10503,864691132714381133
10504,864691132714382607
10505,864691132714382925
10506,864691132714384399
10507,864691132714384655
10508,864691132714384911
10509,864691132714385485
10510,864691132714385997
10511,864691132714386253
10512,864691132714386509
10513,864691132714386959
10514,864691132714387215
10515,864691132714387277
10516,864691132714387471
10517,864691132714387533
10518,864691132714388751
10519,864691132714389519
10520,864691132714390543
10521,864691132714391567
10522,864691132714394383
10523,864691132714394639
10524,864691132714394895
10525,864691132714396175
10526,864691132714397199
10527,864691132714398735
10528,864691132714400783
10529,864691132714401039
10530,864691132714401295
10531,864691132714402063
10532,864691132714402319
10533,864691132714404111
10534,864691132714404623
10535,864691132714405647
10536,864691132714405903
10537,864691132714406671
10538,864691132714430735
10539,864691132714431759
10540,864691132714432015
10541,864691132714440463
10542,864691132714564685
10543,864691132714564941
10544,864691132714565709
10545,864691132714565965
10546,864691132714566221
10547,864691132714566477
10548,864691132714567757
10549,864691132714568013
10550,864691132714569037
10551,864691132714569805
10552,864691132714571341
10553,864691132714572877
10554,864691132714573645
10555,864691132714576205
10556,864691132714576717
10557,864691132714578509
10558,864691132714578765
10559,864691132714580301
10560,864691132714580557
10561,864691132714581581
10562,864691132714583117
10563,864691132714583373
10564,864691132714583629
10565,864691132714583885
10566,864691132714585421
10567,864691132714587469
10568,864691132714587725
10569,864691132714588493
10570,864691132714589773
10571,864691132714590029
10572,864691132714590797
10573,864691132714591309
10574,864691132714617421
10575,864691132714618701
10576,864691132714619725
10577,864691132714620749
10578,864691132714622541
10579,864691132714625613
10580,864691132714626125
10581,864691132714626893
10582,864691132714627917
10583,864691132714628173
10584,864691132714629453
10585,864691132714630477
10586,864691132714632525
10587,864691132714633037
10588,864691132714633293
10589,864691132714636365
10590,864691132714637901
10591,864691132714638157
10592,864691132714638413
10593,864691132714641997
10594,864691132714644045
10595,864691132714645069
10596,864691132714646170
10597,864691132714646349
10598,864691132714647629
10599,864691132714687130
10600,864691132714704026
10601,864691132714720271
10602,864691132714782797
10603,864691132714857604
10604,864691132714872558
10605,864691132715002553
10606,864691132715056717
10607,864691132715061837
10608,864691132715070223
10609,864691132715210678
10610,864691132715460846
10611,864691132715463662
10612,864691132715473935
10613,864691132715486106
10614,864691132715499758
10615,864691132715502863
10616,864691132715593710
10617,864691132715607887
10618,864691132715655066
10619,864691132715682831
10620,864691132715716928
10621,864691132715718976
10622,864691132715719488
10623,864691132715720256
10624,864691132715722304
10625,864691132715723328
10626,864691132715725888
10627,864691132715728960
10628,864691132715729728
10629,864691132715729984
10630,864691132715730496
10631,864691132715731264
10632,864691132715732032
10633,864691132715733056
10634,864691132715733312
10635,864691132715733824
10636,864691132715734336
10637,864691132715735360
10638,864691132715735616
10639,864691132715736384
10640,864691132715736640
10641,864691132715738944
10642,864691132715739200
10643,864691132715740736
10644,864691132715740992
10645,864691132715741248
10646,864691132715741760
10647,864691132715742784
10648,864691132715744064
10649,864691132715744832
10650,864691132715745344
10651,864691132715746368
10652,864691132715747904
10653,864691132715748672
10654,864691132715749696
10655,864691132715750208
10656,864691132715750464
10657,864691132715753280
10658,864691132715754304
10659,864691132715754560
10660,864691132715755328
10661,864691132715755584
10662,864691132715755840
10663,864691132715756096
10664,864691132715757120
10665,864691132715757376
10666,864691132715758144
10667,864691132715759424
10668,864691132715760192
10669,864691132715761472
10670,864691132715761728
10671,864691132715762240
10672,864691132715762752
10673,864691132715763008
10674,864691132715763264
10675,864691132715763776
10676,864691132715764800
10677,864691132715765824
10678,864691132715766080
10679,864691132715766848
10680,864691132715767616
10681,864691132715768128
10682,864691132715768384
10683,864691132715768896
10684,864691132715769152
10685,864691132715769664
10686,864691132715769920
10687,864691132715770688
10688,864691132715770944
10689,864691132715771200
10690,864691132715771968
10691,864691132715772224
10692,864691132715773760
10693,864691132715775296
10694,864691132715776064
10695,864691132715777088
10696,864691132715777600
10697,864691132715777856
10698,864691132715778112
10699,864691132715778624
10700,864691132715779648
10701,864691132715779904
10702,864691132715780111
10703,864691132715780160
10704,864691132715780672
10705,864691132715782208
10706,864691132715782976
10707,864691132715785024
10708,864691132715786048
10709,864691132715786816
10710,864691132715789120
10711,864691132715791424
10712,864691132715792960
10713,864691132715793216
10714,864691132715793728
10715,864691132715795520
10716,864691132715796800
10717,864691132715797824
10718,864691132715798080
10719,864691132715798336
10720,864691132715798848
10721,864691132715799616
10722,864691132715799872
10723,864691132715802688
10724,864691132715803200
10725,864691132715803712
10726,864691132715804224
10727,864691132715804480
10728,864691132715806272
10729,864691132715807552
10730,864691132715808064
10731,864691132715810112
10732,864691132715812160
10733,864691132715812928
10734,864691132715816000
10735,864691132715816768
10736,864691132715820864
10737,864691132715821376
10738,864691132715822400
10739,864691132715822656
10740,864691132715824192
10741,864691132715824564
10742,864691132715825728
10743,864691132715825984
10744,864691132715826240
10745,864691132715826752
10746,864691132715828288
10747,864691132715828800
10748,864691132715830080
10749,864691132715831872
10750,864691132715833408
10751,864691132715835968
10752,864691132715837248
10753,864691132715837504
10754,864691132715837760
10755,864691132715838528
10756,864691132715838784
10757,864691132715839552
10758,864691132715840064
10759,864691132715843392
10760,864691132715844672
10761,864691132715845374
10762,864691132715845696
10763,864691132715846208
10764,864691132715846720
10765,864691132715847488
10766,864691132715848000
10767,864691132715849280
10768,864691132715850304
10769,864691132715851072
10770,864691132715851216
10771,864691132715853120
10772,864691132715853376
10773,864691132715853632
10774,864691132715856704
10775,864691132715857728
10776,864691132715858240
10777,864691132715860544
10778,864691132715862080
10779,864691132715862848
10780,864691132715864128
10781,864691132715867968
10782,864691132715868480
10783,864691132715869248
10784,864691132715869504
10785,864691132715870016
10786,864691132715871040
10787,864691132715871808
10788,864691132715877903
10789,864691132715908941
10790,864691132715944090
10791,864691132715983067
10792,864691132715983579
10793,864691132715984859
10794,864691132715985115
10795,864691132715986139
10796,864691132715986907
10797,864691132715987163
10798,864691132715990491
10799,864691132715993307
10800,864691132715994075
10801,864691132715994331
10802,864691132715995355
10803,864691132715995611
10804,864691132715996635
10805,864691132715997147
10806,864691132715998171
10807,864691132715999195
10808,864691132715999707
10809,864691132716000219
10810,864691132716000731
10811,864691132716001243
10812,864691132716001499
10813,864691132716002267
10814,864691132716002523
10815,864691132716002779
10816,864691132716006619
10817,864691132716008667
10818,864691132716009179
10819,864691132716009435
10820,864691132716011739
10821,864691132716015579
10822,864691132716016347
10823,864691132716016859
10824,864691132716018395
10825,864691132716018651
10826,864691132716019163
10827,864691132716020443
10828,864691132716022235
10829,864691132716022491
10830,864691132716023259
10831,864691132716024283
10832,864691132716025933
10833,864691132716026587
10834,864691132716026688
10835,864691132716026944
10836,864691132716027200
10837,864691132716028379
10838,864691132716028736
10839,864691132716029248
10840,864691132716029915
10841,864691132716030427
10842,864691132716030683
10843,864691132716031963
10844,864691132716032832
10845,864691132716033088
10846,864691132716033243
10847,864691132716033344
10848,864691132716033600
10849,864691132716034267
10850,864691132716036315
10851,864691132716038875
10852,864691132716039131
10853,864691132716041947
10854,864691132716042459
10855,864691132716042715
10856,864691132716043483
10857,864691132716046555
10858,864691132716049883
10859,864691132716050395
10860,864691132716051419
10861,864691132716051931
10862,864691132716052699
10863,864691132716054491
10864,864691132716054747
10865,864691132716056795
10866,864691132716057563
10867,864691132716058587
10868,864691132716061659
10869,864691132716062427
10870,864691132716063707
10871,864691132716063963
10872,864691132716083264
10873,864691132716083776
10874,864691132716085056
10875,864691132716086080
10876,864691132716086592
10877,864691132716090688
10878,864691132716090944
10879,864691132716091200
10880,864691132716092736
10881,864691132716092992
10882,864691132716093248
10883,864691132716094016
10884,864691132716094528
10885,864691132716132276
10886,864691132716184539
10887,864691132716185819
10888,864691132716186075
10889,864691132716187355
10890,864691132716189403
10891,864691132716189659
10892,864691132716189915
10893,864691132716190171
10894,864691132716190427
10895,864691132716190683
10896,864691132716218331
10897,864691132716220635
10898,864691132716220891
10899,864691132716221403
10900,864691132716221659
10901,864691132716222427
10902,864691132716222683
10903,864691132716222939
10904,864691132716223451
10905,864691132716224475
10906,864691132716234459
10907,864691132716234715
10908,864691132716295643
10909,864691132716404852
10910,864691132716450714
10911,864691132716490829
10912,864691132716507385
10913,864691132716526863
10914,864691132716537359
10915,864691132716560603
10916,864691132716575053
10917,864691132716670618
10918,864691132716706637
10919,864691132716707599
10920,864691132716750516
10921,864691132716764431
10922,864691132716803803
10923,864691132716829455
10924,864691132716838382
10925,864691132716899381
10926,864691132716945485
10927,864691132716947164
10928,864691132717007748
10929,864691132717015940
10930,864691132717036047
10931,864691132717036877
10932,864691132717047373
10933,864691132717067023
10934,864691132717097391
10935,864691132717111823
10936,864691132717120938
10937,864691132717140495
10938,864691132717169371
10939,864691132717172301
10940,864691132717184333
10941,864691132717209893
10942,864691132717221802
10943,864691132717228970
10944,864691132717229226
10945,864691132717230157
10946,864691132717230250
10947,864691132717230762
10948,864691132717231018
10949,864691132717232298
10950,864691132717232554
10951,864691132717233322
10952,864691132717233578
10953,864691132717233834
10954,864691132717234090
10955,864691132717235626
10956,864691132717236751
10957,864691132717237162
10958,864691132717238698
10959,864691132717239722
10960,864691132717240490
10961,864691132717241002
10962,864691132717241770
10963,864691132717242538
10964,864691132717243050
10965,864691132717243562
10966,864691132717244842
10967,864691132717245354
10968,864691132717245610
10969,864691132717247146
10970,864691132717247402
10971,864691132717248426
10972,864691132717248938
10973,864691132717249706
10974,864691132717249962
10975,864691132717250730
10976,864691132717251498
10977,864691132717252010
10978,864691132717254826
10979,864691132717255338
10980,864691132717257130
10981,864691132717257386
10982,864691132717258922
10983,864691132717259434
10984,864691132717260202
10985,864691132717260458
10986,864691132717261482
10987,864691132717262762
10988,864691132717263018
10989,864691132717264042
10990,864691132717264810
10991,864691132717265322
10992,864691132717268650
10993,864691132717268906
10994,864691132717269162
10995,864691132717270442
10996,864691132717271978
10997,864691132717272746
10998,864691132717273002
10999,864691132717273514
11000,864691132717274282
11001,864691132717274538
11002,864691132717274794
11003,864691132717275562
11004,864691132717276842
11005,864691132717277610
11006,864691132717279914
11007,864691132717280426
11008,864691132717280576
11009,864691132717282986
11010,864691132717283498
11011,864691132717284010
11012,864691132717285290
11013,864691132717286826
11014,864691132717288874
11015,864691132717289130
11016,864691132717289805
11017,864691132717291946
11018,864691132717292202
11019,864691132717293071
11020,864691132717294250
11021,864691132717294506
11022,864691132717294762
11023,864691132717296298
11024,864691132717298346
11025,864691132717298602
11026,864691132717301674
11027,864691132717303210
11028,864691132717303722
11029,864691132717307306
11030,864691132717307562
11031,864691132717311146
11032,864691132717313450
11033,864691132717314218
11034,864691132717314730
11035,864691132717315242
11036,864691132717315498
11037,864691132717316010
11038,864691132717316522
11039,864691132717319082
11040,864691132717320106
11041,864691132717321386
11042,864691132717321642
11043,864691132717321898
11044,864691132717322410
11045,864691132717322666
11046,864691132717323178
11047,864691132717324394
11048,864691132717324714
11049,864691132717324970
11050,864691132717325738
11051,864691132717328042
11052,864691132717328554
11053,864691132717331114
11054,864691132717331626
11055,864691132717331882
11056,864691132717333418
11057,864691132717365991
11058,864691132717377807
11059,864691132717399194
11060,864691132717399629
11061,864691132717406285
11062,864691132717424878
11063,864691132717443661
11064,864691132717452608
11065,864691132717460288
11066,864691132717460650
11067,864691132717462186
11068,864691132717463466
11069,864691132717464591
11070,864691132717464746
11071,864691132717465258
11072,864691132717465514
11073,864691132717465770
11074,864691132717466538
11075,864691132717468330
11076,864691132717469098
11077,864691132717469866
11078,864691132717471402
11079,864691132717471914
11080,864691132717472170
11081,864691132717472426
11082,864691132717472682
11083,864691132717474986
11084,864691132717476522
11085,864691132717476778
11086,864691132717478570
11087,864691132717478826
11088,864691132717480106
11089,864691132717480618
11090,864691132717481386
11091,864691132717482666
11092,864691132717485994
11093,864691132717486506
11094,864691132717487274
11095,864691132717487530
11096,864691132717488042
11097,864691132717488894
11098,864691132717491114
11099,864691132717492138
11100,864691132717492650
11101,864691132717492906
11102,864691132717493418
11103,864691132717493930
11104,864691132717494442
11105,864691132717494510
11106,864691132717495722
11107,864691132717497258
11108,864691132717498282
11109,864691132717498957
11110,864691132717499050
11111,864691132717499306
11112,864691132717499818
11113,864691132717500842
11114,864691132717501098
11115,864691132717501354
11116,864691132717501610
11117,864691132717502378
11118,864691132717502890
11119,864691132717503658
11120,864691132717503914
11121,864691132717504426
11122,864691132717505194
11123,864691132717505551
11124,864691132717505962
11125,864691132717506474
11126,864691132717506893
11127,864691132717506986
11128,864691132717507242
11129,864691132717507754
11130,864691132717508266
11131,864691132717509802
11132,864691132717510570
11133,864691132717514317
11134,864691132717515262
11135,864691132717538267
11136,864691132717538383
11137,864691132717539498
11138,864691132717544618
11139,864691132717545130
11140,864691132717547178
11141,864691132717549226
11142,864691132717549482
11143,864691132717550250
11144,864691132717550925
11145,864691132717552298
11146,864691132717552810
11147,864691132717555370
11148,864691132717555626
11149,864691132717556138
11150,864691132717556906
11151,864691132717557162
11152,864691132717557418
11153,864691132717557674
11154,864691132717557837
11155,864691132717557930
11156,864691132717558442
11157,864691132717558954
11158,864691132717561524
11159,864691132717571904
11160,864691132717578108
11161,864691132717601101
11162,864691132717606477
11163,864691132717623978
11164,864691132717624397
11165,864691132717647284
11166,864691132717668405
11167,864691132717682765
11168,864691132717684495
11169,864691132717699343
11170,864691132717709645
11171,864691132717721615
11172,864691132717722189
11173,864691132717764928
11174,864691132717795136
11175,864691132717808143
11176,864691132717814199
11177,864691132717825869
11178,864691132717826575
11179,864691132717828429
11180,864691132717837839
11181,864691132717838095
11182,864691132717862131
11183,864691132717862387
11184,864691132717862643
11185,864691132717863411
11186,864691132717865203
11187,864691132717865459
11188,864691132717866227
11189,864691132717867507
11190,864691132717867763
11191,864691132717868019
11192,864691132717868275
11193,864691132717868531
11194,864691132717870067
11195,864691132717870157
11196,864691132717870579
11197,864691132717871347
11198,864691132717872115
11199,864691132717873139
11200,864691132717874419
11201,864691132717874675
11202,864691132717874931
11203,864691132717876979
11204,864691132717877747
11205,864691132717878771
11206,864691132717880051
11207,864691132717880307
11208,864691132717880819
11209,864691132717881331
11210,864691132717881587
11211,864691132717882611
11212,864691132717884915
11213,864691132717887475
11214,864691132717888243
11215,864691132717889011
11216,864691132717889267
11217,864691132717890319
11218,864691132717890803
11219,864691132717891566
11220,864691132717892083
11221,864691132717892339
11222,864691132717893363
11223,864691132717893619
11224,864691132717893875
11225,864691132717895923
11226,864691132717896179
11227,864691132717897203
11228,864691132717898227
11229,864691132717899507
11230,864691132717900787
11231,864691132717901043
11232,864691132717902579
11233,864691132717903091
11234,864691132717904883
11235,864691132717905395
11236,864691132717905651
11237,864691132717906419
11238,864691132717906931
11239,864691132717908211
11240,864691132717908467
11241,864691132717909235
11242,864691132717909747
11243,864691132717910259
11244,864691132717911027
11245,864691132717911283
11246,864691132717912563
11247,864691132717912819
11248,864691132717913331
11249,864691132717914099
11250,864691132717916659
11251,864691132717917683
11252,864691132717917760
11253,864691132717918707
11254,864691132717919219
11255,864691132717920243
11256,864691132717920499
11257,864691132717920755
11258,864691132717922803
11259,864691132717924083
11260,864691132717925619
11261,864691132717927387
11262,864691132717927411
11263,864691132717928691
11264,864691132717929203
11265,864691132717930372
11266,864691132717930995
11267,864691132717931251
11268,864691132717932531
11269,864691132717933811
11270,864691132717934579
11271,864691132717935603
11272,864691132717937651
11273,864691132717938419
11274,864691132717940467
11275,864691132717941491
11276,864691132717942003
11277,864691132717942771
11278,864691132717943795
11279,864691132717944051
11280,864691132717944563
11281,864691132717947379
11282,864691132717947635
11283,864691132717949427
11284,864691132717950963
11285,864691132717951219
11286,864691132717952243
11287,864691132717952755
11288,864691132717953779
11289,864691132717954803
11290,864691132717956595
11291,864691132717956851
11292,864691132717957619
11293,864691132717958382
11294,864691132717960691
11295,864691132717963763
11296,864691132717964275
11297,864691132717964763
11298,864691132717965043
11299,864691132717965811
11300,864691132717966323
11301,864691132717967859
11302,864691132717968371
11303,864691132717971443
11304,864691132717971699
11305,864691132717978445
11306,864691132717981261
11307,864691132717992781
11308,864691132717995085
11309,864691132717997019
11310,864691132717997389
11311,864691132718048238
11312,864691132718059251
11313,864691132718099859
11314,864691132718109915
11315,864691132718112475
11316,864691132718121024
11317,864691132718127168
11318,864691132718130675
11319,864691132718131955
11320,864691132718132723
11321,864691132718133491
11322,864691132718134515
11323,864691132718142528
11324,864691132718169075
11325,864691132718170867
11326,864691132718172403
11327,864691132718173683
11328,864691132718181044
11329,864691132718182619
11330,864691132718186995
11331,864691132718188019
11332,864691132718188275
11333,864691132718188787
11334,864691132718189555
11335,864691132718190043
11336,864691132718191323
11337,864691132718231104
11338,864691132718235379
11339,864691132718241204
11340,864691132718245597
11341,864691132718291264
11342,864691132718292187
11343,864691132718299200
11344,864691132718303195
11345,864691132718317019
11346,864691132718328532
11347,864691132718330580
11348,864691132718346739
11349,864691132718356692
11350,864691132718370368
11351,864691132718385327
11352,864691132718387264
11353,864691132718389312
11354,864691132718393075
11355,864691132718404928
11356,864691132718408512
11357,864691132718435796
11358,864691132718438100
11359,864691132718440660
11360,864691132718445780
11361,864691132718447572
11362,864691132718448084
11363,864691132718449108
11364,864691132718449364
11365,864691132718449876
11366,864691132718453972
11367,864691132718454228
11368,864691132718454484
11369,864691132718455508
11370,864691132718455764
11371,864691132718456020
11372,864691132718456276
11373,864691132718457044
11374,864691132718457300
11375,864691132718458324
11376,864691132718459860
11377,864691132718460628
11378,864691132718460884
11379,864691132718461396
11380,864691132718462676
11381,864691132718462932
11382,864691132718463444
11383,864691132718464980
11384,864691132718465748
11385,864691132718466516
11386,864691132718466772
11387,864691132718467540
11388,864691132718468052
11389,864691132718469332
11390,864691132718470356
11391,864691132718472148
11392,864691132718473172
11393,864691132718474708
11394,864691132718475476
11395,864691132718475988
11396,864691132718476244
11397,864691132718476756
11398,864691132718479060
11399,864691132718480084
11400,864691132718481364
11401,864691132718482644
11402,864691132718483156
11403,864691132718483668
11404,864691132718484180
11405,864691132718484436
11406,864691132718484948
11407,864691132718485716
11408,864691132718486484
11409,864691132718486996
11410,864691132718487764
11411,864691132718488532
11412,864691132718489051
11413,864691132718490068
11414,864691132718490836
11415,864691132718492372
11416,864691132718492884
11417,864691132718493652
11418,864691132718493908
11419,864691132718496212
11420,864691132718496980
11421,864691132718498516
11422,864691132718498772
11423,864691132718499540
11424,864691132718500052
11425,864691132718509188
11426,864691132718527451
11427,864691132718539739
11428,864691132718558016
11429,864691132718563035
11430,864691132718563822
11431,864691132718613467
11432,864691132718633684
11433,864691132718634196
11434,864691132718634452
11435,864691132718634964
11436,864691132718635483
11437,864691132718635732
11438,864691132718637012
11439,864691132718637268
11440,864691132718637780
11441,864691132718638292
11442,864691132718640084
11443,864691132718640704
11444,864691132718641364
11445,864691132718641620
11446,864691132718641876
11447,864691132718642644
11448,864691132718643264
11449,864691132718644436
11450,864691132718645716
11451,864691132718648276
11452,864691132718650068
11453,864691132718650836
11454,864691132718651348
11455,864691132718671859
11456,864691132718678228
11457,864691132718678996
11458,864691132718679764
11459,864691132718680020
11460,864691132718680276
11461,864691132718683348
11462,864691132718684628
11463,864691132718685396
11464,864691132718685652
11465,864691132718685908
11466,864691132718686164
11467,864691132718686932
11468,864691132718689492
11469,864691132718690004
11470,864691132718690260
11471,864691132718691284
11472,864691132718691796
11473,864691132718692564
11474,864691132718692820
11475,864691132718693192
11476,864691132718694100
11477,864691132718694356
11478,864691132718694612
11479,864691132718694868
11480,864691132718695161
11481,864691132718697172
11482,864691132718697428
11483,864691132718697940
11484,864691132718698452
11485,864691132718698708
11486,864691132718698964
11487,864691132718700500
11488,864691132718700756
11489,864691132718701268
11490,864691132718719040
11491,864691132718760776
11492,864691132718769664
11493,864691132718771443
11494,864691132718772187
11495,864691132718840746
11496,864691132718856000
11497,864691132718863067
11498,864691132718863424
11499,864691132718878707
11500,864691132718880576
11501,864691132718882523
11502,864691132718886976
11503,864691132718923584
11504,864691132718939968
11505,864691132718942031
11506,864691132718945518
11507,864691132718960859
11508,864691132718978368
11509,864691132718998009
11510,864691132719000368
11511,864691132719022299
11512,864691132719023424
11513,864691132719041499
11514,864691132719045339
11515,864691132719049710
11516,864691132719054400
11517,864691132719054574
11518,864691132719076928
11519,864691132719109290
11520,864691132719113280
11521,864691132719125723
11522,864691132719131123
11523,864691132719181120
11524,864691132719182506
11525,864691132719219626
11526,864691132719221230
11527,864691132719244608
11528,864691132719251668
11529,864691132719289587
11530,864691132719329755
11531,864691132719363648
11532,864691132719382235
11533,864691132719382747
11534,864691132719408746
11535,864691132719415515
11536,864691132719419123
11537,864691132719457194
11538,864691132719485828
11539,864691132719540110
11540,864691132719554779
11541,864691132719619547
11542,864691132719653556
11543,864691132719666651
11544,864691132719667086
11545,864691132719669646
11546,864691132719671771
11547,864691132719673486
11548,864691132719675022
11549,864691132719675790
11550,864691132719676046
11551,864691132719676558
11552,864691132719677838
11553,864691132719678350
11554,864691132719679374
11555,864691132719681166
11556,864691132719681678
11557,864691132719681934
11558,864691132719682190
11559,864691132719682446
11560,864691132719682958
11561,864691132719683726
11562,864691132719683982
11563,864691132719684238
11564,864691132719684494
11565,864691132719685774
11566,864691132719686314
11567,864691132719686542
11568,864691132719691150
11569,864691132719691662
11570,864691132719692174
11571,864691132719692942
11572,864691132719694222
11573,864691132719694478
11574,864691132719694734
11575,864691132719694990
11576,864691132719695246
11577,864691132719695502
11578,864691132719695758
11579,864691132719696014
11580,864691132719696526
11581,864691132719697038
11582,864691132719697294
11583,864691132719697806
11584,864691132719698318
11585,864691132719698346
11586,864691132719698574
11587,864691132719698830
11588,864691132719699598
11589,864691132719702670
11590,864691132719703182
11591,864691132719703950
11592,864691132719704206
11593,864691132719705486
11594,864691132719707022
11595,864691132719707278
11596,864691132719709070
11597,864691132719710350
11598,864691132719710606
11599,864691132719711374
11600,864691132719712142
11601,864691132719713934
11602,864691132719714190
11603,864691132719714446
11604,864691132719715470
11605,864691132719715982
11606,864691132719716750
11607,864691132719717262
11608,864691132719717774
11609,864691132719719310
11610,864691132719719822
11611,864691132719722894
11612,864691132719723406
11613,864691132719723918
11614,864691132719725198
11615,864691132719726478
11616,864691132719728270
11617,864691132719728782
11618,864691132719729038
11619,864691132719729550
11620,864691132719731086
11621,864691132719731342
11622,864691132719731598
11623,864691132719732110
11624,864691132719732650
11625,864691132719732878
11626,864691132719733601
11627,864691132719733902
11628,864691132719734414
11629,864691132719734670
11630,864691132719734977
11631,864691132719736718
11632,864691132719737486
11633,864691132719737998
11634,864691132719738510
11635,864691132719739022
11636,864691132719739278
11637,864691132719739745
11638,864691132719740558
11639,864691132719740814
11640,864691132719742606
11641,864691132719743118
11642,864691132719744353
11643,864691132719744609
11644,864691132719744654
11645,864691132719747681
11646,864691132719750753
11647,864691132719751265
11648,864691132719752289
11649,864691132719753569
11650,864691132719755105
11651,864691132719755361
11652,864691132719755617
11653,864691132719755873
11654,864691132719757665
11655,864691132719757921
11656,864691132719758433
11657,864691132719758689
11658,864691132719759801
11659,864691132719759969
11660,864691132719761505
11661,864691132719761761
11662,864691132719762017
11663,864691132719763041
11664,864691132719764321
11665,864691132719765857
11666,864691132719767137
11667,864691132719767649
11668,864691132719767905
11669,864691132719768161
11670,864691132719768673
11671,864691132719768929
11672,864691132719770209
11673,864691132719772513
11674,864691132719774049
11675,864691132719774817
11676,864691132719775073
11677,864691132719777633
11678,864691132719779169
11679,864691132719780193
11680,864691132719780449
11681,864691132719781729
11682,864691132719783009
11683,864691132719783265
11684,864691132719784801
11685,864691132719785569
11686,864691132719786081
11687,864691132719787105
11688,864691132719788897
11689,864691132719789921
11690,864691132719790433
11691,864691132719791457
11692,864691132719791969
11693,864691132719792481
11694,864691132719793249
11695,864691132719795809
11696,864691132719796065
11697,864691132719797601
11698,864691132719798113
11699,864691132719798369
11700,864691132719798625
11701,864691132719800929
11702,864691132719801441
11703,864691132719802465
11704,864691132719803489
11705,864691132719803745
11706,864691132719806817
11707,864691132719808353
11708,864691132719809121
11709,864691132719811937
11710,864691132719814241
11711,864691132719815777
11712,864691132719816801
11713,864691132719817569
11714,864691132719817825
11715,864691132719820367
11716,864691132719821921
11717,864691132719822689
11718,864691132719823201
11719,864691132719827809
11720,864691132719828321
11721,864691132719828833
11722,864691132719832929
11723,864691132719833185
11724,864691132719833697
11725,864691132719834721
11726,864691132719835745
11727,864691132719836001
11728,864691132719837025
11729,864691132719837281
11730,864691132719838049
11731,864691132719839073
11732,864691132719842913
11733,864691132719843425
11734,864691132719844193
11735,864691132719844449
11736,864691132719845729
11737,864691132719848033
11738,864691132719848289
11739,864691132719850593
11740,864691132719852897
11741,864691132719853409
11742,864691132719854433
11743,864691132719866855
11744,864691132719870190
11745,864691132719880618
11746,864691132719886990
11747,864691132719889806
11748,864691132719890574
11749,864691132719892878
11750,864691132719893390
11751,864691132719893902
11752,864691132719894414
11753,864691132719894670
11754,864691132719895950
11755,864691132719896206
11756,864691132719896718
11757,864691132719896974
11758,864691132719927182
11759,864691132719927694
11760,864691132719928206
11761,864691132719928462
11762,864691132719935118
11763,864691132719938446
11764,864691132719938702
11765,864691132719938958
11766,864691132719940238
11767,864691132719941518
11768,864691132719942542
11769,864691132719943054
11770,864691132719943822
11771,864691132719944078
11772,864691132719944590
11773,864691132719945358
11774,864691132719945614
11775,864691132719945870
11776,864691132719946126
11777,864691132719947150
11778,864691132719947406
11779,864691132719948686
11780,864691132719948942
11781,864691132719949198
11782,864691132719959112
11783,864691132719988344
11784,864691132719990113
11785,864691132719991137
11786,864691132719992417
11787,864691132719992929
11788,864691132719993441
11789,864691132719994465
11790,864691132719994721
11791,864691132719995489
11792,864691132719996257
11793,864691132719996769
11794,864691132719999073
11795,864691132720000865
11796,864691132720001450
11797,864691132720001889
11798,864691132720003059
11799,864691132720003425
11800,864691132720005217
11801,864691132720005267
11802,864691132720005473
11803,864691132720006497
11804,864691132720007009
11805,864691132720007265
11806,864691132720028628
11807,864691132720029939
11808,864691132720032170
11809,864691132720036449
11810,864691132720036961
11811,864691132720037011
11812,864691132720049811
11813,864691132720067498
11814,864691132720072430
11815,864691132720076382
11816,864691132720084394
11817,864691132720084723
11818,864691132720123562
11819,864691132720128979
11820,864691132720129962
11821,864691132720159987
11822,864691132720185044
11823,864691132720248766
11824,864691132720347022
11825,864691132720391292
11826,864691132720418218
11827,864691132720427946
11828,864691132720436723
11829,864691132720460932
11830,864691132720473514
11831,864691132720486241
11832,864691132720500366
11833,864691132720526548
11834,864691132720535905
11835,864691132720558292
11836,864691132720579827
11837,864691132720601514
11838,864691132720601780
11839,864691132720630003
11840,864691132720651251
11841,864691132720654506
11842,864691132720660394
11843,864691132720688042
11844,864691132720704426
11845,864691132720708590
11846,864691132720710582
11847,864691132720715763
11848,864691132720717994
11849,864691132720742867
11850,864691132720745710
11851,864691132720746452
11852,864691132720755320
11853,864691132720769235
11854,864691132720790309
11855,864691132720800549
11856,864691132720855210
11857,864691132720860046
11858,864691132720881620
11859,864691132720882163
11860,864691132720885089
11861,864691132720911347
11862,864691132720911713
11863,864691132720929779
11864,864691132720945284
11865,864691132720955818
11866,864691132720968362
11867,864691132720969642
11868,864691132720986282
11869,864691132721022451
11870,864691132721033140
11871,864691132721068019
11872,864691132721167246
11873,864691132721182675
11874,864691132721190387
11875,864691132721204723
11876,864691132721206625
11877,864691132721207764
11878,864691132721208807
11879,864691132721214340
11880,864691132721248609
11881,864691132721250547
11882,864691132721256836
11883,864691132721273587
11884,864691132721316339
11885,864691132721322638
11886,864691132721329876
11887,864691132721334996
11888,864691132721350612
11889,864691132721361620
11890,864691132721369556
11891,864691132721382241
11892,864691132721413076
11893,864691132721445363
11894,864691132721454433
11895,864691132721471700
11896,864691132721501683
11897,864691132721512179
11898,864691132721565939
11899,864691132721566195
11900,864691132721575777
11901,864691132721587598
11902,864691132721612244
11903,864691132721617902
11904,864691132721689812
11905,864691132721735667
11906,864691132721744252
11907,864691132721750484
11908,864691132721774222
11909,864691132721793934
11910,864691132721798100
11911,864691132721806835
11912,864691132721824724
11913,864691132721852257
11914,864691132721931361
11915,864691132721975182
11916,864691132722014164
11917,864691132722127157
11918,864691132722208750
11919,864691132722281710
11920,864691132722326881
11921,864691132722327790
11922,864691132722385796
11923,864691132722399585
11924,864691132722410081
11925,864691132722432113
11926,864691132722433649
11927,864691132722436977
11928,864691132722441329
11929,864691132722443377
11930,864691132722444145
11931,864691132722445169
11932,864691132722446449
11933,864691132722449009
11934,864691132722449521
11935,864691132722449777
11936,864691132722450289
11937,864691132722451825
11938,864691132722452081
11939,864691132722454129
11940,864691132722454385
11941,864691132722454641
11942,864691132722455409
11943,864691132722456177
11944,864691132722457201
11945,864691132722457713
11946,864691132722458737
11947,864691132722460273
11948,864691132722461297
11949,864691132722461326
11950,864691132722461809
11951,864691132722462577
11952,864691132722463345
11953,864691132722463601
11954,864691132722463857
11955,864691132722466161
11956,864691132722466673
11957,864691132722467953
11958,864691132722468209
11959,864691132722468977
11960,864691132722470257
11961,864691132722472561
11962,864691132722472817
11963,864691132722473073
11964,864691132722474353
11965,864691132722474609
11966,864691132722475633
11967,864691132722477169
11968,864691132722477937
11969,864691132722478449
11970,864691132722479217
11971,864691132722479473
11972,864691132722479985
11973,864691132722480753
11974,864691132722481521
11975,864691132722485617
11976,864691132722488945
11977,864691132722489457
11978,864691132722490225
11979,864691132722490254
11980,864691132722492273
11981,864691132722492785
11982,864691132722494833
11983,864691132722495345
11984,864691132722495857
11985,864691132722496369
11986,864691132722497137
11987,864691132722497649
11988,864691132722497905
11989,864691132722498417
11990,864691132722498673
11991,864691132722499441
11992,864691132722499953
11993,864691132722500209
11994,864691132722500465
11995,864691132722501233
11996,864691132722502769
11997,864691132722503025
11998,864691132722503281
11999,864691132722503537
12000,864691132722504305
12001,864691132722504561
12002,864691132722504817
12003,864691132722505329
12004,864691132722508657
12005,864691132722509169
12006,864691132722509937
12007,864691132722510193
12008,864691132722511729
12009,864691132722512497
12010,864691132722512753
12011,864691132722513521
12012,864691132722519921
12013,864691132722521457
12014,864691132722522481
12015,864691132722552161
12016,864691132722623630
12017,864691132722655329
12018,864691132722657668
12019,864691132722657924
12020,864691132722661233
12021,864691132722662769
12022,864691132722668145
12023,864691132722668401
12024,864691132722691953
12025,864691132722693489
12026,864691132722697841
12027,864691132722699377
12028,864691132722699633
12029,864691132722700145
12030,864691132722704753
12031,864691132722708622
12032,864691132722731849
12033,864691132722763617
12034,864691132722772110
12035,864691132722788705
12036,864691132722789217
12037,864691132722795105
12038,864691132722803553
12039,864691132722805902
12040,864691132722839962
12041,864691132722840474
12042,864691132722840730
12043,864691132722842266
12044,864691132722844257
12045,864691132722844826
12046,864691132722849166
12047,864691132722852250
12048,864691132722852506
12049,864691132722852762
12050,864691132722853018
12051,864691132722854298
12052,864691132722855497
12053,864691132722857114
12054,864691132722857370
12055,864691132722858394
12056,864691132722859162
12057,864691132722859337
12058,864691132722859930
12059,864691132722860186
12060,864691132722860698
12061,864691132722860954
12062,864691132722862234
12063,864691132722862409
12064,864691132722862490
12065,864691132722863514
12066,864691132722864026
12067,864691132722865050
12068,864691132722865306
12069,864691132722865481
12070,864691132722865818
12071,864691132722866249
12072,864691132722866330
12073,864691132722866505
12074,864691132722866761
12075,864691132722866842
12076,864691132722867017
12077,864691132722867098
12078,864691132722868041
12079,864691132722868122
12080,864691132722868378
12081,864691132722869577
12082,864691132722869914
12083,864691132722870170
12084,864691132722870426
12085,864691132722870601
12086,864691132722871450
12087,864691132722871706
12088,864691132722871881
12089,864691132722872393
12090,864691132722872474
12091,864691132722872649
12092,864691132722872730
12093,864691132722872905
12094,864691132722873230
12095,864691132722873417
12096,864691132722873673
12097,864691132722873754
12098,864691132722873929
12099,864691132722874778
12100,864691132722874953
12101,864691132722875209
12102,864691132722875546
12103,864691132722875802
12104,864691132722876745
12105,864691132722876826
12106,864691132722878281
12107,864691132722879049
12108,864691132722879386
12109,864691132722880154
12110,864691132722880410
12111,864691132722880585
12112,864691132722880666
12113,864691132722881097
12114,864691132722881178
12115,864691132722881609
12116,864691132722882377
12117,864691132722883226
12118,864691132722883482
12119,864691132722883994
12120,864691132722884506
12121,864691132722885193
12122,864691132722885705
12123,864691132722886217
12124,864691132722886298
12125,864691132722886473
12126,864691132722886729
12127,864691132722886810
12128,864691132722887497
12129,864691132722887834
12130,864691132722888346
12131,864691132722888521
12132,864691132722889626
12133,864691132722889801
12134,864691132722889882
12135,864691132722890057
12136,864691132722890569
12137,864691132722891162
12138,864691132722891593
12139,864691132722891930
12140,864691132722892698
12141,864691132722892954
12142,864691132722893210
12143,864691132722893641
12144,864691132722894490
12145,864691132722894665
12146,864691132722895086
12147,864691132722895177
12148,864691132722895258
12149,864691132722897562
12150,864691132722898505
12151,864691132722898586
12152,864691132722898842
12153,864691132722899610
12154,864691132722899866
12155,864691132722900634
12156,864691132722901065
12157,864691132722901658
12158,864691132722903450
12159,864691132722903625
12160,864691132722903706
12161,864691132722904137
12162,864691132722904730
12163,864691132722905417
12164,864691132722906010
12165,864691132722906266
12166,864691132722906522
12167,864691132722906778
12168,864691132722908058
12169,864691132722909082
12170,864691132722909769
12171,864691132722909850
12172,864691132722910793
12173,864691132722911817
12174,864691132722912097
12175,864691132722912410
12176,864691132722912585
12177,864691132722912922
12178,864691132722913353
12179,864691132722913434
12180,864691132722913609
12181,864691132722914121
12182,864691132722914202
12183,864691132722914970
12184,864691132722915657
12185,864691132722916250
12186,864691132722916681
12187,864691132722916762
12188,864691132722917786
12189,864691132722918298
12190,864691132722918473
12191,864691132722918729
12192,864691132722919241
12193,864691132722919578
12194,864691132722919834
12195,864691132722920090
12196,864691132722921114
12197,864691132722921289
12198,864691132722922057
12199,864691132722922569
12200,864691132722923593
12201,864691132722923662
12202,864691132722923918
12203,864691132722924105
12204,864691132722924442
12205,864691132722925129
12206,864691132722926746
12207,864691132722928026
12208,864691132722928794
12209,864691132722929050
12210,864691132722930074
12211,864691132722931610
12212,864691132722935153
12213,864691132722935694
12214,864691132722948846
12215,864691132722958177
12216,864691132722966158
12217,864691132722969441
12218,864691132723049198
12219,864691132723060041
12220,864691132723060297
12221,864691132723061577
12222,864691132723061601
12223,864691132723062345
12224,864691132723062601
12225,864691132723062857
12226,864691132723063113
12227,864691132723063369
12228,864691132723064649
12229,864691132723066185
12230,864691132723067209
12231,864691132723067721
12232,864691132723067977
12233,864691132723068489
12234,864691132723068745
12235,864691132723069001
12236,864691132723070281
12237,864691132723071561
12238,864691132723071817
12239,864691132723072585
12240,864691132723073097
12241,864691132723074633
12242,864691132723075145
12243,864691132723075937
12244,864691132723077449
12245,864691132723077705
12246,864691132723078126
12247,864691132723078473
12248,864691132723078729
12249,864691132723078985
12250,864691132723100654
12251,864691132723111044
12252,864691132723111753
12253,864691132723115418
12254,864691132723115930
12255,864691132723117722
12256,864691132723117978
12257,864691132723118746
12258,864691132723119002
12259,864691132723119945
12260,864691132723120794
12261,864691132723121225
12262,864691132723121818
12263,864691132723123098
12264,864691132723124890
12265,864691132723126682
12266,864691132723127450
12267,864691132723127905
12268,864691132723128730
12269,864691132723140750
12270,864691132723157146
12271,864691132723157658
12272,864691132723158625
12273,864691132723158682
12274,864691132723164314
12275,864691132723165082
12276,864691132723165338
12277,864691132723166362
12278,864691132723170458
12279,864691132723170970
12280,864691132723171226
12281,864691132723171482
12282,864691132723172705
12283,864691132723175009
12284,864691132723182478
12285,864691132723206542
12286,864691132723211593
12287,864691132723211918
12288,864691132723213409
12289,864691132723224076
12290,864691132723244430
12291,864691132723266145
12292,864691132723268705
12293,864691132723274081
12294,864691132723274382
12295,864691132723295886
12296,864691132723302286
12297,864691132723302542
12298,864691132723308385
12299,864691132723312457
12300,864691132723323977
12301,864691132723330702
12302,864691132723335566
12303,864691132723567031
12304,864691132723634033
12305,864691132723690590
12306,864691132723758004
12307,864691132723860553
12308,864691132723893577
12309,864691132723941745
12310,864691132723966446
12311,864691132723984622
12312,864691132724057417
12313,864691132724196484
12314,864691132724242944
12315,864691132724302234
12316,864691132724358984
12317,864691132724392858
12318,864691132724422769
12319,864691132724431748
12320,864691132724469833
12321,864691132724504558
12322,864691132724506185
12323,864691132724553370
12324,864691132724632218
12325,864691132724658505
12326,864691132724685641
12327,864691132724693354
12328,864691132724707591
12329,864691132724765850
12330,864691132724794887
12331,864691132724848478
12332,864691132724872009
12333,864691132724876551
12334,864691132724880391
12335,864691132724880647
12336,864691132724882951
12337,864691132724884231
12338,864691132724885767
12339,864691132724887559
12340,864691132724889351
12341,864691132724891143
12342,864691132724891399
12343,864691132724891655
12344,864691132724891911
12345,864691132724892679
12346,864691132724893191
12347,864691132724893447
12348,864691132724895239
12349,864691132724896007
12350,864691132724896775
12351,864691132724897031
12352,864691132724898055
12353,864691132724899079
12354,864691132724899335
12355,864691132724899847
12356,864691132724900103
12357,864691132724900359
12358,864691132724901127
12359,864691132724901895
12360,864691132724902151
12361,864691132724903175
12362,864691132724903431
12363,864691132724904199
12364,864691132724908039
12365,864691132724908295
12366,864691132724908551
12367,864691132724909063
12368,864691132724910087
12369,864691132724910343
12370,864691132724910855
12371,864691132724912391
12372,864691132724912647
12373,864691132724914183
12374,864691132724914439
12375,864691132724914801
12376,864691132724914951
12377,864691132724915975
12378,864691132724916743
12379,864691132724917511
12380,864691132724918023
12381,864691132724918791
12382,864691132724920327
12383,864691132724921607
12384,864691132724923143
12385,864691132724924423
12386,864691132724925447
12387,864691132724926727
12388,864691132724929287
12389,864691132724929543
12390,864691132724929799
12391,864691132724930823
12392,864691132724931591
12393,864691132724932615
12394,864691132724933127
12395,864691132724933233
12396,864691132724934407
12397,864691132724935431
12398,864691132724936711
12399,864691132724938247
12400,864691132724939015
12401,864691132724941831
12402,864691132724942343
12403,864691132724943367
12404,864691132724946183
12405,864691132724946439
12406,864691132724946695
12407,864691132724947975
12408,864691132724948999
12409,864691132724949255
12410,864691132724949511
12411,864691132724949767
12412,864691132724950791
12413,864691132724951303
12414,864691132724951559
12415,864691132724951815
12416,864691132724952583
12417,864691132724952839
12418,864691132724953095
12419,864691132724953863
12420,864691132724954119
12421,864691132724955655
12422,864691132724955911
12423,864691132724956423
12424,864691132724956935
12425,864691132724957769
12426,864691132724958215
12427,864691132724959495
12428,864691132724960775
12429,864691132724961287
12430,864691132724961799
12431,864691132724962567
12432,864691132724968199
12433,864691132724982641
12434,864691132724986993
12435,864691132725007854
12436,864691132725009225
12437,864691132725015450
12438,864691132725027376
12439,864691132725028721
12440,864691132725062985
12441,864691132725081673
12442,864691132725083249
12443,864691132725084529
12444,864691132725102087
12445,864691132725103111
12446,864691132725104647
12447,864691132725104903
12448,864691132725105159
12449,864691132725105415
12450,864691132725105671
12451,864691132725105927
12452,864691132725106183
12453,864691132725106951
12454,864691132725107463
12455,864691132725108743
12456,864691132725108999
12457,864691132725109255
12458,864691132725109511
12459,864691132725109767
12460,864691132725113863
12461,864691132725114119
12462,864691132725114631
12463,864691132725115399
12464,864691132725115655
12465,864691132725117959
12466,864691132725118471
12467,864691132725121031
12468,864691132725122567
12469,864691132725123335
12470,864691132725124615
12471,864691132725125127
12472,864691132725125639
12473,864691132725127687
12474,864691132725128455
12475,864691132725145220
12476,864691132725154567
12477,864691132725155847
12478,864691132725156103
12479,864691132725156871
12480,864691132725157383
12481,864691132725157639
12482,864691132725158151
12483,864691132725160199
12484,864691132725160455
12485,864691132725160686
12486,864691132725160711
12487,864691132725184841
12488,864691132725202308
12489,864691132725237124
12490,864691132725262746
12491,864691132725263258
12492,864691132725266820
12493,864691132725272059
12494,864691132725283663
12495,864691132725284977
12496,864691132725309572
12497,864691132725343386
12498,864691132725346673
12499,864691132725350513
12500,864691132725366863
12501,864691132725369326
12502,864691132725371721
12503,864691132725385198
12504,864691132725409097
12505,864691132725411738
12506,864691132725420401
12507,864691132725425562
12508,864691132725444615
12509,864691132725448861
12510,864691132725450478
12511,864691132725451121
12512,864691132725453213
12513,864691132725455005
12514,864691132725455517
12515,864691132725456797
12516,864691132725457309
12517,864691132725458077
12518,864691132725459357
12519,864691132725459869
12520,864691132725460893
12521,864691132725463709
12522,864691132725463965
12523,864691132725465245
12524,864691132725466013
12525,864691132725466525
12526,864691132725467037
12527,864691132725467293
12528,864691132725468061
12529,864691132725468573
12530,864691132725469085
12531,864691132725470621
12532,864691132725470877
12533,864691132725472157
12534,864691132725472413
12535,864691132725473440
12536,864691132725474973
12537,864691132725475482
12538,864691132725475485
12539,864691132725476253
12540,864691132725476509
12541,864691132725476765
12542,864691132725479837
12543,864691132725480349
12544,864691132725482397
12545,864691132725482909
12546,864691132725484189
12547,864691132725484445
12548,864691132725484701
12549,864691132725485981
12550,864691132725488797
12551,864691132725490589
12552,864691132725491101
12553,864691132725491357
12554,864691132725491869
12555,864691132725492125
12556,864691132725492381
12557,864691132725494941
12558,864691132725499293
12559,864691132725501085
12560,864691132725501597
12561,864691132725505693
12562,864691132725506973
12563,864691132725507485
12564,864691132725509021
12565,864691132725509789
12566,864691132725510301
12567,864691132725512349
12568,864691132725513373
12569,864691132725515677
12570,864691132725516957
12571,864691132725517469
12572,864691132725519773
12573,864691132725520029
12574,864691132725521821
12575,864691132725522589
12576,864691132725522845
12577,864691132725523101
12578,864691132725523357
12579,864691132725524637
12580,864691132725526173
12581,864691132725527709
12582,864691132725528885
12583,864691132725531037
12584,864691132725532061
12585,864691132725533085
12586,864691132725533341
12587,864691132725533597
12588,864691132725534109
12589,864691132725534362
12590,864691132725534877
12591,864691132725536666
12592,864691132725536669
12593,864691132725537181
12594,864691132725537437
12595,864691132725537693
12596,864691132725538205
12597,864691132725538717
12598,864691132725538973
12599,864691132725539229
12600,864691132725541277
12601,864691132725541789
12602,864691132725546141
12603,864691132725546397
12604,864691132725547677
12605,864691132725549725
12606,864691132725549981
12607,864691132725550749
12608,864691132725551284
12609,864691132725552004
12610,864691132725553821
12611,864691132725554077
12612,864691132725554333
12613,864691132725555613
12614,864691132725556125
12615,864691132725556381
12616,864691132725556637
12617,864691132725556893
12618,864691132725557405
12619,864691132725557661
12620,864691132725557917
12621,864691132725558173
12622,864691132725558685
12623,864691132725558941
12624,864691132725565082
12625,864691132725621402
12626,864691132725622345
12627,864691132725622601
12628,864691132725649306
12629,864691132725650330
12630,864691132725661853
12631,864691132725662537
12632,864691132725674569
12633,864691132725681885
12634,864691132725686023
12635,864691132725699145
12636,864691132725704861
12637,864691132725705117
12638,864691132725705629
12639,864691132725706141
12640,864691132725706397
12641,864691132725707677
12642,864691132725708189
12643,864691132725710493
12644,864691132725715869
12645,864691132725716125
12646,864691132725717917
12647,864691132725719453
12648,864691132725720989
12649,864691132725722781
12650,864691132725723293
12651,864691132725723546
12652,864691132725723549
12653,864691132725723805
12654,864691132725724529
12655,864691132725724829
12656,864691132725725341
12657,864691132725725597
12658,864691132725726109
12659,864691132725726877
12660,864691132725728413
12661,864691132725728669
12662,864691132725730717
12663,864691132725732253
12664,864691132725734557
12665,864691132725735069
12666,864691132725736349
12667,864691132725737117
12668,864691132725738909
12669,864691132725739421
12670,864691132725741981
12671,864691132725743005
12672,864691132725743517
12673,864691132725743773
12674,864691132725744029
12675,864691132725744285
12676,864691132725747101
12677,864691132725748637
12678,864691132725748893
12679,864691132725750685
12680,864691132725751453
12681,864691132725751965
12682,864691132725752733
12683,864691132725752989
12684,864691132725754269
12685,864691132725754525
12686,864691132725755037
12687,864691132725756061
12688,864691132725756573
12689,864691132725757085
12690,864691132725758109
12691,864691132725758365
12692,864691132725758793
12693,864691132725764721
12694,864691132725782089
12695,864691132725785713
12696,864691132725786525
12697,864691132725788061
12698,864691132725789085
12699,864691132725789341
12700,864691132725791645
12701,864691132725794461
12702,864691132725794717
12703,864691132725794973
12704,864691132725795229
12705,864691132725795485
12706,864691132725795741
12707,864691132725796765
12708,864691132725797277
12709,864691132725798045
12710,864691132725798301
12711,864691132725798813
12712,864691132725799325
12713,864691132725799581
12714,864691132725803674
12715,864691132725811569
12716,864691132725834313
12717,864691132725849220
12718,864691132725860506
12719,864691132725901722
12720,864691132725910345
12721,864691132725911940
12722,864691132725920007
12723,864691132725920644
12724,864691132725933169
12725,864691132725933681
12726,864691132725940122
12727,864691132725990042
12728,864691132725999217
12729,864691132726000797
12730,864691132726038708
12731,864691132726070682
12732,864691132726074522
12733,864691132726091502
12734,864691132726098330
12735,864691132726101833
12736,864691132726133255
12737,864691132726143817
12738,864691132726158153
12739,864691132726161562
12740,864691132726191177
12741,864691132726192713
12742,864691132726211145
12743,864691132726212169
12744,864691132726224891
12745,864691132726244425
12746,864691132726250057
12747,864691132726264730
12748,864691132726284186
12749,864691132726298522
12750,864691132726312346
12751,864691132726313114
12752,864691132726322100
12753,864691132726339459
12754,864691132726354683
12755,864691132726379446
12756,864691132726383542
12757,864691132726386870
12758,864691132726387382
12759,864691132726388406
12760,864691132726389430
12761,864691132726390198
12762,864691132726391734
12763,864691132726391990
12764,864691132726392246
12765,864691132726392758
12766,864691132726393270
12767,864691132726395318
12768,864691132726398390
12769,864691132726399158
12770,864691132726399670
12771,864691132726400438
12772,864691132726400694
12773,864691132726402230
12774,864691132726402486
12775,864691132726402717
12776,864691132726405558
12777,864691132726406070
12778,864691132726406838
12779,864691132726407862
12780,864691132726408118
12781,864691132726408374
12782,864691132726409142
12783,864691132726409398
12784,864691132726409654
12785,864691132726413238
12786,864691132726414518
12787,864691132726416310
12788,864691132726420406
12789,864691132726422454
12790,864691132726422966
12791,864691132726423222
12792,864691132726423734
12793,864691132726424246
12794,864691132726428086
12795,864691132726428854
12796,864691132726429366
12797,864691132726431414
12798,864691132726432182
12799,864691132726433206
12800,864691132726434998
12801,864691132726435741
12802,864691132726436022
12803,864691132726436790
12804,864691132726438582
12805,864691132726439094
12806,864691132726441910
12807,864691132726442678
12808,864691132726443190
12809,864691132726443702
12810,864691132726443958
12811,864691132726444214
12812,864691132726444726
12813,864691132726448054
12814,864691132726448310
12815,864691132726465412
12816,864691132726621572
12817,864691132726630582
12818,864691132726631606
12819,864691132726631862
12820,864691132726633398
12821,864691132726633910
12822,864691132726634166
12823,864691132726634678
12824,864691132726636214
12825,864691132726636470
12826,864691132726636982
12827,864691132726638006
12828,864691132726651643
12829,864691132726653622
12830,864691132726656182
12831,864691132726658998
12832,864691132726659254
12833,864691132726660278
12834,864691132726661558
12835,864691132726662070
12836,864691132726662326
12837,864691132726663350
12838,864691132726665910
12839,864691132726666934
12840,864691132726667446
12841,864691132726669750
12842,864691132726670262
12843,864691132726671030
12844,864691132726672054
12845,864691132726674963
12846,864691132726675638
12847,864691132726675894
12848,864691132726682781
12849,864691132726698090
12850,864691132726702980
12851,864691132726715293
12852,864691132726724075
12853,864691132726732027
12854,864691132726733563
12855,864691132726738939
12856,864691132726742267
12857,864691132726744827
12858,864691132726745083
12859,864691132726747387
12860,864691132726749179
12861,864691132726751995
12862,864691132726752507
12863,864691132726753019
12864,864691132726753531
12865,864691132726755835
12866,864691132726756347
12867,864691132726756859
12868,864691132726757371
12869,864691132726757627
12870,864691132726758907
12871,864691132726760187
12872,864691132726760955
12873,864691132726761723
12874,864691132726761979
12875,864691132726762747
12876,864691132726763259
12877,864691132726763771
12878,864691132726764283
12879,864691132726765307
12880,864691132726765563
12881,864691132726766075
12882,864691132726766331
12883,864691132726769659
12884,864691132726770939
12885,864691132726771451
12886,864691132726771963
12887,864691132726772475
12888,864691132726772731
12889,864691132726772987
12890,864691132726773499
12891,864691132726774779
12892,864691132726775035
12893,864691132726775547
12894,864691132726775803
12895,864691132726777339
12896,864691132726777595
12897,864691132726778107
12898,864691132726778363
12899,864691132726778875
12900,864691132726779899
12901,864691132726780923
12902,864691132726781947
12903,864691132726782715
12904,864691132726784251
12905,864691132726784763
12906,864691132726785275
12907,864691132726785531
12908,864691132726787835
12909,864691132726788603
12910,864691132726789115
12911,864691132726789371
12912,864691132726790907
12913,864691132726791675
12914,864691132726792187
12915,864691132726793211
12916,864691132726794491
12917,864691132726795515
12918,864691132726796027
12919,864691132726796283
12920,864691132726796795
12921,864691132726797051
12922,864691132726797563
12923,864691132726798075
12924,864691132726798331
12925,864691132726798843
12926,864691132726799867
12927,864691132726800123
12928,864691132726800891
12929,864691132726801147
12930,864691132726801915
12931,864691132726802683
12932,864691132726803195
12933,864691132726803963
12934,864691132726804475
12935,864691132726805755
12936,864691132726808059
12937,864691132726809083
12938,864691132726811387
12939,864691132726812411
12940,864691132726814971
12941,864691132726815739
12942,864691132726819323
12943,864691132726823163
12944,864691132726824187
12945,864691132726824699
12946,864691132726825211
12947,864691132726825467
12948,864691132726825979
12949,864691132726826747
12950,864691132726828539
12951,864691132726829307
12952,864691132726829819
12953,864691132726830980
12954,864691132726831355
12955,864691132726831611
12956,864691132726832891
12957,864691132726833403
12958,864691132726834427
12959,864691132726834683
12960,864691132726837499
12961,864691132726840827
12962,864691132726841339
12963,864691132726843131
12964,864691132726844155
12965,864691132726846459
12966,864691132726846715
12967,864691132726847227
12968,864691132726847739
12969,864691132726850043
12970,864691132726851067
12971,864691132726851579
12972,864691132726852091
12973,864691132726867435
12974,864691132726869636
12975,864691132726872043
12976,864691132726872555
12977,864691132726875115
12978,864691132726877419
12979,864691132726878955
12980,864691132726879979
12981,864691132726881259
12982,864691132726882027
12983,864691132726882283
12984,864691132726883079
12985,864691132726883819
12986,864691132726886123
12987,864691132726886379
12988,864691132726886635
12989,864691132726887147
12990,864691132726889963
12991,864691132726890731
12992,864691132726891499
12993,864691132726892267
12994,864691132726892779
12995,864691132726893035
12996,864691132726894062
12997,864691132726894315
12998,864691132726895083
12999,864691132726896363
13000,864691132726897131
13001,864691132726898923
13002,864691132726901483
13003,864691132726904043
13004,864691132726905579
13005,864691132726906603
13006,864691132726907627
13007,864691132726908139
13008,864691132726909419
13009,864691132726911467
13010,864691132726912235
13011,864691132726912747
13012,864691132726913259
13013,864691132726913771
13014,864691132726916075
13015,864691132726916331
13016,864691132726917355
13017,864691132726919659
13018,864691132726920683
13019,864691132726920939
13020,864691132726921963
13021,864691132726922475
13022,864691132726925803
13023,864691132726927083
13024,864691132726929899
13025,864691132726930155
13026,864691132726933767
13027,864691132726934763
13028,864691132726935019
13029,864691132726935275
13030,864691132726935787
13031,864691132726936299
13032,864691132726936555
13033,864691132726938347
13034,864691132726939883
13035,864691132726941419
13036,864691132726943723
13037,864691132726946539
13038,864691132726949867
13039,864691132726950891
13040,864691132726952939
13041,864691132726953963
13042,864691132726955243
13043,864691132726956011
13044,864691132726956523
13045,864691132726957547
13046,864691132726957803
13047,864691132726958059
13048,864691132726958315
13049,864691132726961387
13050,864691132726963179
13051,864691132726963435
13052,864691132726963947
13053,864691132726965995
13054,864691132726966763
13055,864691132726985348
13056,864691132726990343
13057,864691132727033083
13058,864691132727033851
13059,864691132727034244
13060,864691132727035387
13061,864691132727036667
13062,864691132727038459
13063,864691132727038715
13064,864691132727039227
13065,864691132727040251
13066,864691132727040507
13067,864691132727042043
13068,864691132727042555
13069,864691132727042811
13070,864691132727043323
13071,864691132727043835
13072,864691132727044091
13073,864691132727044603
13074,864691132727044859
13075,864691132727049604
13076,864691132727058589
13077,864691132727059493
13078,864691132727075847
13079,864691132727077883
13080,864691132727079163
13081,864691132727082491
13082,864691132727083771
13083,864691132727085051
13084,864691132727091707
13085,864691132727093755
13086,864691132727094011
13087,864691132727107972
13088,864691132727132411
13089,864691132727135495
13090,864691132727162525
13091,864691132727173867
13092,864691132727174123
13093,864691132727175300
13094,864691132727175915
13095,864691132727177195
13096,864691132727177451
13097,864691132727179499
13098,864691132727180011
13099,864691132727180267
13100,864691132727180779
13101,864691132727182059
13102,864691132727183339
13103,864691132727184619
13104,864691132727185899
13105,864691132727187435
13106,864691132727189739
13107,864691132727190251
13108,864691132727190507
13109,864691132727191019
13110,864691132727192043
13111,864691132727211499
13112,864691132727211702
13113,864691132727212011
13114,864691132727213843
13115,864691132727214315
13116,864691132727214827
13117,864691132727215339
13118,864691132727215595
13119,864691132727216619
13120,864691132727217131
13121,864691132727218411
13122,864691132727218667
13123,864691132727219435
13124,864691132727220459
13125,864691132727220715
13126,864691132727220971
13127,864691132727221995
13128,864691132727222507
13129,864691132727223019
13130,864691132727224043
13131,864691132727224299
13132,864691132727225067
13133,864691132727225732
13134,864691132727262080
13135,864691132727265287
13136,864691132727275652
13137,864691132727316125
13138,864691132727326848
13139,864691132727327360
13140,864691132727327872
13141,864691132727329152
13142,864691132727329664
13143,864691132727330944
13144,864691132727332224
13145,864691132727332736
13146,864691132727334528
13147,864691132727335296
13148,864691132727335552
13149,864691132727336320
13150,864691132727337088
13151,864691132727338880
13152,864691132727340672
13153,864691132727340928
13154,864691132727341696
13155,864691132727342720
13156,864691132727345536
13157,864691132727347840
13158,864691132727348352
13159,864691132727349632
13160,864691132727350144
13161,864691132727351680
13162,864691132727352448
13163,864691132727352704
13164,864691132727353728
13165,864691132727355008
13166,864691132727355264
13167,864691132727355776
13168,864691132727356544
13169,864691132727357568
13170,864691132727358848
13171,864691132727359616
13172,864691132727361664
13173,864691132727361920
13174,864691132727362176
13175,864691132727362432
13176,864691132727362944
13177,864691132727363968
13178,864691132727364736
13179,864691132727365248
13180,864691132727365760
13181,864691132727367296
13182,864691132727368064
13183,864691132727368576
13184,864691132727368832
13185,864691132727371136
13186,864691132727371392
13187,864691132727374208
13188,864691132727374464
13189,864691132727375534
13190,864691132727376512
13191,864691132727376558
13192,864691132727377280
13193,864691132727378304
13194,864691132727378695
13195,864691132727379840
13196,864691132727380864
13197,864691132727382656
13198,864691132727384192
13199,864691132727384238
13200,864691132727384960
13201,864691132727385006
13202,864691132727386286
13203,864691132727386542
13204,864691132727387008
13205,864691132727387566
13206,864691132727387776
13207,864691132727388288
13208,864691132727389056
13209,864691132727389568
13210,864691132727389870
13211,864691132727391150
13212,864691132727391662
13213,864691132727391918
13214,864691132727392174
13215,864691132727392640
13216,864691132727393152
13217,864691132727393454
13218,864691132727393664
13219,864691132727393920
13220,864691132727394176
13221,864691132727394222
13222,864691132727394478
13223,864691132727394734
13224,864691132727395502
13225,864691132727395968
13226,864691132727396014
13227,864691132727396270
13228,864691132727396526
13229,864691132727396782
13230,864691132727397248
13231,864691132727397504
13232,864691132727398830
13233,864691132727399296
13234,864691132727399598
13235,864691132727400366
13236,864691132727400878
13237,864691132727401902
13238,864691132727402414
13239,864691132727404206
13240,864691132727405230
13241,864691132727405998
13242,864691132727407022
13243,864691132727408046
13244,864691132727408814
13245,864691132727412142
13246,864691132727412654
13247,864691132727413166
13248,864691132727414190
13249,864691132727415470
13250,864691132727416238
13251,864691132727419310
13252,864691132727419566
13253,864691132727420078
13254,864691132727421102
13255,864691132727421358
13256,864691132727423662
13257,864691132727424174
13258,864691132727424942
13259,864691132727425710
13260,864691132727426222
13261,864691132727426734
13262,864691132727427847
13263,864691132727428014
13264,864691132727428782
13265,864691132727429550
13266,864691132727430062
13267,864691132727430830
13268,864691132727431086
13269,864691132727431854
13270,864691132727432110
13271,864691132727432622
13272,864691132727432878
13273,864691132727437486
13274,864691132727437998
13275,864691132727443886
13276,864691132727444654
13277,864691132727446446
13278,864691132727451566
13279,864691132727452846
13280,864691132727453870
13281,864691132727454126
13282,864691132727455150
13283,864691132727455406
13284,864691132727455662
13285,864691132727457710
13286,864691132727458478
13287,864691132727460782
13288,864691132727461038
13289,864691132727461294
13290,864691132727463854
13291,864691132727464622
13292,864691132727465134
13293,864691132727465902
13294,864691132727466158
13295,864691132727466670
13296,864691132727467182
13297,864691132727468462
13298,864691132727468718
13299,864691132727468974
13300,864691132727469486
13301,864691132727472046
13302,864691132727472302
13303,864691132727473326
13304,864691132727474350
13305,864691132727475630
13306,864691132727476654
13307,864691132727477934
13308,864691132727480750
13309,864691132727485312
13310,864691132727497456
13311,864691132727529198
13312,864691132727536285
13313,864691132727536512
13314,864691132727536768
13315,864691132727538304
13316,864691132727539328
13317,864691132727539840
13318,864691132727540096
13319,864691132727540352
13320,864691132727542656
13321,864691132727543936
13322,864691132727545984
13323,864691132727546240
13324,864691132727547008
13325,864691132727548800
13326,864691132727549312
13327,864691132727549568
13328,864691132727550848
13329,864691132727551616
13330,864691132727552384
13331,864691132727563271
13332,864691132727571707
13333,864691132727602695
13334,864691132727614592
13335,864691132727615104
13336,864691132727616686
13337,864691132727617966
13338,864691132727618176
13339,864691132727618990
13340,864691132727619502
13341,864691132727620224
13342,864691132727620270
13343,864691132727621248
13344,864691132727622318
13345,864691132727623086
13346,864691132727623342
13347,864691132727629440
13348,864691132727629696
13349,864691132727630464
13350,864691132727630720
13351,864691132727631744
13352,864691132727632000
13353,864691132727635707
13354,864691132727647406
13355,864691132727658670
13356,864691132727658926
13357,864691132727659182
13358,864691132727659950
13359,864691132727660974
13360,864691132727661063
13361,864691132727661230
13362,864691132727665838
13363,864691132727666094
13364,864691132727667101
13365,864691132727689211
13366,864691132727716065
13367,864691132727735802
13368,864691132727745543
13369,864691132727755677
13370,864691132727763357
13371,864691132727774080
13372,864691132727812871
13373,864691132727835371
13374,864691132727848711
13375,864691132727868699
13376,864691132727927022
13377,864691132727945968
13378,864691132727952029
13379,864691132727967723
13380,864691132727972843
13381,864691132727978653
13382,864691132728016391
13383,864691132728037360
13384,864691132728038128
13385,864691132728044528
13386,864691132728045808
13387,864691132728046064
13388,864691132728047088
13389,864691132728047600
13390,864691132728047856
13391,864691132728048880
13392,864691132728049392
13393,864691132728052464
13394,864691132728052720
13395,864691132728053744
13396,864691132728054000
13397,864691132728054512
13398,864691132728055536
13399,864691132728056816
13400,864691132728057072
13401,864691132728057840
13402,864691132728060144
13403,864691132728060400
13404,864691132728061424
13405,864691132728062448
13406,864691132728064496
13407,864691132728065264
13408,864691132728065776
13409,864691132728066288
13410,864691132728071408
13411,864691132728072176
13412,864691132728072432
13413,864691132728073712
13414,864691132728073968
13415,864691132728074480
13416,864691132728074736
13417,864691132728076528
13418,864691132728076784
13419,864691132728077296
13420,864691132728079600
13421,864691132728082928
13422,864691132728083952
13423,864691132728085376
13424,864691132728085744
13425,864691132728086941
13426,864691132728088048
13427,864691132728088560
13428,864691132728090096
13429,864691132728091888
13430,864691132728092144
13431,864691132728095984
13432,864691132728096263
13433,864691132728096496
13434,864691132728098032
13435,864691132728098288
13436,864691132728099568
13437,864691132728100336
13438,864691132728100592
13439,864691132728100848
13440,864691132728101104
13441,864691132728104171
13442,864691132728108784
13443,864691132728109296
13444,864691132728109552
13445,864691132728110576
13446,864691132728111600
13447,864691132728112368
13448,864691132728114160
13449,864691132728114672
13450,864691132728116720
13451,864691132728121328
13452,864691132728121584
13453,864691132728121840
13454,864691132728123120
13455,864691132728123888
13456,864691132728124400
13457,864691132728126448
13458,864691132728127726
13459,864691132728147869
13460,864691132728185328
13461,864691132728192059
13462,864691132728193543
13463,864691132728213120
13464,864691132728222902
13465,864691132728225799
13466,864691132728233275
13467,864691132728252912
13468,864691132728253936
13469,864691132728254960
13470,864691132728255216
13471,864691132728255389
13472,864691132728255728
13473,864691132728255984
13474,864691132728257008
13475,864691132728257520
13476,864691132728258032
13477,864691132728258800
13478,864691132728259056
13479,864691132728260080
13480,864691132728261360
13481,864691132728261616
13482,864691132728261872
13483,864691132728262128
13484,864691132728262896
13485,864691132728263152
13486,864691132728263920
13487,864691132728265348
13488,864691132728306416
13489,864691132728308918
13490,864691132728323335
13491,864691132728324080
13492,864691132728324336
13493,864691132728324592
13494,864691132728326384
13495,864691132728327920
13496,864691132728329968
13497,864691132728330736
13498,864691132728330992
13499,864691132728342768
13500,864691132728384263
13501,864691132728385518
13502,864691132728386107
13503,864691132728392455
13504,864691132728397440
13505,864691132728406941
13506,864691132728408246
13507,864691132728426480
13508,864691132728437149
13509,864691132728480519
13510,864691132728503303
13511,864691132728505832
13512,864691132728507911
13513,864691132728513505
13514,864691132728516253
13515,864691132728528647
13516,864691132728529159
13517,864691132728529309
13518,864691132728537245
13519,864691132728538013
13520,864691132728543926
13521,864691132728559419
13522,864691132728561467
13523,864691132728561723
13524,864691132728566075
13525,864691132728567099
13526,864691132728567355
13527,864691132728568891
13528,864691132728571707
13529,864691132728572219
13530,864691132728573243
13531,864691132728574267
13532,864691132728576059
13533,864691132728577083
13534,864691132728579131
13535,864691132728579643
13536,864691132728582715
13537,864691132728583995
13538,864691132728586811
13539,864691132728587579
13540,864691132728589627
13541,864691132728590395
13542,864691132728591419
13543,864691132728592187
13544,864691132728593979
13545,864691132728596637
13546,864691132728597563
13547,864691132728601659
13548,864691132728606877
13549,864691132728623598
13550,864691132728651003
13551,864691132728661486
13552,864691132728663968
13553,864691132728666038
13554,864691132728690160
13555,864691132728746043
13556,864691132728746811
13557,864691132728747835
13558,864691132728748091
13559,864691132728748603
13560,864691132728748859
13561,864691132728750395
13562,864691132728752187
13563,864691132728752443
13564,864691132728752699
13565,864691132728753723
13566,864691132728755259
13567,864691132728755515
13568,864691132728756283
13569,864691132728757051
13570,864691132728757307
13571,864691132728757819
13572,864691132728758843
13573,864691132728759099
13574,864691132728759355
13575,864691132728759611
13576,864691132728759867
13577,864691132728760379
13578,864691132728760891
13579,864691132728762171
13580,864691132728762427
13581,864691132728762683
13582,864691132728762939
13583,864691132728768128
13584,864691132728783163
13585,864691132728783419
13586,864691132728783675
13587,864691132728786491
13588,864691132728786747
13589,864691132728787259
13590,864691132728787515
13591,864691132728787771
13592,864691132728788283
13593,864691132728789051
13594,864691132728789307
13595,864691132728790587
13596,864691132728790843
13597,864691132728791099
13598,864691132728791355
13599,864691132728791867
13600,864691132728793147
13601,864691132728796317
13602,864691132728796392
13603,864691132728800827
13604,864691132728801083
13605,864691132728801851
13606,864691132728804155
13607,864691132728804667
13608,864691132728826781
13609,864691132728876445
13610,864691132728877750
13611,864691132728878254
13612,864691132728881136
13613,864691132728905979
13614,864691132728918198
13615,864691132728918523
13616,864691132728930283
13617,864691132728934045
13618,864691132728938987
13619,864691132728943344
13620,864691132728943488
13621,864691132728949885
13622,864691132728951040
13623,864691132728951680
13624,864691132728951709
13625,864691132728963229
13626,864691132728964790
13627,864691132728979963
13628,864691132729006518
13629,864691132729011259
13630,864691132729055158
13631,864691132729067323
13632,864691132729068032
13633,864691132729069547
13634,864691132729077430
13635,864691132729086134
13636,864691132729100779
13637,864691132729121787
13638,864691132729123912
13639,864691132729131499
13640,864691132729133998
13641,864691132729142710
13642,864691132729189199
13643,864691132729199286
13644,864691132729213395
13645,864691132729217531
13646,864691132729272043
13647,864691132729276854
13648,864691132729285179
13649,864691132729288630
13650,864691132729316091
13651,864691132729319219
13652,864691132729327286
13653,864691132729356011
13654,864691132729366507
13655,864691132729368708
13656,864691132729383163
13657,864691132729385467
13658,864691132729389051
13659,864691132729392107
13660,864691132729413867
13661,864691132729462144
13662,864691132729494779
13663,864691132729499500
13664,864691132729503225
13665,864691132729541455
13666,864691132729581750
13667,864691132729596907
13668,864691132729604075
13669,864691132729610624
13670,864691132729613547
13671,864691132729614318
13672,864691132729614510
13673,864691132729645563
13674,864691132729652459
13675,864691132729657083
13676,864691132729681004
13677,864691132729686636
13678,864691132729688172
13679,864691132729689964
13680,864691132729690732
13681,864691132729691376
13682,864691132729691756
13683,864691132729692012
13684,864691132729693036
13685,864691132729693804
13686,864691132729695852
13687,864691132729696620
13688,864691132729696876
13689,864691132729697132
13690,864691132729698668
13691,864691132729699692
13692,864691132729700460
13693,864691132729700716
13694,864691132729700972
13695,864691132729701740
13696,864691132729701864
13697,864691132729702252
13698,864691132729703020
13699,864691132729703532
13700,864691132729706348
13701,864691132729707884
13702,864691132729708652
13703,864691132729709164
13704,864691132729709420
13705,864691132729709932
13706,864691132729710444
13707,864691132729710700
13708,864691132729710956
13709,864691132729711212
13710,864691132729714284
13711,864691132729714995
13712,864691132729716332
13713,864691132729718380
13714,864691132729719091
13715,864691132729719404
13716,864691132729720627
13717,864691132729720883
13718,864691132729721708
13719,864691132729721964
13720,864691132729722675
13721,864691132729723756
13722,864691132729724268
13723,864691132729724780
13724,864691132729724979
13725,864691132729725292
13726,864691132729725491
13727,864691132729726828
13728,864691132729727084
13729,864691132729727283
13730,864691132729727795
13731,864691132729727852
13732,864691132729728620
13733,864691132729729075
13734,864691132729729388
13735,864691132729730099
13736,864691132729730355
13737,864691132729730611
13738,864691132729731123
13739,864691132729731180
13740,864691132729731635
13741,864691132729732147
13742,864691132729732204
13743,864691132729732659
13744,864691132729732915
13745,864691132729733683
13746,864691132729733939
13747,864691132729734707
13748,864691132729735731
13749,864691132729736300
13750,864691132729736755
13751,864691132729737580
13752,864691132729738291
13753,864691132729738604
13754,864691132729740140
13755,864691132729740396
13756,864691132729741107
13757,864691132729741420
13758,864691132729742643
13759,864691132729742899
13760,864691132729745203
13761,864691132729745459
13762,864691132729746739
13763,864691132729747251
13764,864691132729748475
13765,864691132729748608
13766,864691132729748787
13767,864691132729750579
13768,864691132729750835
13769,864691132729751347
13770,864691132729755187
13771,864691132729755310
13772,864691132729757491
13773,864691132729757747
13774,864691132729758003
13775,864691132729759283
13776,864691132729760563
13777,864691132729761075
13778,864691132729761587
13779,864691132729763968
13780,864691132729765171
13781,864691132729766195
13782,864691132729769523
13783,864691132729770035
13784,864691132729771571
13785,864691132729772851
13786,864691132729774899
13787,864691132729775411
13788,864691132729777459
13789,864691132729777971
13790,864691132729778483
13791,864691132729780019
13792,864691132729781043
13793,864691132729781555
13794,864691132729782067
13795,864691132729782912
13796,864691132729784371
13797,864691132729785651
13798,864691132729785907
13799,864691132729786163
13800,864691132729786931
13801,864691132729787443
13802,864691132729787699
13803,864691132729789747
13804,864691132729825787
13805,864691132729839851
13806,864691132729849403
13807,864691132729852907
13808,864691132729859254
13809,864691132729859835
13810,864691132729860204
13811,864691132729862764
13812,864691132729863276
13813,864691132729863788
13814,864691132729864044
13815,864691132729864556
13816,864691132729865324
13817,864691132729871851
13818,864691132729872822
13819,864691132729872875
13820,864691132729884086
13821,864691132729900160
13822,864691132729911148
13823,864691132729911404
13824,864691132729916268
13825,864691132729916524
13826,864691132729916780
13827,864691132729930926
13828,864691132729934131
13829,864691132729934387
13830,864691132729934643
13831,864691132729937203
13832,864691132729937715
13833,864691132729937971
13834,864691132729938227
13835,864691132729939251
13836,864691132729939507
13837,864691132729940019
13838,864691132729940531
13839,864691132729940787
13840,864691132729941299
13841,864691132729941811
13842,864691132729942067
13843,864691132729942835
13844,864691132729943447
13845,864691132729944883
13846,864691132729946163
13847,864691132729946419
13848,864691132729946675
13849,864691132729946931
13850,864691132729947699
13851,864691132729947955
13852,864691132729948211
13853,864691132729948723
13854,864691132729949747
13855,864691132729950259
13856,864691132729950771
13857,864691132729951283
13858,864691132729951539
13859,864691132729951795
13860,864691132729952051
13861,864691132729952307
13862,864691132729952819
13863,864691132729953008
13864,864691132729953587
13865,864691132729955379
13866,864691132729956147
13867,864691132729956403
13868,864691132729957171
13869,864691132729957683
13870,864691132729957939
13871,864691132729959731
13872,864691132729960243
13873,864691132729961011
13874,864691132729961267
13875,864691132729961523
13876,864691132729962035
13877,864691132729962291
13878,864691132729965819
13879,864691132729984491
13880,864691132729984563
13881,864691132729985587
13882,864691132729986611
13883,864691132729989683
13884,864691132729989939
13885,864691132729990707
13886,864691132729990963
13887,864691132729991987
13888,864691132729992499
13889,864691132729993011
13890,864691132729994035
13891,864691132729996083
13892,864691132729997363
13893,864691132729999411
13894,864691132729999667
13895,864691132729999675
13896,864691132729999923
13897,864691132730000179
13898,864691132730000435
13899,864691132730000691
13900,864691132730001459
13901,864691132730001971
13902,864691132730002483
13903,864691132730002995
13904,864691132730003763
13905,864691132730004275
13906,864691132730013036
13907,864691132730021099
13908,864691132730026731
13909,864691132730028111
13910,864691132730042041
13911,864691132730042553
13912,864691132730043230
13913,864691132730052331
13914,864691132730060676
13915,864691132730087483
13916,864691132730087808
13917,864691132730093956
13918,864691132730142245
13919,864691132730158208
13920,864691132730184187
13921,864691132730193487
13922,864691132730208128
13923,864691132730212848
13924,864691132730221307
13925,864691132730221552
13926,864691132730225838
13927,864691132730233323
13928,864691132730247296
13929,864691132730256875
13930,864691132730257403
13931,864691132730275246
13932,864691132730305920
13933,864691132730338176
13934,864691132730339056
13935,864691132730347499
13936,864691132730360048
13937,864691132730367539
13938,864691132730374707
13939,864691132730377779
13940,864691132730390400
13941,864691132730391275
13942,864691132730412396
13943,864691132730419952
13944,864691132730433928
13945,864691132730434156
13946,864691132730445676
13947,864691132730460288
13948,864691132730467716
13949,864691132730482667
13950,864691132730486779
13951,864691132730493033
13952,864691132730494971
13953,864691132730496307
13954,864691132730526894
13955,864691132730532336
13956,864691132730540795
13957,864691132730560640
13958,864691132730572539
13959,864691132730598830
13960,864691132730617835
13961,864691132730630656
13962,864691132730631086
13963,864691132730639923
13964,864691132730655483
13965,864691132730662062
13966,864691132730668267
13967,864691132730682875
13968,864691132730684651
13969,864691132730692587
13970,864691132730695675
13971,864691132730715883
13972,864691132730723123
13973,864691132730725355
13974,864691132730730491
13975,864691132730731648
13976,864691132730736635
13977,864691132730738160
13978,864691132730742256
13979,864691132730757228
13980,864691132730770606
13981,864691132730789561
13982,864691132730801024
13983,864691132730827760
13984,864691132730874352
13985,864691132730964910
13986,864691132730970352
13987,864691132730981550
13988,864691132731010107
13989,864691132731018861
13990,864691132731030512
13991,864691132731046640
13992,864691132731078128
13993,864691132731088880
13994,864691132731102126
13995,864691132731112432
13996,864691132731114299
13997,864691132731134382
13998,864691132731136496
13999,864691132731157356
14000,864691132731169264
14001,864691132731172270
14002,864691132731181808
14003,864691132731186432
14004,864691132731188976
14005,864691132731200307
14006,864691132731229755
14007,864691132731238272
14008,864691132731242992
14009,864691132731262192
14010,864691132731275694
14011,864691132731278976
14012,864691132731299036
14013,864691132731310464
14014,864691132731327726
14015,864691132731338164
14016,864691132731339136
14017,864691132731341952
14018,864691132731347072
14019,864691132731356288
14020,864691132731369600
14021,864691132731385728
14022,864691132731389824
14023,864691132731427568
14024,864691132731432944
14025,864691132731453680
14026,864691132731486011
14027,864691132731494384
14028,864691132731522099
14029,864691132731530555
14030,864691132731583216
14031,864691132731588828
14032,864691132731591132
14033,864691132731593948
14034,864691132731594204
14035,864691132731597532
14036,864691132731602652
14037,864691132731603164
14038,864691132731604188
14039,864691132731604700
14040,864691132731604956
14041,864691132731605212
14042,864691132731605468
14043,864691132731607004
14044,864691132731607516
14045,864691132731607772
14046,864691132731608796
14047,864691132731609820
14048,864691132731612380
14049,864691132731612636
14050,864691132731613660
14051,864691132731615452
14052,864691132731615472
14053,864691132731617756
14054,864691132731618524
14055,864691132731618780
14056,864691132731619036
14057,864691132731619804
14058,864691132731621084
14059,864691132731621596
14060,864691132731624156
14061,864691132731625692
14062,864691132731627740
14063,864691132731628508
14064,864691132731628764
14065,864691132731629020
14066,864691132731629532
14067,864691132731631836
14068,864691132731633628
14069,864691132731633884
14070,864691132731635676
14071,864691132731636444
14072,864691132731638748
14073,864691132731641052
14074,864691132731641820
14075,864691132731642332
14076,864691132731644380
14077,864691132731645660
14078,864691132731646428
14079,864691132731646940
14080,864691132731647452
14081,864691132731647708
14082,864691132731648476
14083,864691132731648988
14084,864691132731650268
14085,864691132731664244
14086,864691132731671099
14087,864691132731675614
14088,864691132731686384
14089,864691132731717915
14090,864691132731718896
14091,864691132731722736
14092,864691132731725083
14093,864691132731725339
14094,864691132731726875
14095,864691132731727899
14096,864691132731728155
14097,864691132731728411
14098,864691132731731564
14099,864691132731732507
14100,864691132731733787
14101,864691132731734555
14102,864691132731735579
14103,864691132731736091
14104,864691132731736347
14105,864691132731737883
14106,864691132731738139
14107,864691132731738651
14108,864691132731739163
14109,864691132731740699
14110,864691132731740955
14111,864691132731741211
14112,864691132731743259
14113,864691132731744539
14114,864691132731744795
14115,864691132731745051
14116,864691132731745307
14117,864691132731745819
14118,864691132731746075
14119,864691132731747891
14120,864691132731748123
14121,864691132731749403
14122,864691132731750683
14123,864691132731751195
14124,864691132731752219
14125,864691132731754011
14126,864691132731754523
14127,864691132731755035
14128,864691132731755579
14129,864691132731757339
14130,864691132731758107
14131,864691132731762203
14132,864691132731762459
14133,864691132731763739
14134,864691132731763995
14135,864691132731765019
14136,864691132731765275
14137,864691132731766299
14138,864691132731776476
14139,864691132731776732
14140,864691132731776988
14141,864691132731778268
14142,864691132731778780
14143,864691132731779292
14144,864691132731781084
14145,864691132731781340
14146,864691132731781852
14147,864691132731784668
14148,864691132731785436
14149,864691132731785580
14150,864691132731798560
14151,864691132731807547
14152,864691132731816668
14153,864691132731818204
14154,864691132731819996
14155,864691132731821532
14156,864691132731822300
14157,864691132731828188
14158,864691132731828444
14159,864691132731828700
14160,864691132731828956
14161,864691132731829980
14162,864691132731830492
14163,864691132731831772
14164,864691132731832028
14165,864691132731832796
14166,864691132731833564
14167,864691132731833820
14168,864691132731834844
14169,864691132731835356
14170,864691132731847739
14171,864691132731889004
14172,864691132731905668
14173,864691132731907611
14174,864691132731908635
14175,864691132731909147
14176,864691132731909915
14177,864691132731910939
14178,864691132731911195
14179,864691132731911707
14180,864691132731912475
14181,864691132731913499
14182,864691132731914011
14183,864691132731914523
14184,864691132731914779
14185,864691132731915035
14186,864691132731915291
14187,864691132731924612
14188,864691132731925299
14189,864691132731948603
14190,864691132731960115
14191,864691132731960891
14192,864691132731962395
14193,864691132731963419
14194,864691132731965467
14195,864691132731965979
14196,864691132731975995
14197,864691132732006252
14198,864691132732043884
14199,864691132732055148
14200,864691132732057452
14201,864691132732066099
14202,864691132732078615
14203,864691132732079127
14204,864691132732079639
14205,864691132732080151
14206,864691132732081175
14207,864691132732082711
14208,864691132732083479
14209,864691132732086551
14210,864691132732087004
14211,864691132732087063
14212,864691132732087575
14213,864691132732089623
14214,864691132732090135
14215,864691132732090391
14216,864691132732091671
14217,864691132732091927
14218,864691132732092183
14219,864691132732092439
14220,864691132732093207
14221,864691132732093463
14222,864691132732095511
14223,864691132732096279
14224,864691132732097815
14225,864691132732099095
14226,864691132732100119
14227,864691132732101143
14228,864691132732101911
14229,864691132732103447
14230,864691132732103959
14231,864691132732104471
14232,864691132732105495
14233,864691132732106519
14234,864691132732107287
14235,864691132732107543
14236,864691132732109847
14237,864691132732111127
14238,864691132732111796
14239,864691132732111895
14240,864691132732113971
14241,864691132732114455
14242,864691132732115991
14243,864691132732117527
14244,864691132732119319
14245,864691132732120087
14246,864691132732120599
14247,864691132732121367
14248,864691132732122391
14249,864691132732122647
14250,864691132732128023
14251,864691132732129815
14252,864691132732130071
14253,864691132732130327
14254,864691132732130839
14255,864691132732131863
14256,864691132732132375
14257,864691132732133399
14258,864691132732133911
14259,864691132732134679
14260,864691132732136983
14261,864691132732137751
14262,864691132732139543
14263,864691132732141079
14264,864691132732141335
14265,864691132732142359
14266,864691132732143639
14267,864691132732144407
14268,864691132732146455
14269,864691132732146967
14270,864691132732147735
14271,864691132732148507
14272,864691132732154419
14273,864691132732163643
14274,864691132732174907
14275,864691132732189548
14276,864691132732210270
14277,864691132732237420
14278,864691132732244588
14279,864691132732247902
14280,864691132732275308
14281,864691132732282220
14282,864691132732301164
14283,864691132732301207
14284,864691132732302188
14285,864691132732305687
14286,864691132732309015
14287,864691132732309783
14288,864691132732310551
14289,864691132732311831
14290,864691132732314391
14291,864691132732314903
14292,864691132732315415
14293,864691132732319255
14294,864691132732320279
14295,864691132732321047
14296,864691132732321559
14297,864691132732321815
14298,864691132732322071
14299,864691132732322327
14300,864691132732322839
14301,864691132732323607
14302,864691132732324060
14303,864691132732324119
14304,864691132732324375
14305,864691132732324631
14306,864691132732325147
14307,864691132732325655
14308,864691132732325911
14309,864691132732337979
14310,864691132732338483
14311,864691132732340787
14312,864691132732346135
14313,864691132732347159
14314,864691132732347927
14315,864691132732349975
14316,864691132732350487
14317,864691132732355351
14318,864691132732356119
14319,864691132732356631
14320,864691132732356887
14321,864691132732357911
14322,864691132732376379
14323,864691132732376883
14324,864691132732396396
14325,864691132732426291
14326,864691132732435069
14327,864691132732455227
14328,864691132732457019
14329,864691132732479255
14330,864691132732480307
14331,864691132732485340
14332,864691132732502766
14333,864691132732556908
14334,864691132732564076
14335,864691132732615132
14336,864691132732630892
14337,864691132732633950
14338,864691132732638713
14339,864691132732659253
14340,864691132732680755
14341,864691132732683372
14342,864691132732688435
14343,864691132732720919
14344,864691132732752435
14345,864691132732760796
14346,864691132732768744
14347,864691132732785628
14348,864691132732801312
14349,864691132732804972
14350,864691132732829660
14351,864691132732853555
14352,864691132732897667
14353,864691132732949724
14354,864691132732949868
14355,864691132732951660
14356,864691132732988780
14357,864691132732998508
14358,864691132733017395
14359,864691132733021804
14360,864691132733041772
14361,864691132733076076
14362,864691132733081452
14363,864691132733122867
14364,864691132733155891
14365,864691132733172700
14366,864691132733191195
14367,864691132733191987
14368,864691132733256668
14369,864691132733260595
14370,864691132733262468
14371,864691132733264691
14372,864691132733268275
14373,864691132733299507
14374,864691132733315379
14375,864691132733317939
14376,864691132733320501
14377,864691132733381655
14378,864691132733443376
14379,864691132733451132
14380,864691132733535776
14381,864691132733604572
14382,864691132733614251
14383,864691132733614763
14384,864691132733616043
14385,864691132733626795
14386,864691132733627051
14387,864691132733627563
14388,864691132733630379
14389,864691132733632683
14390,864691132733632939
14391,864691132733635499
14392,864691132733635755
14393,864691132733636523
14394,864691132733637547
14395,864691132733638315
14396,864691132733639851
14397,864691132733640107
14398,864691132733641131
14399,864691132733641643
14400,864691132733641899
14401,864691132733642155
14402,864691132733643691
14403,864691132733644715
14404,864691132733644971
14405,864691132733645227
14406,864691132733646507
14407,864691132733646763
14408,864691132733647531
14409,864691132733649067
14410,864691132733649323
14411,864691132733649835
14412,864691132733650603
14413,864691132733650859
14414,864691132733652907
14415,864691132733653931
14416,864691132733654443
14417,864691132733654955
14418,864691132733657003
14419,864691132733658795
14420,864691132733660587
14421,864691132733663659
14422,864691132733663915
14423,864691132733667499
14424,864691132733668011
14425,864691132733669803
14426,864691132733671339
14427,864691132733672363
14428,864691132733672619
14429,864691132733672875
14430,864691132733674155
14431,864691132733676715
14432,864691132733680811
14433,864691132733682347
14434,864691132733684139
14435,864691132733684651
14436,864691132733684907
14437,864691132733685419
14438,864691132733686699
14439,864691132733687211
14440,864691132733688235
14441,864691132733689003
14442,864691132733689515
14443,864691132733690539
14444,864691132733690795
14445,864691132733691563
14446,864691132733691819
14447,864691132733692587
14448,864691132733694635
14449,864691132733699072
14450,864691132733700267
14451,864691132733701547
14452,864691132733702571
14453,864691132733703083
14454,864691132733705499
14455,864691132733707803
14456,864691132733785724
14457,864691132733788075
14458,864691132733810908
14459,864691132733877808
14460,864691132733885232
14461,864691132733887464
14462,864691132733888560
14463,864691132733889840
14464,864691132733890352
14465,864691132733890864
14466,864691132733892400
14467,864691132733893168
14468,864691132733893936
14469,864691132733895216
14470,864691132733895728
14471,864691132733896240
14472,864691132733897520
14473,864691132733897776
14474,864691132733898288
14475,864691132733899312
14476,864691132733900080
14477,864691132733902128
14478,864691132733904944
14479,864691132733905200
14480,864691132733907248
14481,864691132733908528
14482,864691132733910832
14483,864691132733913392
14484,864691132733914672
14485,864691132733915184
14486,864691132733915440
14487,864691132733916464
14488,864691132733916720
14489,864691132733917232
14490,864691132733918000
14491,864691132733919536
14492,864691132733920304
14493,864691132733920560
14494,864691132733935787
14495,864691132733937628
14496,864691132733937835
14497,864691132733938859
14498,864691132733939115
14499,864691132733939627
14500,864691132733940139
14501,864691132733940651
14502,864691132733941419
14503,864691132733942187
14504,864691132733942443
14505,864691132733943467
14506,864691132733943516
14507,864691132733943723
14508,864691132733944235
14509,864691132733944491
14510,864691132733944747
14511,864691132733945515
14512,864691132733946027
14513,864691132733946283
14514,864691132733951915
14515,864691132733952939
14516,864691132733953707
14517,864691132733957035
14518,864691132733957291
14519,864691132733957655
14520,864691132733957803
14521,864691132733960619
14522,864691132733960875
14523,864691132733961899
14524,864691132733963435
14525,864691132733965483
14526,864691132733965995
14527,864691132733967787
14528,864691132733968811
14529,864691132733969067
14530,864691132733969579
14531,864691132733970091
14532,864691132733970859
14533,864691132733971627
14534,864691132733973675
14535,864691132733975467
14536,864691132733976747
14537,864691132733977515
14538,864691132733978027
14539,864691132733978283
14540,864691132733978539
14541,864691132733980331
14542,864691132733980843
14543,864691132733993243
14544,864691132733996848
14545,864691132734008235
14546,864691132734008491
14547,864691132734009111
14548,864691132734010027
14549,864691132734011051
14550,864691132734011819
14551,864691132734012075
14552,864691132734012587
14553,864691132734014123
14554,864691132734018987
14555,864691132734019499
14556,864691132734025899
14557,864691132734026155
14558,864691132734026411
14559,864691132734026667
14560,864691132734027435
14561,864691132734028203
14562,864691132734028459
14563,864691132734035627
14564,864691132734049328
14565,864691132734052078
14566,864691132734061104
14567,864691132734063152
14568,864691132734064944
14569,864691132734065200
14570,864691132734066203
14571,864691132734066736
14572,864691132734069040
14573,864691132734069296
14574,864691132734085680
14575,864691132734086192
14576,864691132734087195
14577,864691132734088240
14578,864691132734088752
14579,864691132734089776
14580,864691132734094896
14581,864691132734095408
14582,864691132734096432
14583,864691132734097200
14584,864691132734097456
14585,864691132734098480
14586,864691132734098736
14587,864691132734099760
14588,864691132734100016
14589,864691132734100784
14590,864691132734102832
14591,864691132734103088
14592,864691132734104112
14593,864691132734104624
14594,864691132734105904
14595,864691132734107440
14596,864691132734110256
14597,864691132734110768
14598,864691132734111003
14599,864691132734111771
14600,864691132734111792
14601,864691132734112449
14602,864691132734113584
14603,864691132734118939
14604,864691132734125872
14605,864691132734126640
14606,864691132734129200
14607,864691132734144539
14608,864691132734146331
14609,864691132734147099
14610,864691132734175196
14611,864691132734189339
14612,864691132734239708
14613,864691132734251228
14614,864691132734315775
14615,864691132734316508
14616,864691132734318363
14617,864691132734347824
14618,864691132734385323
14619,864691132734404123
14620,864691132734461166
14621,864691132734473097
14622,864691132734487835
14623,864691132734555612
14624,864691132734577116
14625,864691132734577435
14626,864691132734584091
14627,864691132734586606
14628,864691132734601180
14629,864691132734601495
14630,864691132734616796
14631,864691132734624279
14632,864691132734645419
14633,864691132734662679
14634,864691132734687403
14635,864691132734718594
14636,864691132734739932
14637,864691132734743831
14638,864691132734750000
14639,864691132734772444
14640,864691132734797187
14641,864691132734802203
14642,864691132734806607
14643,864691132734809627
14644,864691132734823963
14645,864691132734834967
14646,864691132734835223
14647,864691132734883099
14648,864691132734884060
14649,864691132734901787
14650,864691132734913307
14651,864691132734919083
14652,864691132734935211
14653,864691132734942428
14654,864691132734958556
14655,864691132734958615
14656,864691132734960299
14657,864691132734976539
14658,864691132734976732
14659,864691132734999004
14660,864691132735011867
14661,864691132735030555
14662,864691132735062120
14663,864691132735065115
14664,864691132735066984
14665,864691132735068776
14666,864691132735076968
14667,864691132735077224
14668,864691132735077480
14669,864691132735077992
14670,864691132735078248
14671,864691132735079528
14672,864691132735081064
14673,864691132735081576
14674,864691132735081832
14675,864691132735083624
14676,864691132735084904
14677,864691132735086184
14678,864691132735086696
14679,864691132735086952
14680,864691132735088232
14681,864691132735089256
14682,864691132735089512
14683,864691132735090024
14684,864691132735092328
14685,864691132735093096
14686,864691132735094888
14687,864691132735095144
14688,864691132735095656
14689,864691132735095912
14690,864691132735096168
14691,864691132735096680
14692,864691132735097192
14693,864691132735099671
14694,864691132735100520
14695,864691132735102312
14696,864691132735104476
14697,864691132735105128
14698,864691132735106152
14699,864691132735107944
14700,864691132735111016
14701,864691132735115880
14702,864691132735116392
14703,864691132735116904
14704,864691132735119976
14705,864691132735120488
14706,864691132735120744
14707,864691132735121768
14708,864691132735126376
14709,864691132735127790
14710,864691132735130907
14711,864691132735134312
14712,864691132735134568
14713,864691132735134824
14714,864691132735135080
14715,864691132735135336
14716,864691132735136616
14717,864691132735138408
14718,864691132735140379
14719,864691132735140712
14720,864691132735143272
14721,864691132735144040
14722,864691132735146600
14723,864691132735147112
14724,864691132735149672
14725,864691132735175195
14726,864691132735195868
14727,864691132735196951
14728,864691132735201468
14729,864691132735203867
14730,864691132735209495
14731,864691132735227806
14732,864691132735232476
14733,864691132735254888
14734,864691132735256168
14735,864691132735257960
14736,864691132735260776
14737,864691132735261032
14738,864691132735261544
14739,864691132735263592
14740,864691132735264616
14741,864691132735264872
14742,864691132735265128
14743,864691132735265896
14744,864691132735266152
14745,864691132735267432
14746,864691132735268968
14747,864691132735270248
14748,864691132735271016
14749,864691132735271272
14750,864691132735271784
14751,864691132735272552
14752,864691132735274090
14753,864691132735277339
14754,864691132735281200
14755,864691132735294824
14756,864691132735298920
14757,864691132735300572
14758,864691132735300968
14759,864691132735301224
14760,864691132735304219
14761,864691132735308136
14762,864691132735311127
14763,864691132735339179
14764,864691132735355252
14765,864691132735360023
14766,864691132735380247
14767,864691132735395804
14768,864691132735397340
14769,864691132735400412
14770,864691132735403803
14771,864691132735433436
14772,864691132735450844
14773,864691132735451680
14774,864691132735467287
14775,864691132735487255
14776,864691132735490071
14777,864691132735495707
14778,864691132735557143
14779,864691132735584535
14780,864691132735686291
14781,864691132735693591
14782,864691132735701783
14783,864691132735721239
14784,864691132735724848
14785,864691132735753008
14786,864691132735846935
14787,864691132735859641
14788,864691132735888360
14789,864691132735907755
14790,864691132735920485
14791,864691132735948459
14792,864691132735987304
14793,864691132735995671
14794,864691132736011031
14795,864691132736023063
14796,864691132736036631
14797,864691132736071083
14798,864691132736082587
14799,864691132736097465
14800,864691132736097721
14801,864691132736100793
14802,864691132736104889
14803,864691132736105145
14804,864691132736106937
14805,864691132736110009
14806,864691132736111033
14807,864691132736113081
14808,864691132736115129
14809,864691132736116665
14810,864691132736118551
14811,864691132736118969
14812,864691132736119737
14813,864691132736121785
14814,864691132736122553
14815,864691132736123833
14816,864691132736124601
14817,864691132736125369
14818,864691132736127673
14819,864691132736129721
14820,864691132736130233
14821,864691132736131001
14822,864691132736131257
14823,864691132736132025
14824,864691132736133049
14825,864691132736133399
14826,864691132736133817
14827,864691132736135865
14828,864691132736138937
14829,864691132736140187
14830,864691132736140217
14831,864691132736140473
14832,864691132736142009
14833,864691132736142747
14834,864691132736143033
14835,864691132736143540
14836,864691132736144027
14837,864691132736144057
14838,864691132736144313
14839,864691132736145175
14840,864691132736145849
14841,864691132736146587
14842,864691132736146843
14843,864691132736147129
14844,864691132736147385
14845,864691132736147641
14846,864691132736147897
14847,864691132736148409
14848,864691132736148665
14849,864691132736149915
14850,864691132736150171
14851,864691132736150457
14852,864691132736151225
14853,864691132736151707
14854,864691132736151737
14855,864691132736152219
14856,864691132736152880
14857,864691132736153243
14858,864691132736154011
14859,864691132736154041
14860,864691132736154553
14861,864691132736155065
14862,864691132736155547
14863,864691132736155803
14864,864691132736156059
14865,864691132736156315
14866,864691132736156857
14867,864691132736157083
14868,864691132736157113
14869,864691132736157595
14870,864691132736157625
14871,864691132736158393
14872,864691132736158999
14873,864691132736159673
14874,864691132736159899
14875,864691132736160155
14876,864691132736160185
14877,864691132736160441
14878,864691132736160535
14879,864691132736160697
14880,864691132736160923
14881,864691132736160953
14882,864691132736161691
14883,864691132736161721
14884,864691132736161947
14885,864691132736162203
14886,864691132736162233
14887,864691132736162459
14888,864691132736162489
14889,864691132736162583
14890,864691132736162745
14891,864691132736163227
14892,864691132736163257
14893,864691132736163483
14894,864691132736163769
14895,864691132736164251
14896,864691132736164537
14897,864691132736164763
14898,864691132736164793
14899,864691132736165531
14900,864691132736166043
14901,864691132736166329
14902,864691132736168091
14903,864691132736168377
14904,864691132736168633
14905,864691132736169883
14906,864691132736170907
14907,864691132736172203
14908,864691132736172217
14909,864691132736173211
14910,864691132736175289
14911,864691132736175801
14912,864691132736176151
14913,864691132736176313
14914,864691132736176569
14915,864691132736177307
14916,864691132736178105
14917,864691132736178587
14918,864691132736179867
14919,864691132736180123
14920,864691132736180379
14921,864691132736181403
14922,864691132736185243
14923,864691132736185499
14924,864691132736186011
14925,864691132736187291
14926,864691132736188315
14927,864691132736189083
14928,864691132736190107
14929,864691132736190363
14930,864691132736192411
14931,864691132736193047
14932,864691132736194971
14933,864691132736195739
14934,864691132736197019
14935,864691132736201627
14936,864691132736203675
14937,864691132736203931
14938,864691132736204699
14939,864691132736207259
14940,864691132736208027
14941,864691132736208283
14942,864691132736209051
14943,864691132736209819
14944,864691132736211489
14945,864691132736211611
14946,864691132736213659
14947,864691132736213915
14948,864691132736214171
14949,864691132736215451
14950,864691132736216731
14951,864691132736217755
14952,864691132736218011
14953,864691132736218779
14954,864691132736220059
14955,864691132736220315
14956,864691132736220571
14957,864691132736220827
14958,864691132736221339
14959,864691132736221851
14960,864691132736222107
14961,864691132736222619
14962,864691132736222743
14963,864691132736223643
14964,864691132736224155
14965,864691132736225179
14966,864691132736227739
14967,864691132736228375
14968,864691132736229531
14969,864691132736238251
14970,864691132736268971
14971,864691132736275688
14972,864691132736313243
14973,864691132736328889
14974,864691132736330681
14975,864691132736331705
14976,864691132736331961
14977,864691132736332217
14978,864691132736335033
14979,864691132736335289
14980,864691132736335545
14981,864691132736336057
14982,864691132736336825
14983,864691132736338105
14984,864691132736364971
14985,864691132736365753
14986,864691132736366521
14987,864691132736366777
14988,864691132736366980
14989,864691132736368313
14990,864691132736369849
14991,864691132736371385
14992,864691132736371641
14993,864691132736372921
14994,864691132736373177
14995,864691132736373945
14996,864691132736375225
14997,864691132736377273
14998,864691132736382393
14999,864691132736383673
15000,864691132736388281
15001,864691132736392121
15002,864691132736392347
15003,864691132736392603
15004,864691132736392633
15005,864691132736392859
15006,864691132736393131
15007,864691132736393145
15008,864691132736393401
15009,864691132736394681
15010,864691132736394937
15011,864691132736395449
15012,864691132736395961
15013,864691132736396217
15014,864691132736396443
15015,864691132736396729
15016,864691132736397497
15017,864691132736397753
15018,864691132736397979
15019,864691132736398009
15020,864691132736399003
15021,864691132736399259
15022,864691132736400027
15023,864691132736401307
15024,864691132736403099
15025,864691132736404635
15026,864691132736405147
15027,864691132736405659
15028,864691132736406427
15029,864691132736407451
15030,864691132736408475
15031,864691132736409771
15032,864691132736410011
15033,864691132736410267
15034,864691132736411035
15035,864691132736411803
15036,864691132736441755
15037,864691132736442523
15038,864691132736443547
15039,864691132736443803
15040,864691132736444142
15041,864691132736447387
15042,864691132736447899
15043,864691132736448667
15044,864691132736449435
15045,864691132736449691
15046,864691132736450459
15047,864691132736450864
15048,864691132736451513
15049,864691132736453531
15050,864691132736454043
15051,864691132736469147
15052,864691132736486504
15053,864691132736505003
15054,864691132736557227
15055,864691132736575147
15056,864691132736576616
15057,864691132736580025
15058,864691132736601136
15059,864691132736616496
15060,864691132736643432
15061,864691132736644011
15062,864691132736646760
15063,864691132736658839
15064,864691132736688555
15065,864691132736708896
15066,864691132736720432
15067,864691132736724528
15068,864691132736759088
15069,864691132736768939
15070,864691132736777899
15071,864691132736781483
15072,864691132736789172
15073,864691132736793313
15074,864691132736824624
15075,864691132736825392
15076,864691132736847299
15077,864691132736855211
15078,864691132736876459
15079,864691132736906544
15080,864691132736918457
15081,864691132736920624
15082,864691132736938947
15083,864691132736939459
15084,864691132736943023
15085,864691132736946371
15086,864691132736946627
15087,864691132736949187
15088,864691132736950723
15089,864691132736951235
15090,864691132736951491
15091,864691132736952259
15092,864691132736953283
15093,864691132736953795
15094,864691132736954819
15095,864691132736958403
15096,864691132736961475
15097,864691132736961731
15098,864691132736961987
15099,864691132736962243
15100,864691132736962755
15101,864691132736963011
15102,864691132736964547
15103,864691132736965315
15104,864691132736965827
15105,864691132736966083
15106,864691132736966339
15107,864691132736967363
15108,864691132736968387
15109,864691132736968643
15110,864691132736969155
15111,864691132736971971
15112,864691132736973251
15113,864691132736976067
15114,864691132736977347
15115,864691132736977603
15116,864691132736978115
15117,864691132736979139
15118,864691132736980163
15119,864691132736983235
15120,864691132736983747
15121,864691132736985027
15122,864691132736985539
15123,864691132736986051
15124,864691132736986307
15125,864691132736987331
15126,864691132736987843
15127,864691132736990147
15128,864691132736990915
15129,864691132736991171
15130,864691132736991939
15131,864691132736994499
15132,864691132736994755
15133,864691132736995267
15134,864691132736996291
15135,864691132736997571
15136,864691132736997827
15137,864691132737001667
15138,864691132737003691
15139,864691132737007043
15140,864691132737007555
15141,864691132737009091
15142,864691132737009603
15143,864691132737009835
15144,864691132737010115
15145,864691132737013187
15146,864691132737013443
15147,864691132737015235
15148,864691132737024411
15149,864691132737033310
15150,864691132737039043
15151,864691132737061803
15152,864691132737064121
15153,864691132737066544
15154,864691132737067614
15155,864691132737072944
15156,864691132737115307
15157,864691132737122542
15158,864691132737124759
15159,864691132737133616
15160,864691132737146563
15161,864691132737146795
15162,864691132737149635
15163,864691132737149891
15164,864691132737152963
15165,864691132737153475
15166,864691132737153987
15167,864691132737157059
15168,864691132737157571
15169,864691132737158083
15170,864691132737158851
15171,864691132737159107
15172,864691132737159875
15173,864691132737160643
15174,864691132737161667
15175,864691132737162179
15176,864691132737162947
15177,864691132737163203
15178,864691132737163459
15179,864691132737164483
15180,864691132737164995
15181,864691132737165763
15182,864691132737166015
15183,864691132737166531
15184,864691132737166787
15185,864691132737167043
15186,864691132737168323
15187,864691132737168579
15188,864691132737168835
15189,864691132737169091
15190,864691132737170883
15191,864691132737171139
15192,864691132737171395
15193,864691132737171907
15194,864691132737172675
15195,864691132737173187
15196,864691132737173443
15197,864691132737174211
15198,864691132737175235
15199,864691132737175491
15200,864691132737176003
15201,864691132737177283
15202,864691132737177539
15203,864691132737177795
15204,864691132737179331
15205,864691132737179843
15206,864691132737180611
15207,864691132737181635
15208,864691132737182659
15209,864691132737183171
15210,864691132737183427
15211,864691132737184963
15212,864691132737185219
15213,864691132737185475
15214,864691132737185731
15215,864691132737186017
15216,864691132737187011
15217,864691132737188547
15218,864691132737195435
15219,864691132737205699
15220,864691132737206467
15221,864691132737207235
15222,864691132737208003
15223,864691132737208259
15224,864691132737209027
15225,864691132737209283
15226,864691132737214659
15227,864691132737220291
15228,864691132737221059
15229,864691132737221571
15230,864691132737221827
15231,864691132737222083
15232,864691132737224131
15233,864691132737225667
15234,864691132737226179
15235,864691132737226435
15236,864691132737226691
15237,864691132737227203
15238,864691132737227715
15239,864691132737246123
15240,864691132737262384
15241,864691132737265347
15242,864691132737350704
15243,864691132737368665
15244,864691132737369003
15245,864691132737385387
15246,864691132737389500
15247,864691132737396072
15248,864691132737396404
15249,864691132737399344
15250,864691132737411011
15251,864691132737419880
15252,864691132737435833
15253,864691132737442096
15254,864691132737446448
15255,864691132737461230
15256,864691132737479083
15257,864691132737491760
15258,864691132737492163
15259,864691132737509424
15260,864691132737524784
15261,864691132737532075
15262,864691132737535024
15263,864691132737547419
15264,864691132737580473
15265,864691132737586792
15266,864691132737600939
15267,864691132737626969
15268,864691132737672808
15269,864691132737673064
15270,864691132737682115
15271,864691132737689259
15272,864691132737691307
15273,864691132737698654
15274,864691132737700523
15275,864691132737715627
15276,864691132737733803
15277,864691132737745849
15278,864691132737752814
15279,864691132737754749
15280,864691132737786492
15281,864691132737806440
15282,864691132737821288
15283,864691132737821800
15284,864691132737823321
15285,864691132737829977
15286,864691132737831513
15287,864691132737831769
15288,864691132737833561
15289,864691132737835609
15290,864691132737836377
15291,864691132737838169
15292,864691132737840217
15293,864691132737840473
15294,864691132737840729
15295,864691132737840985
15296,864691132737841241
15297,864691132737841753
15298,864691132737842521
15299,864691132737846105
15300,864691132737846873
15301,864691132737847385
15302,864691132737849177
15303,864691132737850969
15304,864691132737851481
15305,864691132737851993
15306,864691132737854041
15307,864691132737855321
15308,864691132737855577
15309,864691132737856345
15310,864691132737857113
15311,864691132737858137
15312,864691132737858905
15313,864691132737859673
15314,864691132737859929
15315,864691132737860185
15316,864691132737861465
15317,864691132737861721
15318,864691132737861977
15319,864691132737862233
15320,864691132737862745
15321,864691132737863257
15322,864691132737863513
15323,864691132737864281
15324,864691132737865049
15325,864691132737865561
15326,864691132737866841
15327,864691132737867609
15328,864691132737871705
15329,864691132737873497
15330,864691132737874009
15331,864691132737874280
15332,864691132737874777
15333,864691132737875289
15334,864691132737875801
15335,864691132737876313
15336,864691132737877337
15337,864691132737877849
15338,864691132737878105
15339,864691132737878361
15340,864691132737878617
15341,864691132737878873
15342,864691132737879641
15343,864691132737879897
15344,864691132737880409
15345,864691132737881177
15346,864691132737881689
15347,864691132737882969
15348,864691132737883737
15349,864691132737884249
15350,864691132737884761
15351,864691132737885273
15352,864691132737885529
15353,864691132737885785
15354,864691132737886297
15355,864691132737887577
15356,864691132737887833
15357,864691132737888089
15358,864691132737888601
15359,864691132737888857
15360,864691132737889369
15361,864691132737890137
15362,864691132737890393
15363,864691132737891161
15364,864691132737892185
15365,864691132737895769
15366,864691132737896025
15367,864691132737896793
15368,864691132737898073
15369,864691132737898329
15370,864691132737899097
15371,864691132737899609
15372,864691132737900889
15373,864691132737901401
15374,864691132737901913
15375,864691132737904985
15376,864691132737905497
15377,864691132737906265
15378,864691132737906777
15379,864691132737907033
15380,864691132737907801
15381,864691132737910873
15382,864691132737911385
15383,864691132737912921
15384,864691132737913433
15385,864691132737913945
15386,864691132737914969
15387,864691132737917529
15388,864691132737918764
15389,864691132737919833
15390,864691132737920601
15391,864691132737922137
15392,864691132737925721
15393,864691132737928537
15394,864691132737929049
15395,864691132737929305
15396,864691132737929561
15397,864691132737934937
15398,864691132737935705
15399,864691132737936473
15400,864691132737938777
15401,864691132737942361
15402,864691132737944409
15403,864691132737944921
15404,864691132737945689
15405,864691132737947737
15406,864691132737949273
15407,864691132737951065
15408,864691132737955673
15409,864691132737957480
15410,864691132737967720
15411,864691132737970617
15412,864691132737991016
15413,864691132738020185
15414,864691132738047457
15415,864691132738058344
15416,864691132738077017
15417,864691132738089525
15418,864691132738105704
15419,864691132738111080
15420,864691132738119097
15421,864691132738124633
15422,864691132738125145
15423,864691132738125401
15424,864691132738125657
15425,864691132738127961
15426,864691132738128217
15427,864691132738128729
15428,864691132738128985
15429,864691132738129241
15430,864691132738130777
15431,864691132738131033
15432,864691132738131545
15433,864691132738132569
15434,864691132738133081
15435,864691132738133593
15436,864691132738135641
15437,864691132738135897
15438,864691132738136153
15439,864691132738136665
15440,864691132738136921
15441,864691132738138457
15442,864691132738142553
15443,864691132738144089
15444,864691132738144345
15445,864691132738144857
15446,864691132738147161
15447,864691132738148953
15448,864691132738149209
15449,864691132738149721
15450,864691132738150489
15451,864691132738151001
15452,864691132738151257
15453,864691132738151323
15454,864691132738151513
15455,864691132738152025
15456,864691132738153049
15457,864691132738153305
15458,864691132738157145
15459,864691132738158681
15460,864691132738159705
15461,864691132738159961
15462,864691132738160473
15463,864691132738161753
15464,864691132738162265
15465,864691132738163545
15466,864691132738164313
15467,864691132738164825
15468,864691132738165081
15469,864691132738165337
15470,864691132738166361
15471,864691132738166617
15472,864691132738166873
15473,864691132738167129
15474,864691132738167897
15475,864691132738168409
15476,864691132738169177
15477,864691132738169433
15478,864691132738170201
15479,864691132738170457
15480,864691132738170548
15481,864691132738171481
15482,864691132738172505
15483,864691132738173017
15484,864691132738173785
15485,864691132738174297
15486,864691132738174809
15487,864691132738175065
15488,864691132738176857
15489,864691132738177113
15490,864691132738178137
15491,864691132738180441
15492,864691132738180697
15493,864691132738180953
15494,864691132738183257
15495,864691132738183513
15496,864691132738184025
15497,864691132738185049
15498,864691132738196825
15499,864691132738199144
15500,864691132738203065
15501,864691132738226009
15502,864691132738227289
15503,864691132738227545
15504,864691132738228057
15505,864691132738228313
15506,864691132738233177
15507,864691132738233689
15508,864691132738234201
15509,864691132738234457
15510,864691132738234713
15511,864691132738234969
15512,864691132738236776
15513,864691132738250681
15514,864691132738276702
15515,864691132738302056
15516,864691132738316739
15517,864691132738362216
15518,864691132738388665
15519,864691132738402971
15520,864691132738421096
15521,864691132738438622
15522,864691132738450361
15523,864691132738451545
15524,864691132738455144
15525,864691132738502555
15526,864691132738519144
15527,864691132738533480
15528,864691132738537667
15529,864691132738567769
15530,864691132738578024
15531,864691132738580891
15532,864691132738616168
15533,864691132738649905
15534,864691132738652960
15535,864691132738655131
15536,864691132738670275
15537,864691132738721845
15538,864691132738737768
15539,864691132738769603
15540,864691132738789315
15541,864691132738810523
15542,864691132738819304
15543,864691132738824464
15544,864691132738871016
15545,864691132738873832
15546,864691132738881128
15547,864691132738914152
15548,864691132738943417
15549,864691132738943592
15550,864691132738949531
15551,864691132738950632
15552,864691132738950760
15553,864691132738951105
15554,864691132738964419
15555,864691132739009947
15556,864691132739014043
15557,864691132739026980
15558,864691132739033012
15559,864691132739033529
15560,864691132739051417
15561,864691132739052185
15562,864691132739052953
15563,864691132739053209
15564,864691132739056281
15565,864691132739057561
15566,864691132739058329
15567,864691132739058585
15568,864691132739058841
15569,864691132739060889
15570,864691132739065241
15571,864691132739068313
15572,864691132739068569
15573,864691132739069593
15574,864691132739070361
15575,864691132739070873
15576,864691132739071129
15577,864691132739071897
15578,864691132739073433
15579,864691132739073689
15580,864691132739074201
15581,864691132739074713
15582,864691132739075779
15583,864691132739076761
15584,864691132739077529
15585,864691132739078297
15586,864691132739078553
15587,864691132739081369
15588,864691132739081881
15589,864691132739082649
15590,864691132739083161
15591,864691132739083417
15592,864691132739084185
15593,864691132739084953
15594,864691132739085465
15595,864691132739085721
15596,864691132739086745
15597,864691132739088025
15598,864691132739088793
15599,864691132739089817
15600,864691132739090073
15601,864691132739093657
15602,864691132739094937
15603,864691132739095193
15604,864691132739095705
15605,864691132739095961
15606,864691132739096473
15607,864691132739096729
15608,864691132739097241
15609,864691132739097753
15610,864691132739098521
15611,864691132739099033
15612,864691132739099545
15613,864691132739100569
15614,864691132739100825
15615,864691132739101849
15616,864691132739102873
15617,864691132739103385
15618,864691132739104409
15619,864691132739104665
15620,864691132739104921
15621,864691132739107481
15622,864691132739108249
15623,864691132739108697
15624,864691132739109529
15625,864691132739110297
15626,864691132739111577
15627,864691132739112089
15628,864691132739113625
15629,864691132739114649
15630,864691132739126211
15631,864691132739137947
15632,864691132739138715
15633,864691132739148164
15634,864691132739154873
15635,864691132739164857
15636,864691132739175067
15637,864691132739179556
15638,864691132739182116
15639,864691132739183289
15640,864691132739183652
15641,864691132739183908
15642,864691132739184164
15643,864691132739185956
15644,864691132739186724
15645,864691132739188004
15646,864691132739189284
15647,864691132739189796
15648,864691132739190308
15649,864691132739191588
15650,864691132739195684
15651,864691132739196452
15652,864691132739197476
15653,864691132739197988
15654,864691132739198500
15655,864691132739199780
15656,864691132739200548
15657,864691132739201828
15658,864691132739202340
15659,864691132739203108
15660,864691132739203364
15661,864691132739207972
15662,864691132739210532
15663,864691132739211556
15664,864691132739211812
15665,864691132739212836
15666,864691132739213092
15667,864691132739213348
15668,864691132739213908
15669,864691132739214676
15670,864691132739216164
15671,864691132739216724
15672,864691132739217700
15673,864691132739217956
15674,864691132739218724
15675,864691132739219236
15676,864691132739219492
15677,864691132739221540
15678,864691132739223076
15679,864691132739224100
15680,864691132739224660
15681,864691132739224916
15682,864691132739226404
15683,864691132739227065
15684,864691132739228964
15685,864691132739229220
15686,864691132739229524
15687,864691132739230548
15688,864691132739231060
15689,864691132739231268
15690,864691132739231524
15691,864691132739234084
15692,864691132739234132
15693,864691132739234340
15694,864691132739234852
15695,864691132739234900
15696,864691132739234971
15697,864691132739235108
15698,864691132739235364
15699,864691132739235876
15700,864691132739236132
15701,864691132739236388
15702,864691132739236436
15703,864691132739238180
15704,864691132739240121
15705,864691132739240484
15706,864691132739241044
15707,864691132739241300
15708,864691132739241764
15709,864691132739241812
15710,864691132739242532
15711,864691132739243348
15712,864691132739243604
15713,864691132739244580
15714,864691132739245140
15715,864691132739247700
15716,864691132739248724
15717,864691132739249748
15718,864691132739252308
15719,864691132739253076
15720,864691132739253588
15721,864691132739254100
15722,864691132739254939
15723,864691132739256148
15724,864691132739256404
15725,864691132739257172
15726,864691132739257940
15727,864691132739259112
15728,864691132739260244
15729,864691132739261012
15730,864691132739262915
15731,864691132739263060
15732,864691132739263316
15733,864691132739266132
15734,864691132739266900
15735,864691132739267227
15736,864691132739267924
15737,864691132739268948
15738,864691132739270228
15739,864691132739270996
15740,864691132739271252
15741,864691132739273044
15742,864691132739273556
15743,864691132739273881
15744,864691132739274068
15745,864691132739274836
15746,864691132739277209
15747,864691132739277465
15748,864691132739277652
15749,864691132739277977
15750,864691132739279001
15751,864691132739279444
15752,864691132739279700
15753,864691132739282260
15754,864691132739282329
15755,864691132739282516
15756,864691132739282585
15757,864691132739282772
15758,864691132739283284
15759,864691132739283353
15760,864691132739283609
15761,864691132739284665
15762,864691132739285913
15763,864691132739286868
15764,864691132739287380
15765,864691132739291075
15766,864691132739291220
15767,864691132739292756
15768,864691132739294292
15769,864691132739295060
15770,864691132739296084
15771,864691132739296340
15772,864691132739297364
15773,864691132739298644
15774,864691132739299668
15775,864691132739301017
15776,864691132739301204
15777,864691132739301785
15778,864691132739302809
15779,864691132739303252
15780,864691132739303577
15781,864691132739303833
15782,864691132739304276
15783,864691132739304345
15784,864691132739304788
15785,864691132739305556
15786,864691132739307348
15787,864691132739308628
15788,864691132739310745
15789,864691132739311513
15790,864691132739311769
15791,864691132739314004
15792,864691132739314772
15793,864691132739315028
15794,864691132739315796
15795,864691132739316409
15796,864691132739316820
15797,864691132739318100
15798,864691132739320148
15799,864691132739320404
15800,864691132739320660
15801,864691132739321428
15802,864691132739322452
15803,864691132739324500
15804,864691132739325524
15805,864691132739326548
15806,864691132739326804
15807,864691132739326873
15808,864691132739327316
15809,864691132739328596
15810,864691132739329620
15811,864691132739329876
15812,864691132739331156
15813,864691132739332180
15814,864691132739332692
15815,864691132739332948
15816,864691132739333716
15817,864691132739336185
15818,864691132739336788
15819,864691132739351375
15820,864691132739354265
15821,864691132739356099
15822,864691132739364763
15823,864691132739373721
15824,864691132739386777
15825,864691132739393179
15826,864691132739440212
15827,864691132739440468
15828,864691132739443353
15829,864691132739443540
15830,864691132739444308
15831,864691132739445844
15832,864691132739450452
15833,864691132739451220
15834,864691132739451732
15835,864691132739451988
15836,864691132739452244
15837,864691132739453524
15838,864691132739454036
15839,864691132739455060
15840,864691132739455316
15841,864691132739455828
15842,864691132739456292
15843,864691132739456596
15844,864691132739458596
15845,864691132739460132
15846,864691132739460388
15847,864691132739460644
15848,864691132739461049
15849,864691132739461924
15850,864691132739462180
15851,864691132739462948
15852,864691132739463460
15853,864691132739463716
15854,864691132739464228
15855,864691132739464484
15856,864691132739464740
15857,864691132739465252
15858,864691132739466276
15859,864691132739466532
15860,864691132739466788
15861,864691132739467044
15862,864691132739487012
15863,864691132739488548
15864,864691132739488596
15865,864691132739488852
15866,864691132739490084
15867,864691132739490340
15868,864691132739490852
15869,864691132739490971
15870,864691132739491108
15871,864691132739492180
15872,864691132739492948
15873,864691132739493156
15874,864691132739495252
15875,864691132739495716
15876,864691132739495764
15877,864691132739496020
15878,864691132739496532
15879,864691132739497508
15880,864691132739497812
15881,864691132739498068
15882,864691132739498324
15883,864691132739499092
15884,864691132739499860
15885,864691132739500372
15886,864691132739501348
15887,864691132739501860
15888,864691132739504212
15889,864691132739505236
15890,864691132739507028
15891,864691132739507796
15892,864691132739508419
15893,864691132739509327
15894,864691132739511636
15895,864691132739512404
15896,864691132739512660
15897,864691132739513940
15898,864691132739514447
15899,864691132739514964
15900,864691132739516867
15901,864691132739543332
15902,864691132739561883
15903,864691132739592889
15904,864691132739593657
15905,864691132739608505
15906,864691132739627193
15907,864691132739631188
15908,864691132739642777
15909,864691132739646595
15910,864691132739692443
15911,864691132739694265
15912,864691132739702467
15913,864691132739706809
15914,864691132739710105
15915,864691132739724995
15916,864691132739737780
15917,864691132739748441
15918,864691132739766211
15919,864691132739768219
15920,864691132739770267
15921,864691132739800515
15922,864691132739805339
15923,864691132739820217
15924,864691132739899225
15925,864691132739946836
15926,864691132739949401
15927,864691132739959993
15928,864691132739965891
15929,864691132739971513
15930,864691132739999939
15931,864691132740088937
15932,864691132740179907
15933,864691132740181124
15934,864691132740209126
15935,864691132740210627
15936,864691132740230339
15937,864691132740231513
15938,864691132740258137
15939,864691132740270172
15940,864691132740277084
15941,864691132740277340
15942,864691132740277596
15943,864691132740282204
15944,864691132740284508
15945,864691132740286300
15946,864691132740287068
15947,864691132740288604
15948,864691132740288963
15949,864691132740289116
15950,864691132740290132
15951,864691132740290140
15952,864691132740290396
15953,864691132740290652
15954,864691132740292444
15955,864691132740292700
15956,864691132740293468
15957,864691132740293724
15958,864691132740295516
15959,864691132740296284
15960,864691132740297564
15961,864691132740298076
15962,864691132740300124
15963,864691132740300380
15964,864691132740300636
15965,864691132740301401
15966,864691132740301404
15967,864691132740301660
15968,864691132740303708
15969,864691132740304476
15970,864691132740304988
15971,864691132740305497
15972,864691132740306012
15973,864691132740308316
15974,864691132740309596
15975,864691132740310364
15976,864691132740310620
15977,864691132740312156
15978,864691132740313180
15979,864691132740315740
15980,864691132740316252
15981,864691132740316508
15982,864691132740316764
15983,864691132740317788
15984,864691132740319324
15985,864691132740320092
15986,864691132740321628
15987,864691132740322652
15988,864691132740323420
15989,864691132740325212
15990,864691132740325724
15991,864691132740325980
15992,864691132740326492
15993,864691132740327004
15994,864691132740327516
15995,864691132740328028
15996,864691132740329564
15997,864691132740331100
15998,864691132740332377
15999,864691132740332380
16000,864691132740332892
16001,864691132740333916
16002,864691132740335196
16003,864691132740336988
16004,864691132740338268
16005,864691132740340931
16006,864691132740369603
16007,864691132740371395
16008,864691132740407235
16009,864691132740409023
16010,864691132740418024
16011,864691132740435651
16012,864691132740439844
16013,864691132740492520
16014,864691132740504412
16015,864691132740504668
16016,864691132740505436
16017,864691132740505692
16018,864691132740505948
16019,864691132740506460
16020,864691132740507484
16021,864691132740507740
16022,864691132740508252
16023,864691132740512092
16024,864691132740513731
16025,864691132740515676
16026,864691132740517468
16027,864691132740520028
16028,864691132740521820
16029,864691132740524124
16030,864691132740524636
16031,864691132740524892
16032,864691132740526940
16033,864691132740527452
16034,864691132740528220
16035,864691132740528988
16036,864691132740553305
16037,864691132740563036
16038,864691132740563292
16039,864691132740564060
16040,864691132740565852
16041,864691132740566108
16042,864691132740566364
16043,864691132740567644
16044,864691132740569180
16045,864691132740577116
16046,864691132740578140
16047,864691132740579164
16048,864691132740580700
16049,864691132740581212
16050,864691132740581468
16051,864691132740581980
16052,864691132740583260
16053,864691132740584284
16054,864691132740584796
16055,864691132740585052
16056,864691132740586076
16057,864691132740587612
16058,864691132740588380
16059,864691132740588636
16060,864691132740595097
16061,864691132740617561
16062,864691132740627907
16063,864691132740629443
16064,864691132740658980
16065,864691132740664259
16066,864691132740666964
16067,864691132740680025
16068,864691132740697436
16069,864691132740706499
16070,864691132740734553
16071,864691132740749913
16072,864691132740751449
16073,864691132740778691
16074,864691132740805315
16075,864691132740819865
16076,864691132740822211
16077,864691132740824552
16078,864691132740832345
16079,864691132740841667
16080,864691132740855124
16081,864691132740883033
16082,864691132740883902
16083,864691132740884414
16084,864691132740884926
16085,864691132740885438
16086,864691132740887742
16087,864691132740889022
16088,864691132740890302
16089,864691132740892094
16090,864691132740892606
16091,864691132740893630
16092,864691132740895166
16093,864691132740898238
16094,864691132740900030
16095,864691132740903614
16096,864691132740903870
16097,864691132740904382
16098,864691132740905817
16099,864691132740906942
16100,864691132740907198
16101,864691132740907710
16102,864691132740913241
16103,864691132740913598
16104,864691132740914110
16105,864691132740914366
16106,864691132740914622
16107,864691132740916926
16108,864691132740917950
16109,864691132740918206
16110,864691132740918718
16111,864691132740921278
16112,864691132740921790
16113,864691132740925118
16114,864691132740926654
16115,864691132740930494
16116,864691132740932608
16117,864691132740960036
16118,864691132740974745
16119,864691132740974937
16120,864691132740991016
16121,864691132741006014
16122,864691132741034585
16123,864691132741047022
16124,864691132741090750
16125,864691132741091518
16126,864691132741092542
16127,864691132741095870
16128,864691132741096126
16129,864691132741096382
16130,864691132741097406
16131,864691132741099454
16132,864691132741100990
16133,864691132741103550
16134,864691132741103806
16135,864691132741104318
16136,864691132741105086
16137,864691132741107390
16138,864691132741108158
16139,864691132741108414
16140,864691132741108926
16141,864691132741112254
16142,864691132741114046
16143,864691132741114302
16144,864691132741115582
16145,864691132741115838
16146,864691132741116094
16147,864691132741116350
16148,864691132741118142
16149,864691132741118654
16150,864691132741119678
16151,864691132741120190
16152,864691132741120446
16153,864691132741120702
16154,864691132741121214
16155,864691132741136318
16156,864691132741139134
16157,864691132741140047
16158,864691132741142718
16159,864691132741143230
16160,864691132741144766
16161,864691132741145534
16162,864691132741146046
16163,864691132741146302
16164,864691132741147838
16165,864691132741148350
16166,864691132741149118
16167,864691132741149374
16168,864691132741149630
16169,864691132741149886
16170,864691132741150142
16171,864691132741150398
16172,864691132741151166
16173,864691132741154238
16174,864691132741155006
16175,864691132741155262
16176,864691132741155518
16177,864691132741155774
16178,864691132741156542
16179,864691132741157822
16180,864691132741158078
16181,864691132741158846
16182,864691132741159102
16183,864691132741159614
16184,864691132741160126
16185,864691132741160894
16186,864691132741161192
16187,864691132741161305
16188,864691132741161406
16189,864691132741169753
16190,864691132741234152
16191,864691132741282452
16192,864691132741320281
16193,864691132741365145
16194,864691132741368660
16195,864691132741381054
16196,864691132741388380
16197,864691132741401945
16198,864691132741405529
16199,864691132741407833
16200,864691132741411161
16201,864691132741442137
16202,864691132741460057
16203,864691132741470244
16204,864691132741475161
16205,864691132741494612
16206,864691132741537262
16207,864691132741570048
16208,864691132741604175
16209,864691132741618524
16210,864691132741632596
16211,864691132741639262
16212,864691132741645721
16213,864691132741646270
16214,864691132741650700
16215,864691132741659988
16216,864691132741684926
16217,864691132741698396
16218,864691132741711396
16219,864691132741711712
16220,864691132741750425
16221,864691132741761689
16222,864691132741772222
16223,864691132741774164
16224,864691132741808212
16225,864691132741816473
16226,864691132741867343
16227,864691132741876377
16228,864691132741889433
16229,864691132741898788
16230,864691132741923932
16231,864691132741934372
16232,864691132741944510
16233,864691132741965209
16234,864691132741984921
16235,864691132741999001
16236,864691132742033086
16237,864691132742062372
16238,864691132742208958
16239,864691132742214041
16240,864691132742227540
16241,864691132742284372
16242,864691132742284836
16243,864691132742295588
16244,864691132742297497
16245,864691132742299684
16246,864691132742306554
16247,864691132742316185
16248,864691132742326100
16249,864691132742357651
16250,864691132742359124
16251,864691132742362196
16252,864691132742370436
16253,864691132742377044
16254,864691132742383140
16255,864691132742388815
16256,864691132742406532
16257,864691132742414233
16258,864691132742441662
16259,864691132742452512
16260,864691132742454356
16261,864691132742458218
16262,864691132742476884
16263,864691132742483535
16264,864691132742484916
16265,864691132742491582
16266,864691132742500740
16267,864691132742509140
16268,864691132742524252
16269,864691132742540320
16270,864691132742558044
16271,864691132742558300
16272,864691132742585684
16273,864691132742591316
16274,864691132742613145
16275,864691132742613380
16276,864691132742662553
16277,864691132742681679
16278,864691132742691663
16279,864691132742713428
16280,864691132742726436
16281,864691132742759204
16282,864691132742759262
16283,864691132742778660
16284,864691132742820484
16285,864691132742830233
16286,864691132742835492
16287,864691132742878142
16288,864691132742894152
16289,864691132742906362
16290,864691132742927550
16291,864691132742956420
16292,864691132742991951
16293,864691132742995604
16294,864691132742997525
16295,864691132743001532
16296,864691132743003471
16297,864691132743010180
16298,864691132743012188
16299,864691132743023236
16300,864691132743045980
16301,864691132743133572
16302,864691132743139774
16303,864691132743143556
16304,864691132743156612
16305,864691132743170750
16306,864691132743178430
16307,864691132743203518
16308,864691132743217086
16309,864691132743226972
16310,864691132743281246
16311,864691132743291268
16312,864691132743327836
16313,864691132743329376
16314,864691132743354460
16315,864691132743366334
16316,864691132743381182
16317,864691132743452764
16318,864691132743466332
16319,864691132743531454
16320,864691132743558078
16321,864691132743566428
16322,864691132743583676
16323,864691132743592028
16324,864691132743606108
16325,864691132743637852
16326,864691132743663708
16327,864691132743673376
16328,864691132743705436
16329,864691132743719614
16330,864691132743764356
16331,864691132743771838
16332,864691132743783934
16333,864691132743788576
16334,864691132743815004
16335,864691132743830095
16336,864691132743830863
16337,864691132743831631
16338,864691132743831887
16339,864691132743832655
16340,864691132743833423
16341,864691132743841103
16342,864691132743841871
16343,864691132743842383
16344,864691132743842895
16345,864691132743843151
16346,864691132743844175
16347,864691132743844687
16348,864691132743844943
16349,864691132743845711
16350,864691132743849295
16351,864691132743849551
16352,864691132743850575
16353,864691132743854415
16354,864691132743855695
16355,864691132743855951
16356,864691132743856207
16357,864691132743856463
16358,864691132743857743
16359,864691132743857999
16360,864691132743860047
16361,864691132743860559
16362,864691132743860815
16363,864691132743863887
16364,864691132743864143
16365,864691132743865423
16366,864691132743866703
16367,864691132743866959
16368,864691132743868239
16369,864691132743869276
16370,864691132743869775
16371,864691132743871567
16372,864691132743873615
16373,864691132743874639
16374,864691132743875151
16375,864691132743875919
16376,864691132743876431
16377,864691132743877711
16378,864691132743878479
16379,864691132743881039
16380,864691132743881807
16381,864691132743882831
16382,864691132743883710
16383,864691132743885135
16384,864691132743885647
16385,864691132743887183
16386,864691132743888207
16387,864691132743893071
16388,864691132743893327
16389,864691132743893583
16390,864691132743893839
16391,864691132743895887
16392,864691132743896399
16393,864691132743896911
16394,864691132743897679
16395,864691132743898447
16396,864691132743899471
16397,864691132743899983
16398,864691132743900751
16399,864691132743901007
16400,864691132743902287
16401,864691132743902543
16402,864691132743903055
16403,864691132743904591
16404,864691132743905103
16405,864691132743906127
16406,864691132743907919
16407,864691132743908175
16408,864691132743909199
16409,864691132743909455
16410,864691132743915087
16411,864691132743916879
16412,864691132743917647
16413,864691132743921743
16414,864691132743923791
16415,864691132743924303
16416,864691132743925327
16417,864691132743925839
16418,864691132743926607
16419,864691132743927644
16420,864691132743928143
16421,864691132743928399
16422,864691132743928911
16423,864691132743929167
16424,864691132743930191
16425,864691132743931471
16426,864691132743933263
16427,864691132743934799
16428,864691132743935055
16429,864691132743935311
16430,864691132743935823
16431,864691132743936591
16432,864691132743938127
16433,864691132743938639
16434,864691132743938895
16435,864691132743939919
16436,864691132743940175
16437,864691132743941711
16438,864691132743943759
16439,864691132743945295
16440,864691132743954464
16441,864691132743975772
16442,864691132744016732
16443,864691132744021596
16444,864691132744024156
16445,864691132744042372
16446,864691132744098383
16447,864691132744099407
16448,864691132744100175
16449,864691132744101199
16450,864691132744101967
16451,864691132744106831
16452,864691132744107599
16453,864691132744108111
16454,864691132744110159
16455,864691132744111592
16456,864691132744111695
16457,864691132744113999
16458,864691132744114255
16459,864691132744116047
16460,864691132744117071
16461,864691132744117327
16462,864691132744118095
16463,864691132744118351
16464,864691132744119375
16465,864691132744120399
16466,864691132744120655
16467,864691132744120911
16468,864691132744136271
16469,864691132744136527
16470,864691132744138575
16471,864691132744138588
16472,864691132744141135
16473,864691132744141647
16474,864691132744142415
16475,864691132744142671
16476,864691132744143695
16477,864691132744144207
16478,864691132744144463
16479,864691132744145999
16480,864691132744146255
16481,864691132744163518
16482,864691132744170174
16483,864691132744170430
16484,864691132744181832
16485,864691132744222812
16486,864691132744256232
16487,864691132744264382
16488,864691132744267868
16489,864691132744270189
16490,864691132744296638
16491,864691132744300222
16492,864691132744304732
16493,864691132744320604
16494,864691132744358236
16495,864691132744364932
16496,864691132744366624
16497,864691132744386908
16498,864691132744396478
16499,864691132744406108
16500,864691132744419262
16501,864691132744567631
16502,864691132744568766
16503,864691132744573422
16504,864691132744614590
16505,864691132744649150
16506,864691132744729790
16507,864691132744749758
16508,864691132744758974
16509,864691132744769096
16510,864691132744796094
16511,864691132744837054
16512,864691132744859859
16513,864691132744887968
16514,864691132745106080
16515,864691132745144352
16516,864691132745451283
16517,864691132745453187
16518,864691132745455309
16519,864691132745457795
16520,864691132745459331
16521,864691132745460099
16522,864691132745461379
16523,864691132745462032
16524,864691132745462659
16525,864691132745463427
16526,864691132745463683
16527,864691132745464451
16528,864691132745464707
16529,864691132745466243
16530,864691132745466755
16531,864691132745467011
16532,864691132745467523
16533,864691132745469059
16534,864691132745470851
16535,864691132745471107
16536,864691132745471875
16537,864691132745473155
16538,864691132745473871
16539,864691132745473923
16540,864691132745474435
16541,864691132745475459
16542,864691132745476483
16543,864691132745478019
16544,864691132745479043
16545,864691132745479811
16546,864691132745480579
16547,864691132745481347
16548,864691132745481603
16549,864691132745481859
16550,864691132745483139
16551,864691132745483651
16552,864691132745484419
16553,864691132745485187
16554,864691132745486467
16555,864691132745486723
16556,864691132745487235
16557,864691132745488259
16558,864691132745488771
16559,864691132745489539
16560,864691132745491075
16561,864691132745491331
16562,864691132745492867
16563,864691132745493635
16564,864691132745494659
16565,864691132745494915
16566,864691132745495171
16567,864691132745495427
16568,864691132745495939
16569,864691132745496195
16570,864691132745496451
16571,864691132745500803
16572,864691132745503363
16573,864691132745504131
16574,864691132745506435
16575,864691132745509251
16576,864691132745509763
16577,864691132745513091
16578,864691132745513859
16579,864691132745515907
16580,864691132745516163
16581,864691132745516419
16582,864691132745516931
16583,864691132745518467
16584,864691132745519235
16585,864691132745519309
16586,864691132745519821
16587,864691132745520259
16588,864691132745520515
16589,864691132745522051
16590,864691132745523149
16591,864691132745523587
16592,864691132745525197
16593,864691132745525379
16594,864691132745525635
16595,864691132745526147
16596,864691132745526733
16597,864691132745527245
16598,864691132745527427
16599,864691132745528013
16600,864691132745528357
16601,864691132745529475
16602,864691132745529805
16603,864691132745530317
16604,864691132745531341
16605,864691132745532365
16606,864691132745532621
16607,864691132745534157
16608,864691132745534413
16609,864691132745536461
16610,864691132745536973
16611,864691132745537485
16612,864691132745537997
16613,864691132745540045
16614,864691132745541325
16615,864691132745541837
16616,864691132745542605
16617,864691132745542861
16618,864691132745543117
16619,864691132745543373
16620,864691132745543629
16621,864691132745543885
16622,864691132745544909
16623,864691132745545165
16624,864691132745546768
16625,864691132745547981
16626,864691132745549773
16627,864691132745550797
16628,864691132745552845
16629,864691132745555917
16630,864691132745556173
16631,864691132745557965
16632,864691132745561549
16633,864691132745562829
16634,864691132745564621
16635,864691132745564877
16636,864691132745565901
16637,864691132745566925
16638,864691132745567437
16639,864691132745567949
16640,864691132745609603
16641,864691132745676931
16642,864691132745677187
16643,864691132745677955
16644,864691132745680771
16645,864691132745681539
16646,864691132745683331
16647,864691132745684099
16648,864691132745685379
16649,864691132745687171
16650,864691132745712265
16651,864691132745718477
16652,864691132745721037
16653,864691132745721293
16654,864691132745723085
16655,864691132745724877
16656,864691132745725133
16657,864691132745725645
16658,864691132745726413
16659,864691132745726669
16660,864691132745728205
16661,864691132745728461
16662,864691132745728973
16663,864691132745729229
16664,864691132745738371
16665,864691132745739395
16666,864691132745739651
16667,864691132745740675
16668,864691132745741955
16669,864691132745743235
16670,864691132745743491
16671,864691132745743747
16672,864691132745745539
16673,864691132745750147
16674,864691132745750659
16675,864691132745751427
16676,864691132745752195
16677,864691132745753987
16678,864691132745754243
16679,864691132745755267
16680,864691132745771981
16681,864691132745772749
16682,864691132745776589
16683,864691132745779661
16684,864691132745779917
16685,864691132745780429
16686,864691132745781709
16687,864691132745782477
16688,864691132745783245
16689,864691132745783501
16690,864691132745784269
16691,864691132745784781
16692,864691132745785293
16693,864691132745785805
16694,864691132745843149
16695,864691132745869896
16696,864691132745916909
16697,864691132745941832
16698,864691132746005541
16699,864691132746124367
16700,864691132746336079
16701,864691132746362829
16702,864691132746429007
16703,864691132746439759
16704,864691132746442734
16705,864691132746486095
16706,864691132746512719
16707,864691132746548206
16708,864691132746559055
16709,864691132746665702
16710,864691132746712911
16711,864691132746737357
16712,864691132746781519
16713,864691132746821711
16714,864691132746853711
16715,864691132746860879
16716,864691132746863439
16717,864691132746882691
16718,864691132746926415
16719,864691132746955757
16720,864691132746965123
16721,864691132746967119
16722,864691132747095501
16723,864691132747113091
16724,864691132747126248
16725,864691132747185332
16726,864691132747202895
16727,864691132747229689
16728,864691132747233359
16729,864691132747245647
16730,864691132747258703
16731,864691132747278797
16732,864691132747282926
16733,864691132747307897
16734,864691132747310969
16735,864691132747320655
16736,864691132747332880
16737,864691132747372623
16738,864691132747377487
16739,864691132747381458
16740,864691132747398324
16741,864691132747398991
16742,864691132747432527
16743,864691132747439882
16744,864691132747507155
16745,864691132747512143
16746,864691132747520899
16747,864691132747553741
16748,864691132747571347
16749,864691132747578447
16750,864691132747609935
16751,864691132747614314
16752,864691132747616742
16753,864691132747616750
16754,864691132747642317
16755,864691132747661647
16756,864691132747673476
16757,864691132747711567
16758,864691132747758004
16759,864691132747758329
16760,864691132747765224
16761,864691132747920338
16762,864691132747935876
16763,864691132747987149
16764,864691132748031107
16765,864691132748071043
16766,864691132748075907
16767,864691132748086482
16768,864691132748127186
16769,864691132748157901
16770,864691132748173443
16771,864691132748274307
16772,864691132748276611
16773,864691132748290253
16774,864691132748298445
16775,864691132748304244
16776,864691132748310733
16777,864691132748321667
16778,864691132748381901
16779,864691132748389102
16780,864691132748403149
16781,864691132748405876
16782,864691132748411597
16783,864691132748472013
16784,864691132748500973
16785,864691132748536525
16786,864691132748557261
16787,864691132748598504
16788,864691132748614755
16789,864691132748615267
16790,864691132748616035
16791,864691132748619107
16792,864691132748619363
16793,864691132748620131
16794,864691132748620387
16795,864691132748620643
16796,864691132748621411
16797,864691132748621667
16798,864691132748623971
16799,864691132748624995
16800,864691132748627555
16801,864691132748627811
16802,864691132748628067
16803,864691132748628323
16804,864691132748628579
16805,864691132748628835
16806,864691132748631395
16807,864691132748635747
16808,864691132748638307
16809,864691132748639331
16810,864691132748639587
16811,864691132748640611
16812,864691132748641891
16813,864691132748642403
16814,864691132748645219
16815,864691132748645731
16816,864691132748647523
16817,864691132748649165
16818,864691132748649827
16819,864691132748650851
16820,864691132748652387
16821,864691132748653155
16822,864691132748655459
16823,864691132748656259
16824,864691132748656483
16825,864691132748656739
16826,864691132748656995
16827,864691132748657032
16828,864691132748657251
16829,864691132748657507
16830,864691132748658019
16831,864691132748658531
16832,864691132748659299
16833,864691132748660835
16834,864691132748661347
16835,864691132748661603
16836,864691132748664163
16837,864691132748664419
16838,864691132748665443
16839,864691132748665699
16840,864691132748666467
16841,864691132748670051
16842,864691132748671075
16843,864691132748671331
16844,864691132748673123
16845,864691132748674915
16846,864691132748676451
16847,864691132748676707
16848,864691132748679267
16849,864691132748681315
16850,864691132748681571
16851,864691132748683107
16852,864691132748686435
16853,864691132748686947
16854,864691132748687971
16855,864691132748688483
16856,864691132748690531
16857,864691132748692067
16858,864691132748692323
16859,864691132748692579
16860,864691132748693603
16861,864691132748695651
16862,864691132748696163
16863,864691132748697187
16864,864691132748697699
16865,864691132748698211
16866,864691132748698723
16867,864691132748699491
16868,864691132748701795
16869,864691132748703843
16870,864691132748704611
16871,864691132748705155
16872,864691132748706147
16873,864691132748706915
16874,864691132748708451
16875,864691132748708707
16876,864691132748709219
16877,864691132748709731
16878,864691132748710755
16879,864691132748711011
16880,864691132748711267
16881,864691132748712291
16882,864691132748714595
16883,864691132748715619
16884,864691132748716131
16885,864691132748717923
16886,864691132748718179
16887,864691132748719203
16888,864691132748719971
16889,864691132748721251
16890,864691132748722787
16891,864691132748723043
16892,864691132748724067
16893,864691132748725091
16894,864691132748726883
16895,864691132748728163
16896,864691132748728931
16897,864691132748729443
16898,864691132748731235
16899,864691132748732003
16900,864691132748733283
16901,864691132748734051
16902,864691132748734307
16903,864691132748736099
16904,864691132748736867
16905,864691132748737379
16906,864691132748738659
16907,864691132748744141
16908,864691132748747139
16909,864691132748749005
16910,864691132748788611
16911,864691132748791395
16912,864691132748794573
16913,864691132748820235
16914,864691132748820429
16915,864691132748843369
16916,864691132748849869
16917,864691132748850125
16918,864691132748858467
16919,864691132748890548
16920,864691132748891341
16921,864691132748891747
16922,864691132748893027
16923,864691132748894051
16924,864691132748894307
16925,864691132748894563
16926,864691132748895075
16927,864691132748895331
16928,864691132748896867
16929,864691132748900451
16930,864691132748901219
16931,864691132748901731
16932,864691132748904035
16933,864691132748904291
16934,864691132748904803
16935,864691132748905059
16936,864691132748907107
16937,864691132748911986
16938,864691132748920931
16939,864691132748925539
16940,864691132748926051
16941,864691132748926819
16942,864691132748927587
16943,864691132748929379
16944,864691132748929411
16945,864691132748929635
16946,864691132748929891
16947,864691132748930403
16948,864691132748932451
16949,864691132748933731
16950,864691132748933987
16951,864691132748934755
16952,864691132748935011
16953,864691132748935523
16954,864691132748935779
16955,864691132748936035
16956,864691132748936291
16957,864691132748943053
16958,864691132748961155
16959,864691132748998037
16960,864691132749007491
16961,864691132749011049
16962,864691132749011843
16963,864691132749046738
16964,864691132749192084
16965,864691132749533027
16966,864691132749578289
16967,864691132749581461
16968,864691132749588100
16969,864691132749606036
16970,864691132749673960
16971,864691132749694440
16972,864691132749717224
16973,864691132749736423
16974,864691132749738983
16975,864691132749739239
16976,864691132749739751
16977,864691132749740263
16978,864691132749740519
16979,864691132749741031
16980,864691132749742311
16981,864691132749742567
16982,864691132749742823
16983,864691132749746837
16984,864691132749746919
16985,864691132749748199
16986,864691132749748711
16987,864691132749748967
16988,864691132749750247
16989,864691132749750759
16990,864691132749751527
16991,864691132749752039
16992,864691132749752558
16993,864691132749752807
16994,864691132749753319
16995,864691132749753831
16996,864691132749754599
16997,864691132749755367
16998,864691132749755879
16999,864691132749756391
17000,864691132749756903
17001,864691132749762535
17002,864691132749764071
17003,864691132749764327
17004,864691132749765095
17005,864691132749765351
17006,864691132749765607
17007,864691132749765863
17008,864691132749768423
17009,864691132749768679
17010,864691132749769191
17011,864691132749770983
17012,864691132749772263
17013,864691132749772775
17014,864691132749773031
17015,864691132749773287
17016,864691132749774311
17017,864691132749775079
17018,864691132749775335
17019,864691132749775591
17020,864691132749775847
17021,864691132749777639
17022,864691132749777895
17023,864691132749778407
17024,864691132749779943
17025,864691132749780199
17026,864691132749781223
17027,864691132749781479
17028,864691132749782247
17029,864691132749782759
17030,864691132749783783
17031,864691132749784551
17032,864691132749785237
17033,864691132749785831
17034,864691132749786599
17035,864691132749787367
17036,864691132749787623
17037,864691132749788135
17038,864691132749788903
17039,864691132749790439
17040,864691132749790695
17041,864691132749792487
17042,864691132749792743
17043,864691132749792999
17044,864691132749793255
17045,864691132749793511
17046,864691132749795303
17047,864691132749795559
17048,864691132749795815
17049,864691132749796583
17050,864691132749799143
17051,864691132749800167
17052,864691132749800679
17053,864691132749802471
17054,864691132749803495
17055,864691132749804007
17056,864691132749804263
17057,864691132749805543
17058,864691132749805799
17059,864691132749806567
17060,864691132749807079
17061,864691132749807847
17062,864691132749809383
17063,864691132749811431
17064,864691132749811687
17065,864691132749812199
17066,864691132749813223
17067,864691132749814503
17068,864691132749815015
17069,864691132749816807
17070,864691132749817063
17071,864691132749819111
17072,864691132749821927
17073,864691132749822183
17074,864691132749933205
17075,864691132749971687
17076,864691132749972199
17077,864691132749972455
17078,864691132749972711
17079,864691132749973735
17080,864691132749974503
17081,864691132749976039
17082,864691132749976551
17083,864691132749976807
17084,864691132749977319
17085,864691132749977575
17086,864691132749978087
17087,864691132749978343
17088,864691132749979879
17089,864691132749980135
17090,864691132750008039
17091,864691132750009063
17092,864691132750011367
17093,864691132750011879
17094,864691132750012135
17095,864691132750014695
17096,864691132750016487
17097,864691132750017255
17098,864691132750017511
17099,864691132750018023
17100,864691132750021095
17101,864691132750022887
17102,864691132750023143
17103,864691132750082023
17104,864691132750193028
17105,864691132750269138
17106,864691132750284468
17107,864691132750290025
17108,864691132750308839
17109,864691132750347875
17110,864691132750512871
17111,864691132750530452
17112,864691132750587880
17113,864691132750663655
17114,864691132750704359
17115,864691132750715368
17116,864691132750718951
17117,864691132750722659
17118,864691132750791556
17119,864691132750824245
17120,864691132750828001
17121,864691132750883559
17122,864691132750885223
17123,864691132750886503
17124,864691132750888295
17125,864691132750944355
17126,864691132750997859
17127,864691132751015911
17128,864691132751025255
17129,864691132751059550
17130,864691132751066727
17131,864691132751070132
17132,864691132751081063
17133,864691132751128725
17134,864691132751140908
17135,864691132751141269
17136,864691132751141731
17137,864691132751146796
17138,864691132751148844
17139,864691132751150124
17140,864691132751150380
17141,864691132751151404
17142,864691132751151916
17143,864691132751154476
17144,864691132751154732
17145,864691132751154988
17146,864691132751158828
17147,864691132751159340
17148,864691132751159596
17149,864691132751161132
17150,864691132751161644
17151,864691132751161900
17152,864691132751162668
17153,864691132751165228
17154,864691132751165484
17155,864691132751166764
17156,864691132751168044
17157,864691132751169580
17158,864691132751169836
17159,864691132751170604
17160,864691132751170770
17161,864691132751171116
17162,864691132751172908
17163,864691132751173420
17164,864691132751175212
17165,864691132751175724
17166,864691132751175980
17167,864691132751176492
17168,864691132751176748
17169,864691132751177004
17170,864691132751178796
17171,864691132751180844
17172,864691132751181100
17173,864691132751182892
17174,864691132751183404
17175,864691132751183660
17176,864691132751183916
17177,864691132751184428
17178,864691132751185964
17179,864691132751186220
17180,864691132751187244
17181,864691132751187756
17182,864691132751189036
17183,864691132751194156
17184,864691132751194668
17185,864691132751195436
17186,864691132751195948
17187,864691132751196460
17188,864691132751197228
17189,864691132751199020
17190,864691132751200044
17191,864691132751200556
17192,864691132751202348
17193,864691132751202604
17194,864691132751203116
17195,864691132751203687
17196,864691132751206188
17197,864691132751206444
17198,864691132751206700
17199,864691132751209260
17200,864691132751210540
17201,864691132751212076
17202,864691132751212844
17203,864691132751215660
17204,864691132751216940
17205,864691132751217452
17206,864691132751217964
17207,864691132751218220
17208,864691132751219244
17209,864691132751220524
17210,864691132751221804
17211,864691132751232615
17212,864691132751240232
17213,864691132751295267
17214,864691132751302947
17215,864691132751303459
17216,864691132751304483
17217,864691132751304739
17218,864691132751308067
17219,864691132751308835
17220,864691132751309347
17221,864691132751310371
17222,864691132751310883
17223,864691132751312931
17224,864691132751313699
17225,864691132751315747
17226,864691132751317223
17227,864691132751317776
17228,864691132751318819
17229,864691132751320355
17230,864691132751320611
17231,864691132751322915
17232,864691132751326243
17233,864691132751326499
17234,864691132751326755
17235,864691132751328803
17236,864691132751329059
17237,864691132751329315
17238,864691132751330851
17239,864691132751332899
17240,864691132751333155
17241,864691132751333411
17242,864691132751333667
17243,864691132751334179
17244,864691132751334691
17245,864691132751334947
17246,864691132751335203
17247,864691132751336227
17248,864691132751336995
17249,864691132751338275
17250,864691132751338531
17251,864691132751338787
17252,864691132751339555
17253,864691132751339811
17254,864691132751340067
17255,864691132751340323
17256,864691132751340835
17257,864691132751342371
17258,864691132751343651
17259,864691132751344675
17260,864691132751345443
17261,864691132751346723
17262,864691132751347431
17263,864691132751347747
17264,864691132751349795
17265,864691132751351331
17266,864691132751351843
17267,864691132751353123
17268,864691132751353635
17269,864691132751354403
17270,864691132751355427
17271,864691132751356707
17272,864691132751357987
17273,864691132751358243
17274,864691132751358499
17275,864691132751359011
17276,864691132751359267
17277,864691132751359779
17278,864691132751361571
17279,864691132751363107
17280,864691132751365411
17281,864691132751367459
17282,864691132751368483
17283,864691132751371752
17284,864691132751371811
17285,864691132751373671
17286,864691132751376419
17287,864691132751377955
17288,864691132751378723
17289,864691132751378979
17290,864691132751379176
17291,864691132751379491
17292,864691132751380515
17293,864691132751381283
17294,864691132751382051
17295,864691132751382307
17296,864691132751384355
17297,864691132751384611
17298,864691132751386147
17299,864691132751387171
17300,864691132751387427
17301,864691132751389475
17302,864691132751390243
17303,864691132751392547
17304,864691132751394339
17305,864691132751394851
17306,864691132751395107
17307,864691132751396387
17308,864691132751399715
17309,864691132751400227
17310,864691132751401960
17311,864691132751408675
17312,864691132751439916
17313,864691132751440172
17314,864691132751441196
17315,864691132751441452
17316,864691132751441964
17317,864691132751442220
17318,864691132751443244
17319,864691132751444780
17320,864691132751445804
17321,864691132751446060
17322,864691132751446316
17323,864691132751446572
17324,864691132751447084
17325,864691132751450156
17326,864691132751453484
17327,864691132751454183
17328,864691132751454252
17329,864691132751455020
17330,864691132751455788
17331,864691132751456300
17332,864691132751456556
17333,864691132751456812
17334,864691132751457068
17335,864691132751457324
17336,864691132751458092
17337,864691132751459116
17338,864691132751459628
17339,864691132751459884
17340,864691132751460140
17341,864691132751460396
17342,864691132751460652
17343,864691132751475175
17344,864691132751483436
17345,864691132751485740
17346,864691132751486252
17347,864691132751487532
17348,864691132751487788
17349,864691132751488556
17350,864691132751489836
17351,864691132751490092
17352,864691132751490348
17353,864691132751492396
17354,864691132751492908
17355,864691132751505196
17356,864691132751505708
17357,864691132751505964
17358,864691132751507244
17359,864691132751507756
17360,864691132751516259
17361,864691132751548263
17362,864691132751554258
17363,864691132751569251
17364,864691132751575421
17365,864691132751579171
17366,864691132751579939
17367,864691132751580451
17368,864691132751581731
17369,864691132751584035
17370,864691132751584803
17371,864691132751587363
17372,864691132751587619
17373,864691132751588899
17374,864691132751590179
17375,864691132751590435
17376,864691132751590947
17377,864691132751591203
17378,864691132751592227
17379,864691132751615463
17380,864691132751618403
17381,864691132751638371
17382,864691132751640611
17383,864691132751642915
17384,864691132751643427
17385,864691132751643939
17386,864691132751644963
17387,864691132751645731
17388,864691132751646499
17389,864691132751647335
17390,864691132751652643
17391,864691132751652899
17392,864691132751654179
17393,864691132751656686
17394,864691132751657983
17395,864691132751669742
17396,864691132751683427
17397,864691132751701351
17398,864691132751712617
17399,864691132751723623
17400,864691132751728739
17401,864691132751764462
17402,864691132751795710
17403,864691132751824739
17404,864691132751849860
17405,864691132751852264
17406,864691132751853612
17407,864691132751861892
17408,864691132751867747
17409,864691132751903108
17410,864691132751910888
17411,864691132751919909
17412,864691132751942788
17413,864691132751959395
17414,864691132751963235
17415,864691132751978750
17416,864691132751980542
17417,864691132751987710
17418,864691132751988222
17419,864691132751989758
17420,864691132751991550
17421,864691132751992574
17422,864691132751993854
17423,864691132751994622
17424,864691132751994878
17425,864691132751995646
17426,864691132751996670
17427,864691132751998206
17428,864691132751998974
17429,864691132751999230
17430,864691132751999742
17431,864691132752000510
17432,864691132752001534
17433,864691132752001790
17434,864691132752004094
17435,864691132752004350
17436,864691132752005118
17437,864691132752005374
17438,864691132752005886
17439,864691132752006398
17440,864691132752007422
17441,864691132752008190
17442,864691132752010494
17443,864691132752011262
17444,864691132752013822
17445,864691132752014078
17446,864691132752014590
17447,864691132752015358
17448,864691132752017150
17449,864691132752017918
17450,864691132752019454
17451,864691132752019710
17452,864691132752019966
17453,864691132752020222
17454,864691132752021758
17455,864691132752022014
17456,864691132752022270
17457,864691132752023550
17458,864691132752024574
17459,864691132752025086
17460,864691132752026366
17461,864691132752026878
17462,864691132752027390
17463,864691132752028158
17464,864691132752029694
17465,864691132752030206
17466,864691132752036606
17467,864691132752037630
17468,864691132752039166
17469,864691132752040702
17470,864691132752041726
17471,864691132752042494
17472,864691132752043774
17473,864691132752044286
17474,864691132752044542
17475,864691132752048126
17476,864691132752048638
17477,864691132752049406
17478,864691132752051198
17479,864691132752053497
17480,864691132752053758
17481,864691132752056318
17482,864691132752057854
17483,864691132752060670
17484,864691132752060926
17485,864691132752064766
17486,864691132752065278
17487,864691132752065534
17488,864691132752066302
17489,864691132752069118
17490,864691132752069630
17491,864691132752070910
17492,864691132752071422
17493,864691132752072702
17494,864691132752074238
17495,864691132752074494
17496,864691132752076542
17497,864691132752082791
17498,864691132752103459
17499,864691132752119395
17500,864691132752120767
17501,864691132752173667
17502,864691132752203363
17503,864691132752204387
17504,864691132752204643
17505,864691132752204899
17506,864691132752209895
17507,864691132752243454
17508,864691132752272894
17509,864691132752273383
17510,864691132752274430
17511,864691132752274686
17512,864691132752275198
17513,864691132752277246
17514,864691132752277502
17515,864691132752279038
17516,864691132752279550
17517,864691132752281342
17518,864691132752281854
17519,864691132752284670
17520,864691132752285438
17521,864691132752287486
17522,864691132752287742
17523,864691132752289790
17524,864691132752290046
17525,864691132752290302
17526,864691132752290814
17527,864691132752291070
17528,864691132752291582
17529,864691132752291838
17530,864691132752292094
17531,864691132752292606
17532,864691132752292862
17533,864691132752304931
17534,864691132752318974
17535,864691132752319998
17536,864691132752321534
17537,864691132752327468
17538,864691132752331623
17539,864691132752370151
17540,864691132752373364
17541,864691132752385383
17542,864691132752395442
17543,864691132752398258
17544,864691132752399335
17545,864691132752400306
17546,864691132752400818
17547,864691132752401074
17548,864691132752402098
17549,864691132752402354
17550,864691132752403634
17551,864691132752403890
17552,864691132752404402
17553,864691132752406194
17554,864691132752406962
17555,864691132752410034
17556,864691132752410546
17557,864691132752411314
17558,864691132752412338
17559,864691132752413618
17560,864691132752414130
17561,864691132752414386
17562,864691132752416690
17563,864691132752416946
17564,864691132752417458
17565,864691132752418994
17566,864691132752419365
17567,864691132752420606
17568,864691132752421810
17569,864691132752422066
17570,864691132752423602
17571,864691132752424114
17572,864691132752424882
17573,864691132752425054
17574,864691132752425138
17575,864691132752425394
17576,864691132752426162
17577,864691132752428210
17578,864691132752430002
17579,864691132752430258
17580,864691132752430514
17581,864691132752431538
17582,864691132752431794
17583,864691132752433842
17584,864691132752437170
17585,864691132752438194
17586,864691132752438450
17587,864691132752439218
17588,864691132752439474
17589,864691132752440754
17590,864691132752441010
17591,864691132752441778
17592,864691132752442546
17593,864691132752442802
17594,864691132752443058
17595,864691132752444082
17596,864691132752445362
17597,864691132752446130
17598,864691132752448946
17599,864691132752449202
17600,864691132752450339
17601,864691132752451762
17602,864691132752452274
17603,864691132752453042
17604,864691132752456114
17605,864691132752457394
17606,864691132752459186
17607,864691132752460722
17608,864691132752461234
17609,864691132752463026
17610,864691132752466610
17611,864691132752469426
17612,864691132752478951
17613,864691132752486631
17614,864691132752513262
17615,864691132752563828
17616,864691132752565876
17617,864691132752566132
17618,864691132752568692
17619,864691132752568814
17620,864691132752569460
17621,864691132752570996
17622,864691132752572788
17623,864691132752575860
17624,864691132752576372
17625,864691132752577396
17626,864691132752579188
17627,864691132752579700
17628,864691132752580724
17629,864691132752580980
17630,864691132752581492
17631,864691132752582260
17632,864691132752583284
17633,864691132752583796
17634,864691132752585588
17635,864691132752585772
17636,864691132752585844
17637,864691132752586100
17638,864691132752587892
17639,864691132752588404
17640,864691132752588660
17641,864691132752588916
17642,864691132752589940
17643,864691132752590196
17644,864691132752590452
17645,864691132752592756
17646,864691132752593268
17647,864691132752593524
17648,864691132752593780
17649,864691132752594804
17650,864691132752595060
17651,864691132752595316
17652,864691132752597876
17653,864691132752599668
17654,864691132752600948
17655,864691132752602996
17656,864691132752605044
17657,864691132752605556
17658,864691132752607348
17659,864691132752607604
17660,864691132752607720
17661,864691132752607860
17662,864691132752611700
17663,864691132752612212
17664,864691132752612468
17665,864691132752615028
17666,864691132752615796
17667,864691132752616564
17668,864691132752619636
17669,864691132752620660
17670,864691132752621940
17671,864691132752622708
17672,864691132752625012
17673,864691132752625268
17674,864691132752625330
17675,864691132752625842
17676,864691132752627634
17677,864691132752628340
17678,864691132752628658
17679,864691132752629108
17680,864691132752629170
17681,864691132752630450
17682,864691132752632180
17683,864691132752633010
17684,864691132752633266
17685,864691132752634484
17686,864691132752634546
17687,864691132752634740
17688,864691132752635058
17689,864691132752635314
17690,864691132752636276
17691,864691132752636594
17692,864691132752636788
17693,864691132752637106
17694,864691132752637300
17695,864691132752637362
17696,864691132752637618
17697,864691132752638324
17698,864691132752638898
17699,864691132752639154
17700,864691132752639666
17701,864691132752640178
17702,864691132752640690
17703,864691132752640946
17704,864691132752641458
17705,864691132752641652
17706,864691132752642164
17707,864691132752642676
17708,864691132752643956
17709,864691132752645236
17710,864691132752646004
17711,864691132752647028
17712,864691132752647284
17713,864691132752647540
17714,864691132752648308
17715,864691132752648820
17716,864691132752650356
17717,864691132752650418
17718,864691132752650612
17719,864691132752651636
17720,864691132752651892
17721,864691132752653684
17722,864691132752653940
17723,864691132752654055
17724,864691132752654196
17725,864691132752655476
17726,864691132752655732
17727,864691132752655988
17728,864691132752656756
17729,864691132752657524
17730,864691132752658548
17731,864691132752659572
17732,864691132752659828
17733,864691132752660084
17734,864691132752660852
17735,864691132752661876
17736,864691132752662132
17737,864691132752662388
17738,864691132752663924
17739,864691132752664692
17740,864691132752665204
17741,864691132752665460
17742,864691132752665972
17743,864691132752666228
17744,864691132752666484
17745,864691132752666996
17746,864691132752669044
17747,864691132752671348
17748,864691132752686062
17749,864691132752694194
17750,864691132752698862
17751,864691132752705908
17752,864691132752721150
17753,864691132752727730
17754,864691132752727986
17755,864691132752730290
17756,864691132752730802
17757,864691132752731826
17758,864691132752732850
17759,864691132752735410
17760,864691132752736434
17761,864691132752736690
17762,864691132752736946
17763,864691132752737458
17764,864691132752738226
17765,864691132752739506
17766,864691132752742066
17767,864691132752743422
17768,864691132752755634
17769,864691132752755890
17770,864691132752758194
17771,864691132752760039
17772,864691132752768103
17773,864691132752778356
17774,864691132752780263
17775,864691132752786195
17776,864691132752791154
17777,864691132752792039
17778,864691132752797543
17779,864691132752805118
17780,864691132752812660
17781,864691132752812916
17782,864691132752814452
17783,864691132752814964
17784,864691132752816500
17785,864691132752817012
17786,864691132752818548
17787,864691132752819244
17788,864691132752819316
17789,864691132752820596
17790,864691132752821620
17791,864691132752822644
17792,864691132752824692
17793,864691132752825716
17794,864691132752826228
17795,864691132752826996
17796,864691132752827252
17797,864691132752827508
17798,864691132752828788
17799,864691132752829812
17800,864691132752830580
17801,864691132752830836
17802,864691132752832372
17803,864691132752832884
17804,864691132752833396
17805,864691132752835188
17806,864691132752836212
17807,864691132752838260
17808,864691132752840564
17809,864691132752841588
17810,864691132752842100
17811,864691132752844404
17812,864691132752845428
17813,864691132752845684
17814,864691132752846452
17815,864691132752847988
17816,864691132752849012
17817,864691132752849524
17818,864691132752850036
17819,864691132752850804
17820,864691132752852084
17821,864691132752852596
17822,864691132752853620
17823,864691132752854900
17824,864691132752856692
17825,864691132752857204
17826,864691132752858996
17827,864691132752859252
17828,864691132752859508
17829,864691132752874238
17830,864691132752876135
17831,864691132752876978
17832,864691132752889204
17833,864691132752890228
17834,864691132752890484
17835,864691132752892532
17836,864691132752893044
17837,864691132752893300
17838,864691132752893556
17839,864691132752894324
17840,864691132752895860
17841,864691132752896116
17842,864691132752897908
17843,864691132752898164
17844,864691132752898420
17845,864691132752899444
17846,864691132752900468
17847,864691132752902004
17848,864691132752902772
17849,864691132752918563
17850,864691132752922384
17851,864691132752933351
17852,864691132752955058
17853,864691132752981758
17854,864691132752983790
17855,864691132753052768
17856,864691132753052926
17857,864691132753057255
17858,864691132753069799
17859,864691132753102002
17860,864691132753117416
17861,864691132753153652
17862,864691132753170670
17863,864691132753175783
17864,864691132753181159
17865,864691132753211374
17866,864691132753217511
17867,864691132753218348
17868,864691132753228647
17869,864691132753251175
17870,864691132753258215
17871,864691132753259240
17872,864691132753262636
17873,864691132753266354
17874,864691132753272039
17875,864691132753276903
17876,864691132753307427
17877,864691132753322494
17878,864691132753342130
17879,864691132753369891
17880,864691132753384424
17881,864691132753385332
17882,864691132753435367
17883,864691132753444606
17884,864691132753454115
17885,864691132753477863
17886,864691132753489895
17887,864691132753502439
17888,864691132753504999
17889,864691132753521268
17890,864691132753523528
17891,864691132753525991
17892,864691132753526759
17893,864691132753529838
17894,864691132753533543
17895,864691132753539628
17896,864691132753558375
17897,864691132753592830
17898,864691132753626912
17899,864691132753627232
17900,864691132753654316
17901,864691132753660398
17902,864691132753672520
17903,864691132753698553
17904,864691132753710183
17905,864691132753723495
17906,864691132753791085
17907,864691132753796384
17908,864691132753835246
17909,864691132753868067
17910,864691132753888556
17911,864691132753894179
17912,864691132753964526
17913,864691132754017059
17914,864691132754052590
17915,864691132754111532
17916,864691132754113315
17917,864691132754119400
17918,864691132754121516
17919,864691132754124722
17920,864691132754132206
17921,864691132754189428
17922,864691132754190627
17923,864691132754201460
17924,864691132754226023
17925,864691132754236414
17926,864691132754251308
17927,864691132754277923
17928,864691132754286078
17929,864691132754288126
17930,864691132754313439
17931,864691132754330668
17932,864691132754341630
17933,864691132754347820
17934,864691132754414078
17935,864691132754421292
17936,864691132754436862
17937,864691132754475820
17938,864691132754492460
17939,864691132754496044
17940,864691132754526243
17941,864691132754550560
17942,864691132754552423
17943,864691132754573347
17944,864691132754586484
17945,864691132754606590
17946,864691132754608172
17947,864691132754608818
17948,864691132754631724
17949,864691132754634028
17950,864691132754644658
17951,864691132754648498
17952,864691132754658083
17953,864691132754659107
17954,864691132754661667
17955,864691132754662142
17956,864691132754667218
17957,864691132754682440
17958,864691132754684926
17959,864691132754702695
17960,864691132754740071
17961,864691132754744620
17962,864691132754783335
17963,864691132754807550
17964,864691132754810740
17965,864691132754864500
17966,864691132754865187
17967,864691132754891698
17968,864691132754908707
17969,864691132754923262
17970,864691132754934782
17971,864691132754966782
17972,864691132754997036
17973,864691132755001266
17974,864691132755018238
17975,864691132755031084
17976,864691132755048680
17977,864691132755063596
17978,864691132755067508
17979,864691132755083111
17980,864691132755104044
17981,864691132755114599
17982,864691132755114930
17983,864691132755172530
17984,864691132755172724
17985,864691132755183026
17986,864691132755185150
17987,864691132755185708
17988,864691132755186476
17989,864691132755266164
17990,864691132755276978
17991,864691132755284734
17992,864691132755289010
17993,864691132755293287
17994,864691132755310380
17995,864691132755326718
17996,864691132755333759
17997,864691132755367090
17998,864691132755377524
17999,864691132755383924
18000,864691132755400370
18001,864691132755403892
18002,864691132755405310
18003,864691132755417838
18004,864691132755434162
18005,864691132755440562
18006,864691132755459762
18007,864691132755482110
18008,864691132755483646
18009,864691132755494762
18010,864691132755512968
18011,864691132755548670
18012,864691132755568999
18013,864691132755617714
18014,864691132755633586
18015,864691132755648016
18016,864691132755666741
18017,864691132755674996
18018,864691132755675314
18019,864691132755700990
18020,864691132755714164
18021,864691132755725746
18022,864691132755750142
18023,864691132755756210
18024,864691132755766014
18025,864691132755783602
18026,864691132755808254
18027,864691132755815540
18028,864691132755824490
18029,864691132755846382
18030,864691132755852722
18031,864691132755887026
18032,864691132755899508
18033,864691132755904900
18034,864691132755907566
18035,864691132755932020
18036,864691132755948526
18037,864691132755949234
18038,864691132756000178
18039,864691132756001127
18040,864691132756024242
18041,864691132756039602
18042,864691132756081268
18043,864691132756087986
18044,864691132756089320
18045,864691132756098226
18046,864691132756150423
18047,864691132756185460
18048,864691132756205428
18049,864691132756272500
18050,864691132756279401
18051,864691132756307572
18052,864691132756332384
18053,864691132756372084
18054,864691132756376692
18055,864691132756377460
18056,864691132756527255
18057,864691132756807656
18058,864691132756826856
18059,864691132756971336
18060,864691132757087850
18061,864691132757115858
18062,864691132757208286
18063,864691132757266535
18064,864691132757328004
18065,864691132757744421
18066,864691132757812456
18067,864691132757824744
18068,864691132757865960
18069,864691132757945476
18070,864691132757961566
18071,864691132757972718
18072,864691132758035307
18073,864691132758035819
18074,864691132758036587
18075,864691132758036843
18076,864691132758038891
18077,864691132758039403
18078,864691132758039659
18079,864691132758040683
18080,864691132758040939
18081,864691132758041451
18082,864691132758041963
18083,864691132758042219
18084,864691132758042731
18085,864691132758043243
18086,864691132758043755
18087,864691132758044523
18088,864691132758045547
18089,864691132758045803
18090,864691132758046059
18091,864691132758046315
18092,864691132758047083
18093,864691132758047851
18094,864691132758048363
18095,864691132758049643
18096,864691132758049899
18097,864691132758050667
18098,864691132758052203
18099,864691132758053227
18100,864691132758053739
18101,864691132758055275
18102,864691132758055531
18103,864691132758056043
18104,864691132758056555
18105,864691132758058091
18106,864691132758058603
18107,864691132758058859
18108,864691132758059371
18109,864691132758059627
18110,864691132758060395
18111,864691132758063211
18112,864691132758066283
18113,864691132758067819
18114,864691132758068075
18115,864691132758068587
18116,864691132758069867
18117,864691132758071659
18118,864691132758072171
18119,864691132758072427
18120,864691132758072683
18121,864691132758074987
18122,864691132758077035
18123,864691132758077803
18124,864691132758079083
18125,864691132758079595
18126,864691132758079851
18127,864691132758080107
18128,864691132758081131
18129,864691132758081387
18130,864691132758081643
18131,864691132758081899
18132,864691132758082155
18133,864691132758082667
18134,864691132758083691
18135,864691132758083947
18136,864691132758084971
18137,864691132758085995
18138,864691132758086251
18139,864691132758087531
18140,864691132758089067
18141,864691132758089323
18142,864691132758089579
18143,864691132758090603
18144,864691132758091627
18145,864691132758105582
18146,864691132758150251
18147,864691132758168884
18148,864691132758190463
18149,864691132758206827
18150,864691132758241899
18151,864691132758242411
18152,864691132758243691
18153,864691132758245483
18154,864691132758245739
18155,864691132758247275
18156,864691132758252395
18157,864691132758253931
18158,864691132758254443
18159,864691132758255723
18160,864691132758257515
18161,864691132758257771
18162,864691132758258027
18163,864691132758258283
18164,864691132758258539
18165,864691132758259636
18166,864691132758260331
18167,864691132758260587
18168,864691132758261099
18169,864691132758261355
18170,864691132758261867
18171,864691132758262123
18172,864691132758262379
18173,864691132758262635
18174,864691132758263147
18175,864691132758263403
18176,864691132758263659
18177,864691132758263915
18178,864691132758264171
18179,864691132758265963
18180,864691132758266219
18181,864691132758266475
18182,864691132758266731
18183,864691132758267243
18184,864691132758269035
18185,864691132758269291
18186,864691132758269547
18187,864691132758269803
18188,864691132758270059
18189,864691132758271083
18190,864691132758271851
18191,864691132758272107
18192,864691132758272619
18193,864691132758272875
18194,864691132758286439
18195,864691132758307691
18196,864691132758308458
18197,864691132758309738
18198,864691132758311275
18199,864691132758312042
18200,864691132758313579
18201,864691132758316395
18202,864691132758316649
18203,864691132758316907
18204,864691132758317163
18205,864691132758318443
18206,864691132758318699
18207,864691132758319211
18208,864691132758323306
18209,864691132758324074
18210,864691132758324331
18211,864691132758327914
18212,864691132758328426
18213,864691132758330474
18214,864691132758330730
18215,864691132758334314
18216,864691132758334570
18217,864691132758335028
18218,864691132758336308
18219,864691132758337386
18220,864691132758337642
18221,864691132758339690
18222,864691132758339946
18223,864691132758341684
18224,864691132758344042
18225,864691132758344298
18226,864691132758345268
18227,864691132758345780
18228,864691132758346346
18229,864691132758347114
18230,864691132758348138
18231,864691132758348650
18232,864691132758349620
18233,864691132758349674
18234,864691132758349876
18235,864691132758350698
18236,864691132758351466
18237,864691132758351978
18238,864691132758352234
18239,864691132758352692
18240,864691132758352746
18241,864691132758352948
18242,864691132758353770
18243,864691132758353972
18244,864691132758354026
18245,864691132758354282
18246,864691132758354484
18247,864691132758354740
18248,864691132758355050
18249,864691132758355508
18250,864691132758355562
18251,864691132758356074
18252,864691132758356586
18253,864691132758357610
18254,864691132758357812
18255,864691132758358068
18256,864691132758358836
18257,864691132758359146
18258,864691132758359402
18259,864691132758360116
18260,864691132758360372
18261,864691132758361450
18262,864691132758361908
18263,864691132758364522
18264,864691132758364980
18265,864691132758365236
18266,864691132758365802
18267,864691132758366058
18268,864691132758367338
18269,864691132758368564
18270,864691132758368618
18271,864691132758368874
18272,864691132758369076
18273,864691132758369844
18274,864691132758369898
18275,864691132758370868
18276,864691132758371434
18277,864691132758372148
18278,864691132758372404
18279,864691132758372660
18280,864691132758372970
18281,864691132758374250
18282,864691132758374452
18283,864691132758374506
18284,864691132758374708
18285,864691132758375476
18286,864691132758375988
18287,864691132758376042
18288,864691132758376500
18289,864691132758376756
18290,864691132758377012
18291,864691132758377524
18292,864691132758377578
18293,864691132758377780
18294,864691132758378804
18295,864691132758378858
18296,864691132758379626
18297,864691132758379828
18298,864691132758380340
18299,864691132758380906
18300,864691132758381108
18301,864691132758381364
18302,864691132758381620
18303,864691132758381674
18304,864691132758382442
18305,864691132758382698
18306,864691132758383668
18307,864691132758386740
18308,864691132758387050
18309,864691132758387252
18310,864691132758387562
18311,864691132758388276
18312,864691132758388330
18313,864691132758388532
18314,864691132758389354
18315,864691132758389866
18316,864691132758391092
18317,864691132758391348
18318,864691132758392884
18319,864691132758393450
18320,864691132758394420
18321,864691132758395754
18322,864691132758396468
18323,864691132758398004
18324,864691132758398516
18325,864691132758398772
18326,864691132758400308
18327,864691132758401076
18328,864691132758401332
18329,864691132758401588
18330,864691132758401844
18331,864691132758402100
18332,864691132758403124
18333,864691132758403380
18334,864691132758403636
18335,864691132758404148
18336,864691132758404404
18337,864691132758406708
18338,864691132758409780
18339,864691132758411060
18340,864691132758411316
18341,864691132758412596
18342,864691132758414644
18343,864691132758415412
18344,864691132758415668
18345,864691132758417204
18346,864691132758418740
18347,864691132758419508
18348,864691132758419764
18349,864691132758422068
18350,864691132758422324
18351,864691132758424116
18352,864691132758426164
18353,864691132758426676
18354,864691132758428724
18355,864691132758431028
18356,864691132758431796
18357,864691132758433332
18358,864691132758439220
18359,864691132758440756
18360,864691132758443060
18361,864691132758445876
18362,864691132758446388
18363,864691132758446900
18364,864691132758448692
18365,864691132758448999
18366,864691132758451252
18367,864691132758455092
18368,864691132758458164
18369,864691132758459956
18370,864691132758463028
18371,864691132758463284
18372,864691132758463540
18373,864691132758464820
18374,864691132758465076
18375,864691132758466100
18376,864691132758467892
18377,864691132758468148
18378,864691132758468404
18379,864691132758470196
18380,864691132758471732
18381,864691132758471988
18382,864691132758472244
18383,864691132758475316
18384,864691132758476596
18385,864691132758477876
18386,864691132758478388
18387,864691132758481716
18388,864691132758484020
18389,864691132758484532
18390,864691132758485044
18391,864691132758486580
18392,864691132758489140
18393,864691132758490932
18394,864691132758491188
18395,864691132758492724
18396,864691132758493236
18397,864691132758495284
18398,864691132758495540
18399,864691132758496052
18400,864691132758497332
18401,864691132758500148
18402,864691132758560362
18403,864691132758560618
18404,864691132758561130
18405,864691132758563178
18406,864691132758563946
18407,864691132758565482
18408,864691132758565738
18409,864691132758565994
18410,864691132758566506
18411,864691132758567786
18412,864691132758569578
18413,864691132758570858
18414,864691132758571370
18415,864691132758571882
18416,864691132758572138
18417,864691132758572650
18418,864691132758572906
18419,864691132758573418
18420,864691132758573930
18421,864691132758574186
18422,864691132758588522
18423,864691132758589546
18424,864691132758590826
18425,864691132758591850
18426,864691132758596970
18427,864691132758598762
18428,864691132758599018
18429,864691132758599274
18430,864691132758600042
18431,864691132758600298
18432,864691132758635060
18433,864691132758639412
18434,864691132758639668
18435,864691132758639924
18436,864691132758641716
18437,864691132758642228
18438,864691132758645095
18439,864691132758646068
18440,864691132758646580
18441,864691132758649652
18442,864691132758652468
18443,864691132758652724
18444,864691132758653748
18445,864691132758655028
18446,864691132758655284
18447,864691132758656052
18448,864691132758656308
18449,864691132758657076
18450,864691132758657844
18451,864691132758658100
18452,864691132758659124
18453,864691132758659636
18454,864691132758659892
18455,864691132758660148
18456,864691132758660404
18457,864691132758660660
18458,864691132758667879
18459,864691132758687540
18460,864691132758698090
18461,864691132758698292
18462,864691132758698548
18463,864691132758699060
18464,864691132758700340
18465,864691132758700596
18466,864691132758705204
18467,864691132758705972
18468,864691132758706740
18469,864691132758709230
18470,864691132758709300
18471,864691132758713908
18472,864691132758717492
18473,864691132758718004
18474,864691132758727634
18475,864691132758744167
18476,864691132758789664
18477,864691132758800765
18478,864691132758825835
18479,864691132758871604
18480,864691132758873908
18481,864691132758891240
18482,864691132758893700
18483,864691132758949684
18484,864691132758951882
18485,864691132758971755
18486,864691132758990953
18487,864691132759024747
18488,864691132759027563
18489,864691132759042410
18490,864691132759050091
18491,864691132759059562
18492,864691132759247336
18493,864691132759310187
18494,864691132759323189
18495,864691132759364202
18496,864691132759447022
18497,864691132759491690
18498,864691132759511624
18499,864691132759524660
18500,864691132759590437
18501,864691132759692932
18502,864691132759701610
18503,864691132759769042
18504,864691132759817012
18505,864691132759846137
18506,864691132759892020
18507,864691132759894634
18508,864691132759907282
18509,864691132759948932
18510,864691132759955051
18511,864691132759964808
18512,864691132759982724
18513,864691132760033716
18514,864691132760037739
18515,864691132760037764
18516,864691132760054452
18517,864691132760081204
18518,864691132760096644
18519,864691132760103812
18520,864691132760138277
18521,864691132760236340
18522,864691132760272990
18523,864691132760279134
18524,864691132760280670
18525,864691132760281182
18526,864691132760281438
18527,864691132760281950
18528,864691132760283486
18529,864691132760283998
18530,864691132760284766
18531,864691132760286558
18532,864691132760287582
18533,864691132760288094
18534,864691132760289118
18535,864691132760291166
18536,864691132760292190
18537,864691132760292446
18538,864691132760293470
18539,864691132760294750
18540,864691132760295262
18541,864691132760296030
18542,864691132760297054
18543,864691132760297566
18544,864691132760297822
18545,864691132760298334
18546,864691132760299614
18547,864691132760299870
18548,864691132760300382
18549,864691132760300907
18550,864691132760301406
18551,864691132760301918
18552,864691132760302430
18553,864691132760302686
18554,864691132760302942
18555,864691132760303198
18556,864691132760305246
18557,864691132760307038
18558,864691132760307806
18559,864691132760308318
18560,864691132760308830
18561,864691132760311646
18562,864691132760313950
18563,864691132760315486
18564,864691132760315742
18565,864691132760316510
18566,864691132760317534
18567,864691132760318558
18568,864691132760318571
18569,864691132760319326
18570,864691132760320606
18571,864691132760320862
18572,864691132760321886
18573,864691132760324446
18574,864691132760326750
18575,864691132760327262
18576,864691132760328798
18577,864691132760332638
18578,864691132760333406
18579,864691132760335198
18580,864691132760338014
18581,864691132760338270
18582,864691132760339806
18583,864691132760340318
18584,864691132760340574
18585,864691132760340830
18586,864691132760342878
18587,864691132760343134
18588,864691132760343390
18589,864691132760343902
18590,864691132760345182
18591,864691132760347486
18592,864691132760347998
18593,864691132760349790
18594,864691132760351582
18595,864691132760353374
18596,864691132760354910
18597,864691132760356958
18598,864691132760357982
18599,864691132760360030
18600,864691132760360542
18601,864691132760360798
18602,864691132760361054
18603,864691132760362846
18604,864691132760364382
18605,864691132760364894
18606,864691132760365662
18607,864691132760369246
18608,864691132760370270
18609,864691132760372318
18610,864691132760372574
18611,864691132760377438
18612,864691132760377694
18613,864691132760378462
18614,864691132760380766
18615,864691132760382302
18616,864691132760401259
18617,864691132760416107
18618,864691132760500655
18619,864691132760511339
18620,864691132760516446
18621,864691132760569950
18622,864691132760570206
18623,864691132760570462
18624,864691132760571486
18625,864691132760571998
18626,864691132760574046
18627,864691132760574814
18628,864691132760575582
18629,864691132760576606
18630,864691132760577374
18631,864691132760578142
18632,864691132760578398
18633,864691132760579166
18634,864691132760579422
18635,864691132760594782
18636,864691132760595038
18637,864691132760596318
18638,864691132760598622
18639,864691132760605022
18640,864691132760605278
18641,864691132760605534
18642,864691132760606814
18643,864691132760607070
18644,864691132760608094
18645,864691132760608862
18646,864691132760609886
18647,864691132760610142
18648,864691132760610654
18649,864691132760610910
18650,864691132760611166
18651,864691132760611422
18652,864691132760651115
18653,864691132760671464
18654,864691132760673256
18655,864691132760687978
18656,864691132760692103
18657,864691132760695943
18658,864691132760698759
18659,864691132760698987
18660,864691132760700295
18661,864691132760701319
18662,864691132760703367
18663,864691132760704647
18664,864691132760704903
18665,864691132760705159
18666,864691132760706439
18667,864691132760707719
18668,864691132760707975
18669,864691132760708999
18670,864691132760710279
18671,864691132760711559
18672,864691132760711815
18673,864691132760712583
18674,864691132760714472
18675,864691132760714631
18676,864691132760715655
18677,864691132760716167
18678,864691132760716423
18679,864691132760716935
18680,864691132760717191
18681,864691132760717959
18682,864691132760718471
18683,864691132760718983
18684,864691132760719495
18685,864691132760720007
18686,864691132760720519
18687,864691132760722311
18688,864691132760722823
18689,864691132760723335
18690,864691132760724103
18691,864691132760730503
18692,864691132760731271
18693,864691132760731527
18694,864691132760733319
18695,864691132760734343
18696,864691132760735367
18697,864691132760736903
18698,864691132760738439
18699,864691132760738951
18700,864691132760739207
18701,864691132760739463
18702,864691132760740660
18703,864691132760740999
18704,864691132760741767
18705,864691132760743559
18706,864691132760744071
18707,864691132760744327
18708,864691132760745351
18709,864691132760746887
18710,864691132760747399
18711,864691132760748167
18712,864691132760748935
18713,864691132760749703
18714,864691132760749959
18715,864691132760752007
18716,864691132760752519
18717,864691132760753543
18718,864691132760754055
18719,864691132760754311
18720,864691132760755591
18721,864691132760757639
18722,864691132760759687
18723,864691132760761479
18724,864691132760761991
18725,864691132760762503
18726,864691132760762759
18727,864691132760763015
18728,864691132760763271
18729,864691132760764142
18730,864691132760764551
18731,864691132760765575
18732,864691132760766087
18733,864691132760769415
18734,864691132760769671
18735,864691132760770439
18736,864691132760770951
18737,864691132760771207
18738,864691132760771463
18739,864691132760772743
18740,864691132760774279
18741,864691132760774535
18742,864691132760775559
18743,864691132760777351
18744,864691132760777863
18745,864691132760778375
18746,864691132760779399
18747,864691132760781447
18748,864691132760782727
18749,864691132760782983
18750,864691132760784263
18751,864691132760786055
18752,864691132760787335
18753,864691132760789127
18754,864691132760789895
18755,864691132760790919
18756,864691132760791146
18757,864691132760791431
18758,864691132760791943
18759,864691132760792711
18760,864691132760792967
18761,864691132760795015
18762,864691132760796295
18763,864691132760797575
18764,864691132760798343
18765,864691132760798855
18766,864691132760802183
18767,864691132760803975
18768,864691132760804202
18769,864691132760806763
18770,864691132760807815
18771,864691132760808327
18772,864691132760811911
18773,864691132760813447
18774,864691132760813959
18775,864691132760814727
18776,864691132760815751
18777,864691132760819335
18778,864691132760821383
18779,864691132760822151
18780,864691132760822919
18781,864691132760825991
18782,864691132760827271
18783,864691132760828295
18784,864691132760828551
18785,864691132760829319
18786,864691132760829572
18787,864691132760831623
18788,864691132760835204
18789,864691132760835719
18790,864691132760836231
18791,864691132760838023
18792,864691132760839815
18793,864691132760840583
18794,864691132760841095
18795,864691132760843399
18796,864691132760843655
18797,864691132760844139
18798,864691132760844679
18799,864691132760847492
18800,864691132760855146
18801,864691132760867972
18802,864691132760875652
18803,864691132760884586
18804,864691132760890474
18805,864691132760901684
18806,864691132760907882
18807,864691132760935476
18808,864691132760972650
18809,864691132760973620
18810,864691132760995719
18811,864691132760995975
18812,864691132760996743
18813,864691132760997255
18814,864691132760998279
18815,864691132760998791
18816,864691132760999559
18817,864691132761001095
18818,864691132761001863
18819,864691132761002887
18820,864691132761003655
18821,864691132761004167
18822,864691132761004423
18823,864691132761005444
18824,864691132761006686
18825,864691132761020039
18826,864691132761022315
18827,864691132761022599
18828,864691132761023623
18829,864691132761026868
18830,864691132761027179
18831,864691132761030535
18832,864691132761030791
18833,864691132761031047
18834,864691132761031303
18835,864691132761031559
18836,864691132761032839
18837,864691132761033351
18838,864691132761036167
18839,864691132761036679
18840,864691132761037191
18841,864691132761039239
18842,864691132761040007
18843,864691132761040519
18844,864691132761041031
18845,864691132761041543
18846,864691132761041799
18847,864691132761043079
18848,864691132761044615
18849,864691132761100907
18850,864691132761102901
18851,864691132761176682
18852,864691132761182059
18853,864691132761187934
18854,864691132761219636
18855,864691132761232491
18856,864691132761256298
18857,864691132761259828
18858,864691132761260139
18859,864691132761277547
18860,864691132761311082
18861,864691132761335604
18862,864691132761355132
18863,864691132761376874
18864,864691132761401140
18865,864691132761402164
18866,864691132761444148
18867,864691132761459306
18868,864691132761459819
18869,864691132761468724
18870,864691132761480042
18871,864691132761481066
18872,864691132761483060
18873,864691132761484138
18874,864691132761488180
18875,864691132761493355
18876,864691132761504106
18877,864691132761514631
18878,864691132761526324
18879,864691132761527716
18880,864691132761543530
18881,864691132761554538
18882,864691132761560884
18883,864691132761576501
18884,864691132761622580
18885,864691132761624170
18886,864691132761645930
18887,864691132761690834
18888,864691132761692468
18889,864691132761705317
18890,864691132761722218
18891,864691132761722730
18892,864691132761770346
18893,864691132761780330
18894,864691132761819242
18895,864691132761880116
18896,864691132761898334
18897,864691132761924190
18898,864691132761937258
18899,864691132761943348
18900,864691132761963626
18901,864691132762049332
18902,864691132762052190
18903,864691132762151559
18904,864691132762228915
18905,864691132762229683
18906,864691132762230451
18907,864691132762230707
18908,864691132762231475
18909,864691132762232243
18910,864691132762233011
18911,864691132762234035
18912,864691132762234547
18913,864691132762235059
18914,864691132762237875
18915,864691132762238131
18916,864691132762238387
18917,864691132762238899
18918,864691132762239667
18919,864691132762241203
18920,864691132762241971
18921,864691132762245555
18922,864691132762246067
18923,864691132762247091
18924,864691132762248115
18925,864691132762248371
18926,864691132762248883
18927,864691132762251443
18928,864691132762254003
18929,864691132762254259
18930,864691132762255027
18931,864691132762256819
18932,864691132762257331
18933,864691132762257587
18934,864691132762257843
18935,864691132762258099
18936,864691132762258311
18937,864691132762260147
18938,864691132762260659
18939,864691132762261171
18940,864691132762262451
18941,864691132762262707
18942,864691132762263475
18943,864691132762265011
18944,864691132762266291
18945,864691132762267571
18946,864691132762269107
18947,864691132762269875
18948,864691132762271155
18949,864691132762272691
18950,864691132762274995
18951,864691132762275507
18952,864691132762276531
18953,864691132762277043
18954,864691132762277299
18955,864691132762280371
18956,864691132762280883
18957,864691132762281395
18958,864691132762283955
18959,864691132762284467
18960,864691132762285491
18961,864691132762286771
18962,864691132762289587
18963,864691132762291635
18964,864691132762292915
18965,864691132762293171
18966,864691132762295987
18967,864691132762297267
18968,864691132762298803
18969,864691132762299827
18970,864691132762300595
18971,864691132762304947
18972,864691132762308531
18973,864691132762310067
18974,864691132762314419
18975,864691132762316467
18976,864691132762317235
18977,864691132762318259
18978,864691132762319039
18979,864691132762321331
18980,864691132762321587
18981,864691132762321843
18982,864691132762323123
18983,864691132762323379
18984,864691132762324403
18985,864691132762325427
18986,864691132762326963
18987,864691132762327219
18988,864691132762327731
18989,864691132762327987
18990,864691132762328755
18991,864691132762330547
18992,864691132762331827
18993,864691132762332083
18994,864691132762332595
18995,864691132762332851
18996,864691132762334387
18997,864691132762334899
18998,864691132762335667
18999,864691132762336435
19000,864691132762338483
19001,864691132762338739
19002,864691132762340531
19003,864691132762341299
19004,864691132762342579
19005,864691132762343859
19006,864691132762344371
19007,864691132762345395
19008,864691132762347187
19009,864691132762429394
19010,864691132762432947
19011,864691132762439015
19012,864691132762456455
19013,864691132762465774
19014,864691132762469767
19015,864691132762478515
19016,864691132762479027
19017,864691132762480563
19018,864691132762481075
19019,864691132762481587
19020,864691132762483123
19021,864691132762483891
19022,864691132762484659
19023,864691132762485171
19024,864691132762493512
19025,864691132762533043
19026,864691132762535347
19027,864691132762542771
19028,864691132762543283
19029,864691132762543539
19030,864691132762544051
19031,864691132762545075
19032,864691132762545843
19033,864691132762546355
19034,864691132762546867
19035,864691132762547891
19036,864691132762548403
19037,864691132762557575
19038,864691132762579891
19039,864691132762596112
19040,864691132762612552
19041,864691132762613695
19042,864691132762641282
19043,864691132762641538
19044,864691132762642562
19045,864691132762644866
19046,864691132762645890
19047,864691132762647732
19048,864691132762648450
19049,864691132762649218
19050,864691132762649474
19051,864691132762650242
19052,864691132762652546
19053,864691132762654850
19054,864691132762655618
19055,864691132762656130
19056,864691132762656898
19057,864691132762657666
19058,864691132762659458
19059,864691132762661762
19060,864691132762665090
19061,864691132762667138
19062,864691132762667394
19063,864691132762668674
19064,864691132762669186
19065,864691132762669442
19066,864691132762671234
19067,864691132762671746
19068,864691132762672514
19069,864691132762672770
19070,864691132762673282
19071,864691132762673794
19072,864691132762674050
19073,864691132762675842
19074,864691132762678146
19075,864691132762679426
19076,864691132762680962
19077,864691132762681694
19078,864691132762681730
19079,864691132762684802
19080,864691132762685058
19081,864691132762686082
19082,864691132762687106
19083,864691132762687618
19084,864691132762689666
19085,864691132762689922
19086,864691132762691714
19087,864691132762691975
19088,864691132762693250
19089,864691132762694274
19090,864691132762695615
19091,864691132762696066
19092,864691132762697346
19093,864691132762697602
19094,864691132762699650
19095,864691132762699906
19096,864691132762700162
19097,864691132762701186
19098,864691132762711426
19099,864691132762715327
19100,864691132762794628
19101,864691132762797759
19102,864691132762798015
19103,864691132762800319
19104,864691132762801087
19105,864691132762802623
19106,864691132762802879
19107,864691132762805183
19108,864691132762808414
19109,864691132762811839
19110,864691132762813394
19111,864691132762814143
19112,864691132762815935
19113,864691132762816191
19114,864691132762816959
19115,864691132762818495
19116,864691132762819775
19117,864691132762820031
19118,864691132762820799
19119,864691132762821506
19120,864691132762821762
19121,864691132762822079
19122,864691132762822335
19123,864691132762823871
19124,864691132762824834
19125,864691132762824895
19126,864691132762825090
19127,864691132762825151
19128,864691132762825346
19129,864691132762828991
19130,864691132762829759
19131,864691132762830271
19132,864691132762830783
19133,864691132762835135
19134,864691132762835647
19135,864691132762836434
19136,864691132762836671
19137,864691132762836927
19138,864691132762837439
19139,864691132762838719
19140,864691132762839231
19141,864691132762841791
19142,864691132762842047
19143,864691132762842303
19144,864691132762842815
19145,864691132762845108
19146,864691132762845375
19147,864691132762845887
19148,864691132762848191
19149,864691132762849215
19150,864691132762849471
19151,864691132762850434
19152,864691132762851263
19153,864691132762853567
19154,864691132762853823
19155,864691132762855615
19156,864691132762855871
19157,864691132762856578
19158,864691132762856834
19159,864691132762856895
19160,864691132762857346
19161,864691132762859138
19162,864691132762859455
19163,864691132762859967
19164,864691132762861186
19165,864691132762861247
19166,864691132762862015
19167,864691132762862978
19168,864691132762864063
19169,864691132762864831
19170,864691132762866623
19171,864691132762867647
19172,864691132762868415
19173,864691132762868671
19174,864691132762870402
19175,864691132762870658
19176,864691132762871170
19177,864691132762871743
19178,864691132762872194
19179,864691132762872511
19180,864691132762873218
19181,864691132762873474
19182,864691132762873986
19183,864691132762874498
19184,864691132762874559
19185,864691132762874754
19186,864691132762875010
19187,864691132762875071
19188,864691132762875266
19189,864691132762876351
19190,864691132762878399
19191,864691132762878594
19192,864691132762878850
19193,864691132762879362
19194,864691132762879679
19195,864691132762880350
19196,864691132762880386
19197,864691132762880642
19198,864691132762881154
19199,864691132762881666
19200,864691132762882178
19201,864691132762882751
19202,864691132762885055
19203,864691132762887615
19204,864691132762888383
19205,864691132762889407
19206,864691132762890687
19207,864691132762891199
19208,864691132762891711
19209,864691132762899586
19210,864691132762900612
19211,864691132762903911
19212,864691132762905438
19213,864691132762953822
19214,864691132762992734
19215,864691132763015571
19216,864691132763069375
19217,864691132763071423
19218,864691132763072703
19219,864691132763075007
19220,864691132763075519
19221,864691132763076287
19222,864691132763076799
19223,864691132763077311
19224,864691132763077823
19225,864691132763079615
19226,864691132763079871
19227,864691132763080383
19228,864691132763080639
19229,864691132763092705
19230,864691132763122526
19231,864691132763124927
19232,864691132763126463
19233,864691132763126719
19234,864691132763127231
19235,864691132763127487
19236,864691132763128244
19237,864691132763129279
19238,864691132763130047
19239,864691132763132095
19240,864691132763133375
19241,864691132763134399
19242,864691132763137983
19243,864691132763140031
19244,864691132763140287
19245,864691132763140799
19246,864691132763160455
19247,864691132763179489
19248,864691132763208295
19249,864691132763245703
19250,864691132763317086
19251,864691132763319646
19252,864691132763366068
19253,864691132763368583
19254,864691132763424647
19255,864691132763442306
19256,864691132763477742
19257,864691132763478919
19258,864691132763487582
19259,864691132763511134
19260,864691132763524231
19261,864691132763525074
19262,864691132763574146
19263,864691132763582567
19264,864691132763597698
19265,864691132763615726
19266,864691132763636830
19267,864691132763659143
19268,864691132763664831
19269,864691132763750750
19270,864691132763754887
19271,864691132763757703
19272,864691132763763340
19273,864691132763778654
19274,864691132763799431
19275,864691132763842142
19276,864691132763868028
19277,864691132763871367
19278,864691132763873118
19279,864691132763891806
19280,864691132763910791
19281,864691132763936391
19282,864691132763971294
19283,864691132763973255
19284,864691132763978718
19285,864691132763993182
19286,864691132764032606
19287,864691132764068275
19288,864691132764082311
19289,864691132764103656
19290,864691132764152455
19291,864691132764196487
19292,864691132764199774
19293,864691132764217950
19294,864691132764226398
19295,864691132764233084
19296,864691132764246110
19297,864691132764248455
19298,864691132764251315
19299,864691132764253364
19300,864691132764311646
19301,864691132764318302
19302,864691132764336990
19303,864691132764356999
19304,864691132764365954
19305,864691132764372318
19306,864691132764422894
19307,864691132764432051
19308,864691132764487615
19309,864691132764495239
19310,864691132764499891
19311,864691132764542087
19312,864691132764548999
19313,864691132764590215
19314,864691132764621703
19315,864691132764627123
19316,864691132764628147
19317,864691132764657794
19318,864691132764658823
19319,864691132764660103
19320,864691132764684723
19321,864691132764786879
19322,864691132764838835
19323,864691132764857535
19324,864691132764864272
19325,864691132764879039
19326,864691132764899360
19327,864691132764918463
19328,864691132764953791
19329,864691132764997043
19330,864691132765064639
19331,864691132765073343
19332,864691132765081267
19333,864691132765113779
19334,864691132765119423
19335,864691132765178303
19336,864691132765181107
19337,864691132765193407
19338,864691132765197235
19339,864691132765221812
19340,864691132765222018
19341,864691132765296563
19342,864691132765300147
19343,864691132765330818
19344,864691132765366402
19345,864691132765377518
19346,864691132765412482
19347,864691132765420735
19348,864691132765428659
19349,864691132765439381
19350,864691132765443714
19351,864691132765557122
19352,864691132765590375
19353,864691132765611881
19354,864691132765624706
19355,864691132765629619
19356,864691132765652159
19357,864691132765657730
19358,864691132765658242
19359,864691132765664130
19360,864691132765693314
19361,864691132765695679
19362,864691132765708708
19363,864691132765750195
19364,864691132765789875
19365,864691132765794227
19366,864691132765812354
19367,864691132765818815
19368,864691132765822850
19369,864691132765827251
19370,864691132765840831
19371,864691132765843123
19372,864691132765901747
19373,864691132765902466
19374,864691132765905076
19375,864691132765913986
19376,864691132765925311
19377,864691132765932467
19378,864691132765934722
19379,864691132765935490
19380,864691132765938306
19381,864691132765955970
19382,864691132765956608
19383,864691132765961346
19384,864691132766024834
19385,864691132766026496
19386,864691132766035135
19387,864691132766081666
19388,864691132766120997
19389,864691132766121509
19390,864691132766123813
19391,864691132766127909
19392,864691132766128677
19393,864691132766129189
19394,864691132766129445
19395,864691132766129701
19396,864691132766130469
19397,864691132766130981
19398,864691132766131493
19399,864691132766131749
19400,864691132766134821
19401,864691132766135845
19402,864691132766136357
19403,864691132766137893
19404,864691132766138149
19405,864691132766139173
19406,864691132766142757
19407,864691132766143781
19408,864691132766145317
19409,864691132766145829
19410,864691132766148133
19411,864691132766150181
19412,864691132766151461
19413,864691132766151717
19414,864691132766153253
19415,864691132766153740
19416,864691132766154277
19417,864691132766157093
19418,864691132766157324
19419,864691132766157605
19420,864691132766158629
19421,864691132766159372
19422,864691132766159397
19423,864691132766160165
19424,864691132766160231
19425,864691132766160677
19426,864691132766161957
19427,864691132766162213
19428,864691132766163237
19429,864691132766163749
19430,864691132766165516
19431,864691132766166309
19432,864691132766166565
19433,864691132766167564
19434,864691132766167589
19435,864691132766167820
19436,864691132766168357
19437,864691132766169125
19438,864691132766169356
19439,864691132766170149
19440,864691132766170917
19441,864691132766171429
19442,864691132766172172
19443,864691132766172940
19444,864691132766174245
19445,864691132766174732
19446,864691132766175244
19447,864691132766175269
19448,864691132766175500
19449,864691132766175525
19450,864691132766176268
19451,864691132766176524
19452,864691132766177061
19453,864691132766178597
19454,864691132766179365
19455,864691132766180389
19456,864691132766180901
19457,864691132766181388
19458,864691132766181644
19459,864691132766181669
19460,864691132766182181
19461,864691132766182668
19462,864691132766183692
19463,864691132766184204
19464,864691132766184460
19465,864691132766184716
19466,864691132766184997
19467,864691132766185484
19468,864691132766185996
19469,864691132766186252
19470,864691132766186277
19471,864691132766187020
19472,864691132766187532
19473,864691132766187813
19474,864691132766188812
19475,864691132766190092
19476,864691132766190860
19477,864691132766191372
19478,864691132766191628
19479,864691132766192421
19480,864691132766192652
19481,864691132766193420
19482,864691132766193676
19483,864691132766193932
19484,864691132766194213
19485,864691132766194981
19486,864691132766195237
19487,864691132766195980
19488,864691132766197516
19489,864691132766198028
19490,864691132766198309
19491,864691132766198565
19492,864691132766201125
19493,864691132766201612
19494,864691132766201637
19495,864691132766204197
19496,864691132766204965
19497,864691132766205452
19498,864691132766205989
19499,864691132766206245
19500,864691132766206501
19501,864691132766207500
19502,864691132766208012
19503,864691132766208805
19504,864691132766209036
19505,864691132766209061
19506,864691132766209292
19507,864691132766209804
19508,864691132766210060
19509,864691132766211365
19510,864691132766211596
19511,864691132766212133
19512,864691132766212645
19513,864691132766212876
19514,864691132766213132
19515,864691132766213413
19516,864691132766213669
19517,864691132766214412
19518,864691132766214668
19519,864691132766216229
19520,864691132766216485
19521,864691132766217996
19522,864691132766219557
19523,864691132766220837
19524,864691132766221324
19525,864691132766221580
19526,864691132766221861
19527,864691132766223397
19528,864691132766223909
19529,864691132766224140
19530,864691132766225164
19531,864691132766225189
19532,864691132766225701
19533,864691132766226700
19534,864691132766226725
19535,864691132766227212
19536,864691132766227724
19537,864691132766227749
19538,864691132766228748
19539,864691132766229516
19540,864691132766230540
19541,864691132766230796
19542,864691132766231564
19543,864691132766231820
19544,864691132766233356
19545,864691132766233612
19546,864691132766233868
19547,864691132766237964
19548,864691132766239244
19549,864691132766240012
19550,864691132766261951
19551,864691132766281765
19552,864691132766303362
19553,864691132766317861
19554,864691132766330661
19555,864691132766362149
19556,864691132766362661
19557,864691132766363173
19558,864691132766363685
19559,864691132766363941
19560,864691132766364965
19561,864691132766365733
19562,864691132766367269
19563,864691132766368037
19564,864691132766368805
19565,864691132766369061
19566,864691132766370085
19567,864691132766375461
19568,864691132766391682
19569,864691132766407948
19570,864691132766415490
19571,864691132766421122
19572,864691132766425356
19573,864691132766425868
19574,864691132766426892
19575,864691132766426917
19576,864691132766427148
19577,864691132766427660
19578,864691132766428684
19579,864691132766429196
19580,864691132766429964
19581,864691132766430220
19582,864691132766430501
19583,864691132766430988
19584,864691132766431167
19585,864691132766432268
19586,864691132766432780
19587,864691132766433036
19588,864691132766433804
19589,864691132766434060
19590,864691132766434597
19591,864691132766434853
19592,864691132766435084
19593,864691132766435109
19594,864691132766435596
19595,864691132766436364
19596,864691132766437900
19597,864691132766438668
19598,864691132766438924
19599,864691132766440229
19600,864691132766440716
19601,864691132766440741
19602,864691132766441740
19603,864691132766443020
19604,864691132766443276
19605,864691132766443301
19606,864691132766444556
19607,864691132766444812
19608,864691132766444837
19609,864691132766445324
19610,864691132766445580
19611,864691132766445836
19612,864691132766446348
19613,864691132766446604
19614,864691132766447884
19615,864691132766448140
19616,864691132766448908
19617,864691132766449932
19618,864691132766450188
19619,864691132766450700
19620,864691132766460725
19621,864691132766461119
19622,864691132766466316
19623,864691132766466572
19624,864691132766468108
19625,864691132766468364
19626,864691132766468620
19627,864691132766469132
19628,864691132766469388
19629,864691132766470668
19630,864691132766471180
19631,864691132766473228
19632,864691132766473484
19633,864691132766473996
19634,864691132766474764
19635,864691132766475020
19636,864691132766476300
19637,864691132766477324
19638,864691132766477580
19639,864691132766477836
19640,864691132766479372
19641,864691132766481932
19642,864691132766482956
19643,864691132766484492
19644,864691132766485004
19645,864691132766485772
19646,864691132766486284
19647,864691132766487308
19648,864691132766487564
19649,864691132766490380
19650,864691132766490892
19651,864691132766491404
19652,864691132766491660
19653,864691132766538175
19654,864691132766547135
19655,864691132766573836
19656,864691132766579016
19657,864691132766622457
19658,864691132766667385
19659,864691132766974732
19660,864691132766987813
19661,864691132767010828
19662,864691132767010853
19663,864691132767174052
19664,864691132767275045
19665,864691132767307169
19666,864691132767377932
19667,864691132767425757
19668,864691132767433325
19669,864691132767451553
19670,864691132767451809
19671,864691132767452437
19672,864691132767507361
19673,864691132767508385
19674,864691132767512225
19675,864691132767517345
19676,864691132767517601
19677,864691132767518113
19678,864691132767518881
19679,864691132767519393
19680,864691132767520161
19681,864691132767520929
19682,864691132767521185
19683,864691132767523489
19684,864691132767524257
19685,864691132767524513
19686,864691132767526561
19687,864691132767527073
19688,864691132767529377
19689,864691132767529633
19690,864691132767529889
19691,864691132767531169
19692,864691132767531937
19693,864691132767532449
19694,864691132767532961
19695,864691132767533729
19696,864691132767534497
19697,864691132767536289
19698,864691132767538337
19699,864691132767539617
19700,864691132767539873
19701,864691132767540641
19702,864691132767542177
19703,864691132767542433
19704,864691132767543457
19705,864691132767543713
19706,864691132767543969
19707,864691132767544225
19708,864691132767544737
19709,864691132767545249
19710,864691132767545505
19711,864691132767545761
19712,864691132767546017
19713,864691132767547553
19714,864691132767547809
19715,864691132767548321
19716,864691132767548833
19717,864691132767549089
19718,864691132767549345
19719,864691132767549601
19720,864691132767550881
19721,864691132767553697
19722,864691132767553953
19723,864691132767554721
19724,864691132767555489
19725,864691132767556257
19726,864691132767557537
19727,864691132767558561
19728,864691132767559073
19729,864691132767559329
19730,864691132767561121
19731,864691132767562145
19732,864691132767562549
19733,864691132767563425
19734,864691132767564193
19735,864691132767564705
19736,864691132767565217
19737,864691132767567009
19738,864691132767567521
19739,864691132767569825
19740,864691132767570593
19741,864691132767570849
19742,864691132767571105
19743,864691132767571361
19744,864691132767572897
19745,864691132767573921
19746,864691132767574689
19747,864691132767574945
19748,864691132767575713
19749,864691132767576737
19750,864691132767576993
19751,864691132767578785
19752,864691132767579041
19753,864691132767580833
19754,864691132767581857
19755,864691132767584673
19756,864691132767585953
19757,864691132767586721
19758,864691132767590049
19759,864691132767592865
19760,864691132767594913
19761,864691132767596705
19762,864691132767597473
19763,864691132767600289
19764,864691132767600545
19765,864691132767601057
19766,864691132767602593
19767,864691132767602849
19768,864691132767604129
19769,864691132767605153
19770,864691132767606689
19771,864691132767607457
19772,864691132767607713
19773,864691132767609249
19774,864691132767609761
19775,864691132767610273
19776,864691132767611297
19777,864691132767611809
19778,864691132767612577
19779,864691132767612833
19780,864691132767615137
19781,864691132767617292
19782,864691132767654020
19783,864691132767695535
19784,864691132767730700
19785,864691132767737849
19786,864691132767743905
19787,864691132767744417
19788,864691132767744673
19789,864691132767745185
19790,864691132767746597
19791,864691132767748769
19792,864691132767749281
19793,864691132767750049
19794,864691132767750305
19795,864691132767750561
19796,864691132767751073
19797,864691132767766284
19798,864691132767768956
19799,864691132767770492
19800,864691132767773052
19801,864691132767773564
19802,864691132767773820
19803,864691132767774220
19804,864691132767774332
19805,864691132767774588
19806,864691132767775100
19807,864691132767775356
19808,864691132767775612
19809,864691132767777036
19810,864691132767777916
19811,864691132767779708
19812,864691132767780732
19813,864691132767781244
19814,864691132767781756
19815,864691132767782524
19816,864691132767782780
19817,864691132767783292
19818,864691132767784060
19819,864691132767784572
19820,864691132767787132
19821,864691132767787644
19822,864691132767788668
19823,864691132767789436
19824,864691132767790716
19825,864691132767793020
19826,864691132767796092
19827,864691132767796348
19828,864691132767796860
19829,864691132767797153
19830,864691132767797372
19831,864691132767798140
19832,864691132767798396
19833,864691132767798433
19834,864691132767799676
19835,864691132767799713
19836,864691132767799969
19837,864691132767800444
19838,864691132767800956
19839,864691132767801505
19840,864691132767802236
19841,864691132767805089
19842,864691132767805564
19843,864691132767806113
19844,864691132767806369
19845,864691132767806588
19846,864691132767806881
19847,864691132767808417
19848,864691132767808636
19849,864691132767809660
19850,864691132767810172
19851,864691132767812988
19852,864691132767813756
19853,864691132767814012
19854,864691132767814780
19855,864691132767815548
19856,864691132767815804
19857,864691132767816060
19858,864691132767816572
19859,864691132767817084
19860,864691132767817340
19861,864691132767817596
19862,864691132767819644
19863,864691132767820668
19864,864691132767821180
19865,864691132767822204
19866,864691132767822972
19867,864691132767823228
19868,864691132767823996
19869,864691132767824252
19870,864691132767824508
19871,864691132767825276
19872,864691132767825532
19873,864691132767826300
19874,864691132767826812
19875,864691132767828860
19876,864691132767830396
19877,864691132767836028
19878,864691132767837564
19879,864691132767838844
19880,864691132767840380
19881,864691132767843196
19882,864691132767843964
19883,864691132767845244
19884,864691132767847036
19885,864691132767848060
19886,864691132767848828
19887,864691132767849596
19888,864691132767849852
19889,864691132767851900
19890,864691132767852156
19891,864691132767853948
19892,864691132767856252
19893,864691132767858812
19894,864691132767859068
19895,864691132767860604
19896,864691132767862140
19897,864691132767864188
19898,864691132767864700
19899,864691132767865980
19900,864691132767867516
19901,864691132767867772
19902,864691132767868028
19903,864691132767869820
19904,864691132767870332
19905,864691132767870588
19906,864691132767871612
19907,864691132767872124
19908,864691132767872636
19909,864691132767873916
19910,864691132767879548
19911,864691132767879804
19912,864691132767880572
19913,864691132767881596
19914,864691132767910020
19915,864691132767969312
19916,864691132767972513
19917,864691132767997926
19918,864691132768000673
19919,864691132768002940
19920,864691132768004220
19921,864691132768005500
19922,864691132768005756
19923,864691132768007548
19924,864691132768008060
19925,864691132768008316
19926,864691132768008828
19927,864691132768009084
19928,864691132768009596
19929,864691132768009852
19930,864691132768010108
19931,864691132768010620
19932,864691132768011132
19933,864691132768011388
19934,864691132768012412
19935,864691132768013692
19936,864691132768014460
19937,864691132768067964
19938,864691132768068220
19939,864691132768068732
19940,864691132768069244
19941,864691132768069500
19942,864691132768069756
19943,864691132768070012
19944,864691132768070524
19945,864691132768076980
19946,864691132768125308
19947,864691132768143884
19948,864691132768248188
19949,864691132768284136
19950,864691132768308348
19951,864691132768309797
19952,864691132768376869
19953,864691132768469409
19954,864691132768563421
19955,864691132768588300
19956,864691132768617652
19957,864691132768697893
19958,864691132768741644
19959,864691132768746620
19960,864691132768758028
19961,864691132768813605
19962,864691132768856332
19963,864691132768864929
19964,864691132768887333
19965,864691132768891685
19966,864691132768913020
19967,864691132768937454
19968,864691132768944065
19969,864691132768968229
19970,864691132769037068
19971,864691132769042981
19972,864691132769050661
19973,864691132769068412
19974,864691132769084960
19975,864691132769085708
19976,864691132769136033
19977,864691132769136421
19978,864691132769150501
19979,864691132769151525
19980,864691132769159205
19981,864691132769202308
19982,864691132769215756
19983,864691132769247269
19984,864691132769247781
19985,864691132769292044
19986,864691132769300492
19987,864691132769320060
19988,864691132769338636
19989,864691132769345829
19990,864691132769356449
19991,864691132769369356
19992,864691132769374988
19993,864691132769392933
19994,864691132769433893
19995,864691132769473829
19996,864691132769506828
19997,864691132769517896
19998,864691132769523212
19999,864691132769568636
20000,864691132769574675
20001,864691132769575180
20002,864691132769576211
20003,864691132769577747
20004,864691132769579795
20005,864691132769582867
20006,864691132769583379
20007,864691132769583635
20008,864691132769585939
20009,864691132769586195
20010,864691132769587219
20011,864691132769587987
20012,864691132769589779
20013,864691132769590547
20014,864691132769592595
20015,864691132769592851
20016,864691132769593363
20017,864691132769593875
20018,864691132769595411
20019,864691132769596435
20020,864691132769598995
20021,864691132769599507
20022,864691132769599763
20023,864691132769600787
20024,864691132769601299
20025,864691132769601811
20026,864691132769602579
20027,864691132769603603
20028,864691132769607955
20029,864691132769610515
20030,864691132769611027
20031,864691132769612051
20032,864691132769612307
20033,864691132769613075
20034,864691132769613843
20035,864691132769615379
20036,864691132769617939
20037,864691132769621523
20038,864691132769622291
20039,864691132769622803
20040,864691132769623827
20041,864691132769624083
20042,864691132769624339
20043,864691132769625363
20044,864691132769626387
20045,864691132769627923
20046,864691132769628691
20047,864691132769629203
20048,864691132769630483
20049,864691132769632531
20050,864691132769633043
20051,864691132769633299
20052,864691132769634835
20053,864691132769635084
20054,864691132769635091
20055,864691132769635347
20056,864691132769635859
20057,864691132769636883
20058,864691132769638931
20059,864691132769639187
20060,864691132769640211
20061,864691132769642771
20062,864691132769643539
20063,864691132769644819
20064,864691132769645075
20065,864691132769645331
20066,864691132769663756
20067,864691132769678460
20068,864691132769681952
20069,864691132769719820
20070,864691132769720083
20071,864691132769720588
20072,864691132769728268
20073,864691132769730060
20074,864691132769745645
20075,864691132769746451
20076,864691132769751969
20077,864691132769790739
20078,864691132769790995
20079,864691132769791763
20080,864691132769792275
20081,864691132769793043
20082,864691132769793555
20083,864691132769794323
20084,864691132769795347
20085,864691132769795859
20086,864691132769797139
20087,864691132769797907
20088,864691132769799187
20089,864691132769799699
20090,864691132769800467
20091,864691132769800723
20092,864691132769801491
20093,864691132769802003
20094,864691132769802259
20095,864691132769802515
20096,864691132769812860
20097,864691132769832211
20098,864691132769832467
20099,864691132769835283
20100,864691132769835539
20101,864691132769839635
20102,864691132769843475
20103,864691132769844243
20104,864691132769844499
20105,864691132769846291
20106,864691132769850387
20107,864691132769850899
20108,864691132769851923
20109,864691132769852179
20110,864691132769852691
20111,864691132769853203
20112,864691132769853459
20113,864691132769853715
20114,864691132769853971
20115,864691132769865596
20116,864691132769926049
20117,864691132769985555
20118,864691132770003580
20119,864691132770065276
20120,864691132770074236
20121,864691132770075923
20122,864691132770095484
20123,864691132770130300
20124,864691132770159997
20125,864691132770160509
20126,864691132770161533
20127,864691132770162045
20128,864691132770167165
20129,864691132770167933
20130,864691132770168957
20131,864691132770171127
20132,864691132770171261
20133,864691132770171773
20134,864691132770174845
20135,864691132770175101
20136,864691132770175613
20137,864691132770176893
20138,864691132770178429
20139,864691132770179197
20140,864691132770179965
20141,864691132770180989
20142,864691132770182013
20143,864691132770182269
20144,864691132770182525
20145,864691132770182781
20146,864691132770183037
20147,864691132770184061
20148,864691132770186621
20149,864691132770189693
20150,864691132770191123
20151,864691132770191229
20152,864691132770192765
20153,864691132770195325
20154,864691132770196349
20155,864691132770197885
20156,864691132770198397
20157,864691132770200189
20158,864691132770200445
20159,864691132770201469
20160,864691132770202749
20161,864691132770203261
20162,864691132770204541
20163,864691132770205053
20164,864691132770205821
20165,864691132770206845
20166,864691132770207101
20167,864691132770207869
20168,864691132770208125
20169,864691132770208381
20170,864691132770208637
20171,864691132770208893
20172,864691132770209149
20173,864691132770209917
20174,864691132770211709
20175,864691132770211965
20176,864691132770212989
20177,864691132770215293
20178,864691132770216061
20179,864691132770216317
20180,864691132770216573
20181,864691132770218109
20182,864691132770218365
20183,864691132770219389
20184,864691132770221437
20185,864691132770225021
20186,864691132770226301
20187,864691132770226557
20188,864691132770226813
20189,864691132770227837
20190,864691132770228605
20191,864691132770229373
20192,864691132770230909
20193,864691132770233213
20194,864691132770234493
20195,864691132770235005
20196,864691132770238589
20197,864691132770239357
20198,864691132770240637
20199,864691132770241405
20200,864691132770245757
20201,864691132770246525
20202,864691132770247293
20203,864691132770252157
20204,864691132770253437
20205,864691132770255229
20206,864691132770257021
20207,864691132770258301
20208,864691132770261117
20209,864691132770263421
20210,864691132770263677
20211,864691132770265469
20212,864691132770266493
20213,864691132770267261
20214,864691132770268029
20215,864691132770269309
20216,864691132770269821
20217,864691132770270589
20218,864691132770270845
20219,864691132770271869
20220,864691132770274173
20221,864691132770274941
20222,864691132770353313
20223,864691132770357409
20224,864691132770370465
20225,864691132770381180
20226,864691132770384801
20227,864691132770431738
20228,864691132770437793
20229,864691132770439060
20230,864691132770453523
20231,864691132770460797
20232,864691132770461565
20233,864691132770462333
20234,864691132770462589
20235,864691132770463101
20236,864691132770463613
20237,864691132770463869
20238,864691132770465149
20239,864691132770465661
20240,864691132770465917
20241,864691132770466429
20242,864691132770467197
20243,864691132770467709
20244,864691132770467965
20245,864691132770470013
20246,864691132770470524
20247,864691132770485396
20248,864691132770487444
20249,864691132770487713
20250,864691132770487956
20251,864691132770488980
20252,864691132770490004
20253,864691132770490772
20254,864691132770491284
20255,864691132770491796
20256,864691132770492270
20257,864691132770492564
20258,864691132770493565
20259,864691132770494077
20260,864691132770494589
20261,864691132770494612
20262,864691132770494845
20263,864691132770495124
20264,864691132770495613
20265,864691132770496148
20266,864691132770496404
20267,864691132770496893
20268,864691132770496916
20269,864691132770497172
20270,864691132770497940
20271,864691132770498452
20272,864691132770501268
20273,864691132770503060
20274,864691132770503293
20275,864691132770503549
20276,864691132770503572
20277,864691132770503828
20278,864691132770504084
20279,864691132770504852
20280,864691132770506388
20281,864691132770507412
20282,864691132770508948
20283,864691132770509972
20284,864691132770510740
20285,864691132770512020
20286,864691132770512788
20287,864691132770513812
20288,864691132770514068
20289,864691132770514836
20290,864691132770515092
20291,864691132770515873
20292,864691132770516372
20293,864691132770516884
20294,864691132770517396
20295,864691132770517652
20296,864691132770518164
20297,864691132770520724
20298,864691132770524820
20299,864691132770525588
20300,864691132770526100
20301,864691132770527892
20302,864691132770528916
20303,864691132770530196
20304,864691132770530964
20305,864691132770533012
20306,864691132770534548
20307,864691132770534804
20308,864691132770535316
20309,864691132770536097
20310,864691132770537364
20311,864691132770538644
20312,864691132770539412
20313,864691132770539668
20314,864691132770540948
20315,864691132770541436
20316,864691132770541985
20317,864691132770542740
20318,864691132770543252
20319,864691132770543508
20320,864691132770544020
20321,864691132770545300
20322,864691132770545556
20323,864691132770546836
20324,864691132770547860
20325,864691132770548372
20326,864691132770629244
20327,864691132770664372
20328,864691132770666364
20329,864691132770670305
20330,864691132770678676
20331,864691132770678945
20332,864691132770679444
20333,864691132770680212
20334,864691132770680629
20335,864691132770681236
20336,864691132770683028
20337,864691132770683284
20338,864691132770683540
20339,864691132770684308
20340,864691132770685076
20341,864691132770685588
20342,864691132770685844
20343,864691132770686100
20344,864691132770686356
20345,864691132770687124
20346,864691132770688404
20347,864691132770688660
20348,864691132770714236
20349,864691132770714785
20350,864691132770722428
20351,864691132770730644
20352,864691132770732436
20353,864691132770732692
20354,864691132770732948
20355,864691132770734228
20356,864691132770734484
20357,864691132770734740
20358,864691132770737044
20359,864691132770738849
20360,864691132770739348
20361,864691132770739604
20362,864691132770740628
20363,864691132770742164
20364,864691132770742420
20365,864691132770742932
20366,864691132770752380
20367,864691132770786835
20368,864691132770794108
20369,864691132770820001
20370,864691132770823036
20371,864691132770852244
20372,864691132770857831
20373,864691132770864764
20374,864691132770865057
20375,864691132770874529
20376,864691132770879380
20377,864691132770958204
20378,864691132770959023
20379,864691132770998291
20380,864691132771026044
20381,864691132771069203
20382,864691132771136380
20383,864691132771157741
20384,864691132771177453
20385,864691132771178345
20386,864691132771187332
20387,864691132771226215
20388,864691132771240572
20389,864691132771241652
20390,864691132771246204
20391,864691132771255676
20392,864691132771294588
20393,864691132771364484
20394,864691132771371246
20395,864691132771412348
20396,864691132771417107
20397,864691132771475068
20398,864691132771686071
20399,864691132771702118
20400,864691132771731092
20401,864691132771737107
20402,864691132771774852
20403,864691132771775251
20404,864691132771822645
20405,864691132771846525
20406,864691132771847443
20407,864691132771853587
20408,864691132771871442
20409,864691132771889939
20410,864691132771890359
20411,864691132771919741
20412,864691132771949437
20413,864691132771954963
20414,864691132771965216
20415,864691132771969811
20416,864691132772024808
20417,864691132772068535
20418,864691132772068791
20419,864691132772072887
20420,864691132772073911
20421,864691132772075191
20422,864691132772075959
20423,864691132772078263
20424,864691132772079543
20425,864691132772080311
20426,864691132772081591
20427,864691132772082871
20428,864691132772083383
20429,864691132772083639
20430,864691132772084151
20431,864691132772085687
20432,864691132772086455
20433,864691132772087479
20434,864691132772088247
20435,864691132772089271
20436,864691132772091063
20437,864691132772091575
20438,864691132772093111
20439,864691132772093367
20440,864691132772095159
20441,864691132772096183
20442,864691132772097719
20443,864691132772099511
20444,864691132772100989
20445,864691132772102327
20446,864691132772104119
20447,864691132772104887
20448,864691132772105143
20449,864691132772105399
20450,864691132772105655
20451,864691132772110775
20452,864691132772111592
20453,864691132772112567
20454,864691132772113079
20455,864691132772113591
20456,864691132772114871
20457,864691132772120759
20458,864691132772121783
20459,864691132772123063
20460,864691132772124087
20461,864691132772124599
20462,864691132772125111
20463,864691132772125879
20464,864691132772126135
20465,864691132772126903
20466,864691132772128183
20467,864691132772128951
20468,864691132772133559
20469,864691132772142695
20470,864691132772146963
20471,864691132772162067
20472,864691132772179666
20473,864691132772183059
20474,864691132772211837
20475,864691132772229395
20476,864691132772242103
20477,864691132772244919
20478,864691132772245175
20479,864691132772245943
20480,864691132772246455
20481,864691132772248759
20482,864691132772249783
20483,864691132772250039
20484,864691132772250551
20485,864691132772251831
20486,864691132772252599
20487,864691132772252855
20488,864691132772253111
20489,864691132772254391
20490,864691132772254903
20491,864691132772255159
20492,864691132772255415
20493,864691132772255927
20494,864691132772258743
20495,864691132772260791
20496,864691132772261815
20497,864691132772262071
20498,864691132772273300
20499,864691132772281363
20500,864691132772286135
20501,864691132772286391
20502,864691132772286903
20503,864691132772287671
20504,864691132772289975
20505,864691132772293303
20506,864691132772315284
20507,864691132772317150
20508,864691132772384019
20509,864691132772397460
20510,864691132772422419
20511,864691132772432567
20512,864691132772441725
20513,864691132772470035
20514,864691132772485245
20515,864691132772485907
20516,864691132772492819
20517,864691132772512943
20518,864691132772517569
20519,864691132772518163
20520,864691132772599933
20521,864691132772617491
20522,864691132772622611
20523,864691132772626451
20524,864691132772629117
20525,864691132772638952
20526,864691132772652436
20527,864691132772697527
20528,864691132772703893
20529,864691132772757908
20530,864691132772774269
20531,864691132772821523
20532,864691132772821908
20533,864691132772844013
20534,864691132772895251
20535,864691132772896787
20536,864691132772951315
20537,864691132772997501
20538,864691132773000061
20539,864691132773010324
20540,864691132773027716
20541,864691132773064852
20542,864691132773079444
20543,864691132773083796
20544,864691132773087357
20545,864691132773103997
20546,864691132773139576
20547,864691132773180435
20548,864691132773200788
20549,864691132773215251
20550,864691132773232777
20551,864691132773284221
20552,864691132773299860
20553,864691132773314280
20554,864691132773324152
20555,864691132773326712
20556,864691132773337976
20557,864691132773338744
20558,864691132773339512
20559,864691132773339768
20560,864691132773340536
20561,864691132773341048
20562,864691132773343608
20563,864691132773343864
20564,864691132773346424
20565,864691132773346680
20566,864691132773348728
20567,864691132773351032
20568,864691132773351288
20569,864691132773352312
20570,864691132773352568
20571,864691132773352824
20572,864691132773353848
20573,864691132773355896
20574,864691132773356051
20575,864691132773357176
20576,864691132773357944
20577,864691132773358200
20578,864691132773359992
20579,864691132773360760
20580,864691132773362808
20581,864691132773364600
20582,864691132773365880
20583,864691132773367672
20584,864691132773368440
20585,864691132773369208
20586,864691132773369464
20587,864691132773369720
20588,864691132773372280
20589,864691132773372792
20590,864691132773374072
20591,864691132773374328
20592,864691132773375096
20593,864691132773378680
20594,864691132773378685
20595,864691132773378936
20596,864691132773379448
20597,864691132773381752
20598,864691132773383828
20599,864691132773384568
20600,864691132773391632
20601,864691132773393016
20602,864691132773393171
20603,864691132773395576
20604,864691132773395832
20605,864691132773396071
20606,864691132773397880
20607,864691132773398648
20608,864691132773400184
20609,864691132773400440
20610,864691132773401464
20611,864691132773401720
20612,864691132773401976
20613,864691132773403000
20614,864691132773404024
20615,864691132773407608
20616,864691132773408632
20617,864691132773409144
20618,864691132773409400
20619,864691132773410168
20620,864691132773410680
20621,864691132773411192
20622,864691132773412472
20623,864691132773414269
20624,864691132773414776
20625,864691132773416568
20626,864691132773416824
20627,864691132773417848
20628,864691132773418616
20629,864691132773419896
20630,864691132773420920
20631,864691132773421688
20632,864691132773422456
20633,864691132773423992
20634,864691132773427064
20635,864691132773429368
20636,864691132773432184
20637,864691132773443732
20638,864691132773444371
20639,864691132773451111
20640,864691132773468820
20641,864691132773511572
20642,864691132773520504
20643,864691132773568404
20644,864691132773577876
20645,864691132773586580
20646,864691132773590904
20647,864691132773591160
20648,864691132773592184
20649,864691132773592440
20650,864691132773593208
20651,864691132773593720
20652,864691132773593976
20653,864691132773594004
20654,864691132773594232
20655,864691132773594488
20656,864691132773595768
20657,864691132773596024
20658,864691132773596280
20659,864691132773597048
20660,864691132773598584
20661,864691132773601144
20662,864691132773602429
20663,864691132773603448
20664,864691132773603704
20665,864691132773603960
20666,864691132773607544
20667,864691132773607800
20668,864691132773608568
20669,864691132773608824
20670,864691132773610104
20671,864691132773611384
20672,864691132773611640
20673,864691132773612152
20674,864691132773612408
20675,864691132773612664
20676,864691132773612920
20677,864691132773613432
20678,864691132773614712
20679,864691132773615224
20680,864691132773615736
20681,864691132773616532
20682,864691132773616760
20683,864691132773617016
20684,864691132773617784
20685,864691132773619064
20686,864691132773619320
20687,864691132773620088
20688,864691132773620600
20689,864691132773622648
20690,864691132773623160
20691,864691132773623416
20692,864691132773623928
20693,864691132773624952
20694,864691132773625208
20695,864691132773655223
20696,864691132773668472
20697,864691132773669496
20698,864691132773670008
20699,864691132773674360
20700,864691132773674872
20701,864691132773675384
20702,864691132773676669
20703,864691132773676920
20704,864691132773678712
20705,864691132773679736
20706,864691132773679992
20707,864691132773682808
20708,864691132773684093
20709,864691132773691540
20710,864691132773699732
20711,864691132773707389
20712,864691132773739668
20713,864691132773747961
20714,864691132773771156
20715,864691132773791636
20716,864691132773857684
20717,864691132773858991
20718,864691132773861780
20719,864691132773871508
20720,864691132773884280
20721,864691132774014868
20722,864691132774015927
20723,864691132774029432
20724,864691132774049940
20725,864691132774086036
20726,864691132774086292
20727,864691132774089911
20728,864691132774113757
20729,864691132774126484
20730,864691132774165431
20731,864691132774167928
20732,864691132774171063
20733,864691132774172087
20734,864691132774178999
20735,864691132774191224
20736,864691132774196628
20737,864691132774234260
20738,864691132774398567
20739,864691132774477640
20740,864691132774491319
20741,864691132774555319
20742,864691132774625912
20743,864691132774741431
20744,864691132774778232
20745,864691132774783624
20746,864691132774812855
20747,864691132774822583
20748,864691132774872440
20749,864691132774900200
20750,864691132774920887
20751,864691132774990824
20752,864691132775013074
20753,864691132775030760
20754,864691132775036599
20755,864691132775039927
20756,864691132775098039
20757,864691132775115700
20758,864691132775152104
20759,864691132775183031
20760,864691132775229728
20761,864691132775240119
20762,864691132775243752
20763,864691132775297463
20764,864691132775319988
20765,864691132775334583
20766,864691132775354983
20767,864691132775435758
20768,864691132775478711
20769,864691132775560631
20770,864691132775569335
20771,864691132775588554
20772,864691132775640952
20773,864691132775642551
20774,864691132775660471
20775,864691132775660727
20776,864691132775696504
20777,864691132775716472
20778,864691132775815544
20779,864691132775816430
20780,864691132775858808
20781,864691132775912324
20782,864691132775964392
20783,864691132775971560
20784,864691132776003972
20785,864691132776029816
20786,864691132776056696
20787,864691132776135800
20788,864691132776145511
20789,864691132776173688
20790,864691132776242296
20791,864691132776255982
20792,864691132776366585
20793,864691132776366968
20794,864691132776425960
20795,864691132776429584
20796,864691132776462968
20797,864691132776476136
20798,864691132776490216
20799,864691132776557537
20800,864691132776565112
20801,864691132776713080
20802,864691132776739744
20803,864691132776775840
20804,864691132776780137
20805,864691132776788327
20806,864691132776824826
20807,864691132776861560
20808,864691132776863337
20809,864691132776872085
20810,864691132776880544
20811,864691132776881312
20812,864691132776881568
20813,864691132776882592
20814,864691132776883872
20815,864691132776884384
20816,864691132776884640
20817,864691132776885152
20818,864691132776888736
20819,864691132776890272
20820,864691132776890528
20821,864691132776891296
20822,864691132776891552
20823,864691132776894624
20824,864691132776894880
20825,864691132776895136
20826,864691132776895904
20827,864691132776897696
20828,864691132776900000
20829,864691132776900256
20830,864691132776900768
20831,864691132776901536
20832,864691132776902048
20833,864691132776902560
20834,864691132776903584
20835,864691132776904096
20836,864691132776904352
20837,864691132776905120
20838,864691132776905632
20839,864691132776906912
20840,864691132776907168
20841,864691132776907680
20842,864691132776909728
20843,864691132776910496
20844,864691132776911008
20845,864691132776912032
20846,864691132776913568
20847,864691132776914848
20848,864691132776917152
20849,864691132776917408
20850,864691132776918688
20851,864691132776920224
20852,864691132776921248
20853,864691132776921760
20854,864691132776923296
20855,864691132776924320
20856,864691132776925088
20857,864691132776925856
20858,864691132776927136
20859,864691132776927392
20860,864691132776929440
20861,864691132776930304
20862,864691132776931232
20863,864691132776934048
20864,864691132776934560
20865,864691132776935417
20866,864691132776936096
20867,864691132776936864
20868,864691132776938400
20869,864691132776939168
20870,864691132776940192
20871,864691132776941216
20872,864691132776942240
20873,864691132776942496
20874,864691132776943008
20875,864691132776943264
20876,864691132776943776
20877,864691132776946080
20878,864691132776947104
20879,864691132776947360
20880,864691132776947616
20881,864691132776948128
20882,864691132776950944
20883,864691132776952224
20884,864691132776962168
20885,864691132776963121
20886,864691132777071224
20887,864691132777075432
20888,864691132777093525
20889,864691132777118368
20890,864691132777120160
20891,864691132777121440
20892,864691132777121696
20893,864691132777121952
20894,864691132777122208
20895,864691132777123744
20896,864691132777124256
20897,864691132777125280
20898,864691132777125536
20899,864691132777128096
20900,864691132777128608
20901,864691132777129120
20902,864691132777130656
20903,864691132777131424
20904,864691132777133432
20905,864691132777154464
20906,864691132777154720
20907,864691132777154976
20908,864691132777156768
20909,864691132777157536
20910,864691132777158816
20911,864691132777160096
20912,864691132777160864
20913,864691132777190705
20914,864691132777220818
20915,864691132777326290
20916,864691132777335407
20917,864691132777448568
20918,864691132777454712
20919,864691132777471470
20920,864691132777499759
20921,864691132777518568
20922,864691132777554287
20923,864691132777557359
20924,864691132777558895
20925,864691132777564783
20926,864691132777566063
20927,864691132777566319
20928,864691132777567087
20929,864691132777569135
20930,864691132777571695
20931,864691132777572207
20932,864691132777572463
20933,864691132777572975
20934,864691132777573231
20935,864691132777575279
20936,864691132777576303
20937,864691132777576815
20938,864691132777577583
20939,864691132777578351
20940,864691132777580911
20941,864691132777581167
20942,864691132777582191
20943,864691132777582447
20944,864691132777582703
20945,864691132777583215
20946,864691132777583471
20947,864691132777586031
20948,864691132777587311
20949,864691132777587823
20950,864691132777588335
20951,864691132777588591
20952,864691132777589103
20953,864691132777589359
20954,864691132777589871
20955,864691132777590127
20956,864691132777591919
20957,864691132777592175
20958,864691132777592431
20959,864691132777592687
20960,864691132777594991
20961,864691132777595247
20962,864691132777596783
20963,864691132777597039
20964,864691132777600367
20965,864691132777600879
20966,864691132777603183
20967,864691132777603951
20968,864691132777604719
20969,864691132777605487
20970,864691132777605792
20971,864691132777606767
20972,864691132777607535
20973,864691132777607791
20974,864691132777608559
20975,864691132777611375
20976,864691132777611887
20977,864691132777614191
20978,864691132777615727
20979,864691132777616082
20980,864691132777616751
20981,864691132777617519
20982,864691132777619055
20983,864691132777622127
20984,864691132777622895
20985,864691132777623407
20986,864691132777624943
20987,864691132777625455
20988,864691132777626479
20989,864691132777630063
20990,864691132777632879
20991,864691132777636975
20992,864691132777637743
20993,864691132777638255
20994,864691132777642607
20995,864691132777644399
20996,864691132777644655
20997,864691132777645167
20998,864691132777646447
20999,864691132777646544
21000,864691132777646703
21001,864691132777646959
21002,864691132777648495
21003,864691132777649519
21004,864691132777651311
21005,864691132777652847
21006,864691132777701280
21007,864691132777744544
21008,864691132777757807
21009,864691132777785967
21010,864691132777786479
21011,864691132777786735
21012,864691132777786991
21013,864691132777787247
21014,864691132777788527
21015,864691132777790063
21016,864691132777791599
21017,864691132777793135
21018,864691132777794002
21019,864691132777823087
21020,864691132777823599
21021,864691132777824879
21022,864691132777826927
21023,864691132777827183
21024,864691132777827695
21025,864691132777828207
21026,864691132777832559
21027,864691132777834095
21028,864691132777835119
21029,864691132777835887
21030,864691132777836143
21031,864691132777837423
21032,864691132777837679
21033,864691132777837935
21034,864691132777838703
21035,864691132777841312
21036,864691132777906308
21037,864691132777929343
21038,864691132777931135
21039,864691132777931647
21040,864691132777933183
21041,864691132777939583
21042,864691132777941375
21043,864691132777942143
21044,864691132777942944
21045,864691132777943935
21046,864691132777945471
21047,864691132777945983
21048,864691132777946239
21049,864691132777946495
21050,864691132777948031
21051,864691132777949311
21052,864691132777949823
21053,864691132777950079
21054,864691132777951871
21055,864691132777953663
21056,864691132777954431
21057,864691132777954687
21058,864691132777956479
21059,864691132777956991
21060,864691132777957759
21061,864691132777959295
21062,864691132777960063
21063,864691132777960319
21064,864691132777960831
21065,864691132777961855
21066,864691132777962111
21067,864691132777962623
21068,864691132777963135
21069,864691132777963647
21070,864691132777964927
21071,864691132777965183
21072,864691132777966719
21073,864691132777966975
21074,864691132777967743
21075,864691132777968511
21076,864691132777969791
21077,864691132777970815
21078,864691132777971839
21079,864691132777973631
21080,864691132777975679
21081,864691132777976447
21082,864691132777978495
21083,864691132777978751
21084,864691132777979007
21085,864691132777981567
21086,864691132777983615
21087,864691132777984127
21088,864691132777984639
21089,864691132777985151
21090,864691132777986175
21091,864691132777986431
21092,864691132777987199
21093,864691132777988735
21094,864691132777988991
21095,864691132777989503
21096,864691132777990015
21097,864691132777990527
21098,864691132777991807
21099,864691132777992319
21100,864691132777994879
21101,864691132777996927
21102,864691132777997951
21103,864691132777998463
21104,864691132778000511
21105,864691132778001535
21106,864691132778003071
21107,864691132778004607
21108,864691132778005631
21109,864691132778005887
21110,864691132778007679
21111,864691132778007935
21112,864691132778008703
21113,864691132778009471
21114,864691132778011519
21115,864691132778012287
21116,864691132778013311
21117,864691132778016127
21118,864691132778044263
21119,864691132778063008
21120,864691132778082687
21121,864691132778083174
21122,864691132778114888
21123,864691132778121682
21124,864691132778124960
21125,864691132778135407
21126,864691132778178943
21127,864691132778179711
21128,864691132778180479
21129,864691132778180735
21130,864691132778181759
21131,864691132778183039
21132,864691132778183551
21133,864691132778184063
21134,864691132778185087
21135,864691132778185343
21136,864691132778185599
21137,864691132778186879
21138,864691132778187391
21139,864691132778187903
21140,864691132778188415
21141,864691132778188927
21142,864691132778189183
21143,864691132778189415
21144,864691132778189951
21145,864691132778190463
21146,864691132778191487
21147,864691132778191743
21148,864691132778193023
21149,864691132778193279
21150,864691132778193535
21151,864691132778194559
21152,864691132778195071
21153,864691132778196095
21154,864691132778212463
21155,864691132778219887
21156,864691132778222463
21157,864691132778230399
21158,864691132778230655
21159,864691132778231423
21160,864691132778231679
21161,864691132778234239
21162,864691132778235519
21163,864691132778236287
21164,864691132778237311
21165,864691132778238079
21166,864691132778238335
21167,864691132778239359
21168,864691132778239871
21169,864691132778240383
21170,864691132778275822
21171,864691132778286864
21172,864691132778290868
21173,864691132778308479
21174,864691132778309101
21175,864691132778335264
21176,864691132778431904
21177,864691132778439328
21178,864691132778460832
21179,864691132778515616
21180,864691132778553504
21181,864691132778553632
21182,864691132778601120
21183,864691132778669542
21184,864691132778696608
21185,864691132778744648
21186,864691132778765439
21187,864691132778767392
21188,864691132778767999
21189,864691132778771438
21190,864691132778775368
21191,864691132778817608
21192,864691132778865511
21193,864691132778909160
21194,864691132779014304
21195,864691132779030944
21196,864691132779031624
21197,864691132779067146
21198,864691132779069194
21199,864691132779070986
21200,864691132779075850
21201,864691132779076618
21202,864691132779077130
21203,864691132779078410
21204,864691132779078472
21205,864691132779079178
21206,864691132779079434
21207,864691132779079690
21208,864691132779079946
21209,864691132779080202
21210,864691132779081226
21211,864691132779081738
21212,864691132779082250
21213,864691132779086858
21214,864691132779089162
21215,864691132779091210
21216,864691132779091978
21217,864691132779092490
21218,864691132779093514
21219,864691132779096586
21220,864691132779097610
21221,864691132779098890
21222,864691132779100682
21223,864691132779104010
21224,864691132779104522
21225,864691132779104778
21226,864691132779106314
21227,864691132779106826
21228,864691132779107338
21229,864691132779108362
21230,864691132779108874
21231,864691132779109386
21232,864691132779110154
21233,864691132779110410
21234,864691132779117322
21235,864691132779117679
21236,864691132779118346
21237,864691132779119370
21238,864691132779121674
21239,864691132779125514
21240,864691132779126282
21241,864691132779126794
21242,864691132779128330
21243,864691132779129098
21244,864691132779129354
21245,864691132779130122
21246,864691132779132170
21247,864691132779132938
21248,864691132779133450
21249,864691132779133706
21250,864691132779133962
21251,864691132779134730
21252,864691132779134986
21253,864691132779135754
21254,864691132779136010
21255,864691132779136522
21256,864691132779137802
21257,864691132779139338
21258,864691132779139594
21259,864691132779140362
21260,864691132779141130
21261,864691132779147647
21262,864691132779174347
21263,864691132779174859
21264,864691132779175115
21265,864691132779178443
21266,864691132779184075
21267,864691132779184587
21268,864691132779185611
21269,864691132779186123
21270,864691132779188171
21271,864691132779188427
21272,864691132779190219
21273,864691132779190475
21274,864691132779191663
21275,864691132779193547
21276,864691132779194059
21277,864691132779198667
21278,864691132779200459
21279,864691132779202763
21280,864691132779203787
21281,864691132779206347
21282,864691132779208047
21283,864691132779208139
21284,864691132779209163
21285,864691132779210699
21286,864691132779210955
21287,864691132779211979
21288,864691132779212235
21289,864691132779213515
21290,864691132779215563
21291,864691132779216843
21292,864691132779218635
21293,864691132779219659
21294,864691132779220896
21295,864691132779221451
21296,864691132779222219
21297,864691132779222475
21298,864691132779222987
21299,864691132779224011
21300,864691132779224267
21301,864691132779226059
21302,864691132779226827
21303,864691132779227339
21304,864691132779227851
21305,864691132779229572
21306,864691132779230667
21307,864691132779232971
21308,864691132779233483
21309,864691132779233739
21310,864691132779235275
21311,864691132779235531
21312,864691132779236043
21313,864691132779236299
21314,864691132779236811
21315,864691132779237835
21316,864691132779238091
21317,864691132779238603
21318,864691132779239883
21319,864691132779242187
21320,864691132779242699
21321,864691132779244235
21322,864691132779245003
21323,864691132779246539
21324,864691132779251403
21325,864691132779251659
21326,864691132779251915
21327,864691132779252427
21328,864691132779253451
21329,864691132779257803
21330,864691132779259083
21331,864691132779259339
21332,864691132779262923
21333,864691132779263179
21334,864691132779263947
21335,864691132779268555
21336,864691132779271456
21337,864691132779272970
21338,864691132779273931
21339,864691132779274699
21340,864691132779276491
21341,864691132779277259
21342,864691132779279307
21343,864691132779281867
21344,864691132779282635
21345,864691132779282891
21346,864691132779283915
21347,864691132779285707
21348,864691132779286219
21349,864691132779287499
21350,864691132779289035
21351,864691132779289547
21352,864691132779290315
21353,864691132779292619
21354,864691132779293387
21355,864691132779294411
21356,864691132779294667
21357,864691132779294923
21358,864691132779295179
21359,864691132779295947
21360,864691132779298763
21361,864691132779300043
21362,864691132779300811
21363,864691132779303883
21364,864691132779323146
21365,864691132779323914
21366,864691132779324682
21367,864691132779325962
21368,864691132779326474
21369,864691132779327242
21370,864691132779327498
21371,864691132779328778
21372,864691132779329034
21373,864691132779330314
21374,864691132779331082
21375,864691132779331594
21376,864691132779332618
21377,864691132779333130
21378,864691132779333642
21379,864691132779334410
21380,864691132779335434
21381,864691132779335946
21382,864691132779336202
21383,864691132779337482
21384,864691132779337994
21385,864691132779339018
21386,864691132779339786
21387,864691132779340298
21388,864691132779341834
21389,864691132779342346
21390,864691132779343370
21391,864691132779343626
21392,864691132779344394
21393,864691132779344906
21394,864691132779345418
21395,864691132779345674
21396,864691132779380529
21397,864691132779384736
21398,864691132779399807
21399,864691132779404298
21400,864691132779404554
21401,864691132779405322
21402,864691132779405578
21403,864691132779406602
21404,864691132779408906
21405,864691132779411466
21406,864691132779411722
21407,864691132779412234
21408,864691132779412490
21409,864691132779413002
21410,864691132779414538
21411,864691132779448369
21412,864691132779465675
21413,864691132779465931
21414,864691132779467979
21415,864691132779468747
21416,864691132779469003
21417,864691132779469259
21418,864691132779471563
21419,864691132779472587
21420,864691132779473867
21421,864691132779474123
21422,864691132779475147
21423,864691132779476171
21424,864691132779477451
21425,864691132779477707
21426,864691132779478399
21427,864691132779479243
21428,864691132779479499
21429,864691132779480779
21430,864691132779482315
21431,864691132779482571
21432,864691132779482827
21433,864691132779483851
21434,864691132779484107
21435,864691132779484875
21436,864691132779485131
21437,864691132779485899
21438,864691132779486411
21439,864691132779487179
21440,864691132779487691
21441,864691132779488971
21442,864691132779491019
21443,864691132779491531
21444,864691132779492043
21445,864691132779492299
21446,864691132779492555
21447,864691132779493067
21448,864691132779493835
21449,864691132779494091
21450,864691132779494347
21451,864691132779494603
21452,864691132779495371
21453,864691132779495627
21454,864691132779496139
21455,864691132779496651
21456,864691132779496907
21457,864691132779497675
21458,864691132779497931
21459,864691132779498443
21460,864691132779498955
21461,864691132779499467
21462,864691132779499723
21463,864691132779500235
21464,864691132779500491
21465,864691132779501003
21466,864691132779501515
21467,864691132779501771
21468,864691132779502795
21469,864691132779507722
21470,864691132779519435
21471,864691132779519691
21472,864691132779521227
21473,864691132779522507
21474,864691132779524043
21475,864691132779525067
21476,864691132779525323
21477,864691132779526603
21478,864691132779526859
21479,864691132779527627
21480,864691132779536928
21481,864691132779545035
21482,864691132779572412
21483,864691132779616800
21484,864691132779633007
21485,864691132779764512
21486,864691132779814922
21487,864691132779825930
21488,864691132779838831
21489,864691132779850095
21490,864691132779857023
21491,864691132779859147
21492,864691132779867552
21493,864691132779876346
21494,864691132779907744
21495,864691132779916960
21496,864691132779925408
21497,864691132779932170
21498,864691132779942048
21499,864691132779959423
21500,864691132780017775
21501,864691132780019360
21502,864691132780021920
21503,864691132780024992
21504,864691132780025610
21505,864691132780036384
21506,864691132780036757
21507,864691132780071807
21508,864691132780076554
21509,864691132780081519
21510,864691132780089455
21511,864691132780093551
21512,864691132780099912
21513,864691132780176634
21514,864691132780179839
21515,864691132780181397
21516,864691132780194120
21517,864691132780196245
21518,864691132780217504
21519,864691132780228640
21520,864691132780256336
21521,864691132780258175
21522,864691132780268911
21523,864691132780313967
21524,864691132780360139
21525,864691132780365984
21526,864691132780378784
21527,864691132780381551
21528,864691132780395391
21529,864691132780406383
21530,864691132780434464
21531,864691132780435616
21532,864691132780437408
21533,864691132780446880
21534,864691132780461817
21535,864691132780471009
21536,864691132780471624
21537,864691132780490367
21538,864691132780490490
21539,864691132780498543
21540,864691132780499055
21541,864691132780508015
21542,864691132780534127
21543,864691132780554351
21544,864691132780568011
21545,864691132780587631
21546,864691132780589444
21547,864691132780650095
21548,864691132780650506
21549,864691132780653136
21550,864691132780662143
21551,864691132780743023
21552,864691132780762495
21553,864691132780789119
21554,864691132780789631
21555,864691132780818741
21556,864691132780831103
21557,864691132780878463
21558,864691132780914442
21559,864691132780923519
21560,864691132780944495
21561,864691132780953291
21562,864691132780958620
21563,864691132780961647
21564,864691132780965362
21565,864691132780966130
21566,864691132780966898
21567,864691132780967154
21568,864691132780967666
21569,864691132780968178
21570,864691132780969458
21571,864691132780970738
21572,864691132780971762
21573,864691132780972786
21574,864691132780974322
21575,864691132780974834
21576,864691132780975858
21577,864691132780977138
21578,864691132780978162
21579,864691132780979698
21580,864691132780979954
21581,864691132780980210
21582,864691132780981746
21583,864691132780981940
21584,864691132780982002
21585,864691132780982258
21586,864691132780982514
21587,864691132780983026
21588,864691132780984562
21589,864691132780984818
21590,864691132780985842
21591,864691132780986098
21592,864691132780986866
21593,864691132780987634
21594,864691132780988402
21595,864691132780988914
21596,864691132780989682
21597,864691132780989938
21598,864691132780990962
21599,864691132780991730
21600,864691132780992498
21601,864691132780993266
21602,864691132780995058
21603,864691132780996338
21604,864691132780996850
21605,864691132780997362
21606,864691132780998642
21607,864691132780999154
21608,864691132780999410
21609,864691132780999666
21610,864691132780999922
21611,864691132781000434
21612,864691132781000690
21613,864691132781002226
21614,864691132781002482
21615,864691132781003250
21616,864691132781006066
21617,864691132781007346
21618,864691132781008114
21619,864691132781009138
21620,864691132781011186
21621,864691132781011698
21622,864691132781011954
21623,864691132781012210
21624,864691132781012722
21625,864691132781014258
21626,864691132781015026
21627,864691132781015794
21628,864691132781016050
21629,864691132781017074
21630,864691132781017330
21631,864691132781020402
21632,864691132781020658
21633,864691132781021938
21634,864691132781022194
21635,864691132781023218
21636,864691132781024203
21637,864691132781024242
21638,864691132781024498
21639,864691132781025010
21640,864691132781028594
21641,864691132781028850
21642,864691132781031666
21643,864691132781032178
21644,864691132781032434
21645,864691132781036911
21646,864691132781037935
21647,864691132781039727
21648,864691132781041992
21649,864691132781055615
21650,864691132781056383
21651,864691132781071727
21652,864691132781079732
21653,864691132781096580
21654,864691132781107311
21655,864691132781118831
21656,864691132781134858
21657,864691132781166463
21658,864691132781167492
21659,864691132781168626
21660,864691132781169394
21661,864691132781169906
21662,864691132781170162
21663,864691132781170674
21664,864691132781171071
21665,864691132781171442
21666,864691132781171698
21667,864691132781171954
21668,864691132781176562
21669,864691132781181170
21670,864691132781182194
21671,864691132781183730
21672,864691132781184498
21673,864691132781186802
21674,864691132781187826
21675,864691132781188594
21676,864691132781188850
21677,864691132781190130
21678,864691132781191154
21679,864691132781192690
21680,864691132781192946
21681,864691132781244619
21682,864691132781257970
21683,864691132781258226
21684,864691132781259723
21685,864691132781261298
21686,864691132781262066
21687,864691132781262322
21688,864691132781262578
21689,864691132781262834
21690,864691132781263346
21691,864691132781264114
21692,864691132781268722
21693,864691132781273074
21694,864691132781273476
21695,864691132781274354
21696,864691132781274866
21697,864691132781275634
21698,864691132781276146
21699,864691132781276402
21700,864691132781277170
21701,864691132781294539
21702,864691132781300171
21703,864691132781303679
21704,864691132781309194
21705,864691132781364916
21706,864691132781441483
21707,864691132781441802
21708,864691132781442943
21709,864691132781454207
21710,864691132781472203
21711,864691132781501387
21712,864691132781505919
21713,864691132781518578
21714,864691132781520587
21715,864691132781552882
21716,864691132781564543
21717,864691132781577198
21718,864691132781600754
21719,864691132781600900
21720,864691132781618791
21721,864691132781638347
21722,864691132781689866
21723,864691132781703115
21724,864691132781721098
21725,864691132781751538
21726,864691132781761290
21727,864691132781789440
21728,864691132781793266
21729,864691132781914634
21730,864691132781930762
21731,864691132781942254
21732,864691132781946455
21733,864691132781947012
21734,864691132781950551
21735,864691132781952343
21736,864691132781952855
21737,864691132781953546
21738,864691132781953879
21739,864691132781954391
21740,864691132781954647
21741,864691132781954903
21742,864691132781955058
21743,864691132781957463
21744,864691132781959255
21745,864691132781959511
21746,864691132781961303
21747,864691132781961559
21748,864691132781961815
21749,864691132781963607
21750,864691132781964119
21751,864691132781965143
21752,864691132781965399
21753,864691132781967959
21754,864691132781968727
21755,864691132781968983
21756,864691132781970263
21757,864691132781970775
21758,864691132781971287
21759,864691132781972567
21760,864691132781972823
21761,864691132781973079
21762,864691132781973847
21763,864691132781974103
21764,864691132781975383
21765,864691132781975639
21766,864691132781976151
21767,864691132781976407
21768,864691132781977175
21769,864691132781977943
21770,864691132781978711
21771,864691132781979479
21772,864691132781980247
21773,864691132781981015
21774,864691132781982295
21775,864691132781982807
21776,864691132781984343
21777,864691132781984599
21778,864691132781984855
21779,864691132781986314
21780,864691132781986391
21781,864691132781990487
21782,864691132781990743
21783,864691132781990999
21784,864691132781991255
21785,864691132781993047
21786,864691132781997143
21787,864691132781997655
21788,864691132781997911
21789,864691132781999703
21790,864691132782000471
21791,864691132782001239
21792,864691132782001751
21793,864691132782003543
21794,864691132782003799
21795,864691132782007383
21796,864691132782007639
21797,864691132782007895
21798,864691132782008919
21799,864691132782009943
21800,864691132782010967
21801,864691132782012247
21802,864691132782012759
21803,864691132782013527
21804,864691132782013783
21805,864691132782014295
21806,864691132782015063
21807,864691132782015831
21808,864691132782016343
21809,864691132782019159
21810,864691132782019671
21811,864691132782022231
21812,864691132782024023
21813,864691132782037514
21814,864691132782042144
21815,864691132782059979
21816,864691132782083826
21817,864691132782091274
21818,864691132782125621
21819,864691132782144754
21820,864691132782162891
21821,864691132782189515
21822,864691132782192727
21823,864691132782192983
21824,864691132782193751
21825,864691132782194007
21826,864691132782194775
21827,864691132782196567
21828,864691132782197335
21829,864691132782198103
21830,864691132782199127
21831,864691132782200663
21832,864691132782201098
21833,864691132782202967
21834,864691132782203479
21835,864691132782204170
21836,864691132782204247
21837,864691132782205015
21838,864691132782205527
21839,864691132782209623
21840,864691132782210903
21841,864691132782211415
21842,864691132782212951
21843,864691132782213975
21844,864691132782214922
21845,864691132782215511
21846,864691132782216279
21847,864691132782216535
21848,864691132782217047
21849,864691132782217815
21850,864691132782218071
21851,864691132782218583
21852,864691132782222935
21853,864691132782224727
21854,864691132782224983
21855,864691132782225751
21856,864691132782226263
21857,864691132782226519
21858,864691132782227287
21859,864691132782227799
21860,864691132782228055
21861,864691132782228311
21862,864691132782228567
21863,864691132782229079
21864,864691132782230103
21865,864691132782230871
21866,864691132782231895
21867,864691132782232151
21868,864691132782232663
21869,864691132782233431
21870,864691132782233943
21871,864691132782234199
21872,864691132782234711
21873,864691132782235479
21874,864691132782235991
21875,864691132782237015
21876,864691132782237131
21877,864691132782237271
21878,864691132782237783
21879,864691132782238039
21880,864691132782238807
21881,864691132782239575
21882,864691132782240343
21883,864691132782241623
21884,864691132782242507
21885,864691132782242903
21886,864691132782244183
21887,864691132782245207
21888,864691132782247511
21889,864691132782250327
21890,864691132782250839
21891,864691132782251095
21892,864691132782251351
21893,864691132782252119
21894,864691132782252631
21895,864691132782253399
21896,864691132782254167
21897,864691132782254935
21898,864691132782255959
21899,864691132782256215
21900,864691132782258007
21901,864691132782258263
21902,864691132782258519
21903,864691132782258775
21904,864691132782259543
21905,864691132782260055
21906,864691132782260567
21907,864691132782261258
21908,864691132782261335
21909,864691132782262359
21910,864691132782262794
21911,864691132782263383
21912,864691132782263639
21913,864691132782265175
21914,864691132782266199
21915,864691132782267223
21916,864691132782267991
21917,864691132782268247
21918,864691132782269271
21919,864691132782270039
21920,864691132782270551
21921,864691132782270807
21922,864691132782271063
21923,864691132782271319
21924,864691132782273111
21925,864691132782273623
21926,864691132782274135
21927,864691132782274391
21928,864691132782274647
21929,864691132782274903
21930,864691132782276299
21931,864691132782277719
21932,864691132782278487
21933,864691132782278743
21934,864691132782278999
21935,864691132782279511
21936,864691132782279767
21937,864691132782281815
21938,864691132782282071
21939,864691132782284235
21940,864691132782285399
21941,864691132782285655
21942,864691132782286423
21943,864691132782287191
21944,864691132782287447
21945,864691132782287703
21946,864691132782288471
21947,864691132782288727
21948,864691132782294668
21949,864691132782300658
21950,864691132782302900
21951,864691132782304599
21952,864691132782306903
21953,864691132782307415
21954,864691132782308695
21955,864691132782310231
21956,864691132782312279
21957,864691132782313559
21958,864691132782320471
21959,864691132782320727
21960,864691132782336754
21961,864691132782391499
21962,864691132782405130
21963,864691132782405835
21964,864691132782417618
21965,864691132782428653
21966,864691132782447598
21967,864691132782455306
21968,864691132782470603
21969,864691132782471308
21970,864691132782471820
21971,864691132782475723
21972,864691132782477708
21973,864691132782478732
21974,864691132782479244
21975,864691132782479756
21976,864691132782481804
21977,864691132782482828
21978,864691132782483340
21979,864691132782483596
21980,864691132782485132
21981,864691132782485644
21982,864691132782486412
21983,864691132782486475
21984,864691132782487436
21985,864691132782487692
21986,864691132782488204
21987,864691132782488972
21988,864691132782489228
21989,864691132782491020
21990,864691132782493068
21991,864691132782495116
21992,864691132782495372
21993,864691132782495884
21994,864691132782496396
21995,864691132782496652
21996,864691132782496908
21997,864691132782497676
21998,864691132782497932
21999,864691132782498444
22000,864691132782498613
22001,864691132782499212
22002,864691132782499724
22003,864691132782499980
22004,864691132782501004
22005,864691132782501772
22006,864691132782503308
22007,864691132782504588
22008,864691132782504784
22009,864691132782506124
22010,864691132782506892
22011,864691132782507148
22012,864691132782507404
22013,864691132782508428
22014,864691132782508684
22015,864691132782509196
22016,864691132782512012
22017,864691132782513292
22018,864691132782513548
22019,864691132782514572
22020,864691132782519436
22021,864691132782520204
22022,864691132782521228
22023,864691132782521996
22024,864691132782522508
22025,864691132782524044
22026,864691132782524556
22027,864691132782525580
22028,864691132782526348
22029,864691132782527116
22030,864691132782528908
22031,864691132782529676
22032,864691132782530188
22033,864691132782530700
22034,864691132782531468
22035,864691132782531980
22036,864691132782533260
22037,864691132782533516
22038,864691132782535308
22039,864691132782537100
22040,864691132782537868
22041,864691132782538380
22042,864691132782538892
22043,864691132782539660
22044,864691132782541196
22045,864691132782542476
22046,864691132782545292
22047,864691132782545804
22048,864691132782546060
22049,864691132782546572
22050,864691132782546828
22051,864691132782547340
22052,864691132782547852
22053,864691132782548364
22054,864691132782550156
22055,864691132782551692
22056,864691132782552460
22057,864691132782552716
22058,864691132782555532
22059,864691132782557580
22060,864691132782557836
22061,864691132782559372
22062,864691132782559884
22063,864691132782563468
22064,864691132782563724
22065,864691132782564748
22066,864691132782565260
22067,864691132782566796
22068,864691132782567052
22069,864691132782569356
22070,864691132782570124
22071,864691132782572172
22072,864691132782573196
22073,864691132782574539
22074,864691132782576780
22075,864691132782577548
22076,864691132782578060
22077,864691132782579084
22078,864691132782580108
22079,864691132782580876
22080,864691132782581388
22081,864691132782582497
22082,864691132782582924
22083,864691132782585228
22084,864691132782585740
22085,864691132782585996
22086,864691132782586764
22087,864691132782587276
22088,864691132782588556
22089,864691132782589836
22090,864691132782590860
22091,864691132782592396
22092,864691132782593420
22093,864691132782594956
22094,864691132782598028
22095,864691132782598796
22096,864691132782599308
22097,864691132782600844
22098,864691132782602380
22099,864691132782603652
22100,864691132782603660
22101,864691132782607756
22102,864691132782611084
22103,864691132782611596
22104,864691132782622155
22105,864691132782625034
22106,864691132782630603
22107,864691132782650634
22108,864691132782650967
22109,864691132782675698
22110,864691132782683090
22111,864691132782685194
22112,864691132782695378
22113,864691132782727820
22114,864691132782728076
22115,864691132782729612
22116,864691132782731404
22117,864691132782731916
22118,864691132782732172
22119,864691132782733452
22120,864691132782733964
22121,864691132782735244
22122,864691132782736524
22123,864691132782737036
22124,864691132782738060
22125,864691132782738316
22126,864691132782738572
22127,864691132782738828
22128,864691132782739852
22129,864691132782740108
22130,864691132782740620
22131,864691132782740876
22132,864691132782741644
22133,864691132782742156
22134,864691132782742668
22135,864691132782743180
22136,864691132782743692
22137,864691132782745228
22138,864691132782745740
22139,864691132782746252
22140,864691132782746827
22141,864691132782747020
22142,864691132782748812
22143,864691132782749324
22144,864691132782750348
22145,864691132782750604
22146,864691132782750860
22147,864691132782752140
22148,864691132782753932
22149,864691132782754188
22150,864691132782754956
22151,864691132782755212
22152,864691132782755724
22153,864691132782756236
22154,864691132782756492
22155,864691132782757260
22156,864691132782757516
22157,864691132782759052
22158,864691132782759308
22159,864691132782760076
22160,864691132782760588
22161,864691132782760844
22162,864691132782761868
22163,864691132782762187
22164,864691132782774794
22165,864691132782779146
22166,864691132782782295
22167,864691132782789004
22168,864691132782789772
22169,864691132782790284
22170,864691132782790540
22171,864691132782792332
22172,864691132782795660
22173,864691132782796172
22174,864691132782797452
22175,864691132782797708
22176,864691132782798476
22177,864691132782798732
22178,864691132782814962
22179,864691132782828810
22180,864691132782848225
22181,864691132782853790
22182,864691132782855838
22183,864691132782857118
22184,864691132782857630
22185,864691132782864542
22186,864691132782866334
22187,864691132782868126
22188,864691132782868382
22189,864691132782871198
22190,864691132782871710
22191,864691132782872990
22192,864691132782874782
22193,864691132782876062
22194,864691132782876704
22195,864691132782877342
22196,864691132782879646
22197,864691132782879902
22198,864691132782880670
22199,864691132782880926
22200,864691132782881182
22201,864691132782885022
22202,864691132782886046
22203,864691132782887838
22204,864691132782888094
22205,864691132782888350
22206,864691132782888606
22207,864691132782890654
22208,864691132782891934
22209,864691132782892446
22210,864691132782895518
22211,864691132782895774
22212,864691132782896030
22213,864691132782896542
22214,864691132782898334
22215,864691132782898846
22216,864691132782899358
22217,864691132782900894
22218,864691132782904222
22219,864691132782906014
22220,864691132782908318
22221,864691132782908830
22222,864691132782910110
22223,864691132782910622
22224,864691132782911646
22225,864691132782913522
22226,864691132782914206
22227,864691132782914462
22228,864691132782916510
22229,864691132782917022
22230,864691132782917278
22231,864691132782917790
22232,864691132782919070
22233,864691132782919326
22234,864691132782919838
22235,864691132782920094
22236,864691132782920350
22237,864691132782922398
22238,864691132782924190
22239,864691132782924702
22240,864691132782926750
22241,864691132782927518
22242,864691132782928030
22243,864691132782928542
22244,864691132782928798
22245,864691132782931614
22246,864691132782932638
22247,864691132782933406
22248,864691132782933662
22249,864691132782934430
22250,864691132782935180
22251,864691132782935198
22252,864691132782935710
22253,864691132782940062
22254,864691132782940318
22255,864691132783019506
22256,864691132783019741
22257,864691132783054066
22258,864691132783062514
22259,864691132783065758
22260,864691132783067038
22261,864691132783068318
22262,864691132783070110
22263,864691132783070366
22264,864691132783071134
22265,864691132783072670
22266,864691132783072926
22267,864691132783074206
22268,864691132783075230
22269,864691132783079070
22270,864691132783079582
22271,864691132783080862
22272,864691132783081374
22273,864691132783081886
22274,864691132783082398
22275,864691132783082654
22276,864691132783090205
22277,864691132783110046
22278,864691132783111838
22279,864691132783112094
22280,864691132783119774
22281,864691132783120286
22282,864691132783121566
22283,864691132783121822
22284,864691132783122590
22285,864691132783123102
22286,864691132783123358
22287,864691132783123614
22288,864691132783123870
22289,864691132783124126
22290,864691132783124638
22291,864691132783129070
22292,864691132783132704
22293,864691132783149294
22294,864691132783154926
22295,864691132783157490
22296,864691132783174610
22297,864691132783176606
22298,864691132783262852
22299,864691132783297768
22300,864691132783311314
22301,864691132783406066
22302,864691132783447538
22303,864691132783470318
22304,864691132783475698
22305,864691132783477490
22306,864691132783568370
22307,864691132783608104
22308,864691132783609384
22309,864691132783610152
22310,864691132783611688
22311,864691132783611944
22312,864691132783612712
22313,864691132783612968
22314,864691132783614504
22315,864691132783615784
22316,864691132783616040
22317,864691132783618088
22318,864691132783619880
22319,864691132783623150
22320,864691132783624232
22321,864691132783624488
22322,864691132783627560
22323,864691132783628584
22324,864691132783628840
22325,864691132783629096
22326,864691132783630120
22327,864691132783632168
22328,864691132783632524
22329,864691132783634472
22330,864691132783634728
22331,864691132783636210
22332,864691132783636264
22333,864691132783637544
22334,864691132783638312
22335,864691132783638568
22336,864691132783639080
22337,864691132783641640
22338,864691132783641896
22339,864691132783642664
22340,864691132783643176
22341,864691132783643688
22342,864691132783643944
22343,864691132783645736
22344,864691132783646504
22345,864691132783647016
22346,864691132783647272
22347,864691132783648552
22348,864691132783652136
22349,864691132783652648
22350,864691132783652904
22351,864691132783654440
22352,864691132783654638
22353,864691132783654696
22354,864691132783658024
22355,864691132783658792
22356,864691132783659048
22357,864691132783659304
22358,864691132783660840
22359,864691132783663144
22360,864691132783663400
22361,864691132783663912
22362,864691132783664680
22363,864691132783669800
22364,864691132783670056
22365,864691132783674920
22366,864691132783677736
22367,864691132783677992
22368,864691132783678504
22369,864691132783679272
22370,864691132783680040
22371,864691132783681320
22372,864691132783683112
22373,864691132783685160
22374,864691132783685928
22375,864691132783690280
22376,864691132783690792
22377,864691132783691048
22378,864691132783692072
22379,864691132783692584
22380,864691132783693608
22381,864691132783694888
22382,864691132783696936
22383,864691132783697448
22384,864691132783697704
22385,864691132783698216
22386,864691132783699752
22387,864691132783700264
22388,864691132783700776
22389,864691132783703336
22390,864691132783705128
22391,864691132783707176
22392,864691132783708200
22393,864691132783709480
22394,864691132783710504
22395,864691132783711784
22396,864691132783712296
22397,864691132783712808
22398,864691132783713576
22399,864691132783714600
22400,864691132783715368
22401,864691132783715624
22402,864691132783715880
22403,864691132783716648
22404,864691132783717160
22405,864691132783717278
22406,864691132783717672
22407,864691132783718952
22408,864691132783719154
22409,864691132783719464
22410,864691132783719720
22411,864691132783720488
22412,864691132783721768
22413,864691132783723304
22414,864691132783724072
22415,864691132783724840
22416,864691132783726632
22417,864691132783729192
22418,864691132783729448
22419,864691132783730984
22420,864691132783732008
22421,864691132783732264
22422,864691132783732776
22423,864691132783733032
22424,864691132783734056
22425,864691132783734312
22426,864691132783738408
22427,864691132783748050
22428,864691132783750126
22429,864691132783758888
22430,864691132783788832
22431,864691132783792622
22432,864691132783799794
22433,864691132783815070
22434,864691132783829229
22435,864691132783866098
22436,864691132783867630
22437,864691132783892210
22438,864691132783893998
22439,864691132783896050
22440,864691132783902034
22441,864691132783904808
22442,864691132783906600
22443,864691132783907112
22444,864691132783907368
22445,864691132783915346
22446,864691132783915602
22447,864691132783916626
22448,864691132783917906
22449,864691132783925586
22450,864691132783926354
22451,864691132783926866
22452,864691132783928402
22453,864691132783929170
22454,864691132783929682
22455,864691132783929938
22456,864691132783930706
22457,864691132783930962
22458,864691132783931474
22459,864691132783932754
22460,864691132783933010
22461,864691132783934290
22462,864691132783935570
22463,864691132783937618
22464,864691132783938642
22465,864691132783938898
22466,864691132783939154
22467,864691132783942994
22468,864691132783945298
22469,864691132783947602
22470,864691132783949138
22471,864691132783950418
22472,864691132783951954
22473,864691132783952210
22474,864691132783952722
22475,864691132783952978
22476,864691132783953234
22477,864691132783953704
22478,864691132783954216
22479,864691132783954514
22480,864691132783954770
22481,864691132783954984
22482,864691132783955026
22483,864691132783955240
22484,864691132783956264
22485,864691132783956306
22486,864691132783956520
22487,864691132783957074
22488,864691132783957288
22489,864691132783957544
22490,864691132783957800
22491,864691132783958866
22492,864691132783959122
22493,864691132783959378
22494,864691132783959634
22495,864691132783960360
22496,864691132783960402
22497,864691132783962152
22498,864691132783963218
22499,864691132783965522
22500,864691132783968082
22501,864691132783968850
22502,864691132783969832
22503,864691132783970088
22504,864691132783970386
22505,864691132783971154
22506,864691132783972434
22507,864691132783972690
22508,864691132783973202
22509,864691132783974226
22510,864691132783977042
22511,864691132783978280
22512,864691132783978322
22513,864691132783978482
22514,864691132783978734
22515,864691132783978792
22516,864691132783979048
22517,864691132783979560
22518,864691132783980328
22519,864691132783980584
22520,864691132783981352
22521,864691132783981608
22522,864691132783981864
22523,864691132783993586
22524,864691132784024151
22525,864691132784053398
22526,864691132784056964
22527,864691132784056982
22528,864691132784057494
22529,864691132784058518
22530,864691132784059030
22531,864691132784059286
22532,864691132784060054
22533,864691132784061590
22534,864691132784063894
22535,864691132784064662
22536,864691132784064918
22537,864691132784065942
22538,864691132784066454
22539,864691132784066710
22540,864691132784066966
22541,864691132784068758
22542,864691132784069526
22543,864691132784070294
22544,864691132784072598
22545,864691132784072854
22546,864691132784074902
22547,864691132784075158
22548,864691132784075414
22549,864691132784075926
22550,864691132784076950
22551,864691132784077206
22552,864691132784077718
22553,864691132784078998
22554,864691132784079254
22555,864691132784080022
22556,864691132784081814
22557,864691132784082070
22558,864691132784084374
22559,864691132784086934
22560,864691132784087958
22561,864691132784088982
22562,864691132784089494
22563,864691132784090518
22564,864691132784091542
22565,864691132784094614
22566,864691132784094870
22567,864691132784095894
22568,864691132784096406
22569,864691132784098966
22570,864691132784101526
22571,864691132784102294
22572,864691132784102482
22573,864691132784103574
22574,864691132784103830
22575,864691132784104018
22576,864691132784104086
22577,864691132784104274
22578,864691132784104488
22579,864691132784104598
22580,864691132784104854
22581,864691132784105042
22582,864691132784105298
22583,864691132784105458
22584,864691132784105622
22585,864691132784106226
22586,864691132784106322
22587,864691132784106646
22588,864691132784107346
22589,864691132784107414
22590,864691132784108182
22591,864691132784108270
22592,864691132784108438
22593,864691132784108626
22594,864691132784108694
22595,864691132784108882
22596,864691132784108950
22597,864691132784109206
22598,864691132784109394
22599,864691132784109650
22600,864691132784109906
22601,864691132784109974
22602,864691132784110486
22603,864691132784111186
22604,864691132784111254
22605,864691132784111698
22606,864691132784111717
22607,864691132784111766
22608,864691132784112534
22609,864691132784113234
22610,864691132784113746
22611,864691132784113814
22612,864691132784114070
22613,864691132784114258
22614,864691132784114514
22615,864691132784114770
22616,864691132784114838
22617,864691132784115094
22618,864691132784115538
22619,864691132784117654
22620,864691132784119538
22621,864691132784119702
22622,864691132784119958
22623,864691132784120982
22624,864691132784122774
22625,864691132784124054
22626,864691132784124566
22627,864691132784124822
22628,864691132784130974
22629,864691132784132686
22630,864691132784140530
22631,864691132784143346
22632,864691132784170834
22633,864691132784171762
22634,864691132784173394
22635,864691132784173462
22636,864691132784173650
22637,864691132784175442
22638,864691132784175698
22639,864691132784176466
22640,864691132784176722
22641,864691132784180306
22642,864691132784180562
22643,864691132784182610
22644,864691132784183634
22645,864691132784183890
22646,864691132784184146
22647,864691132784188910
22648,864691132784191541
22649,864691132784198894
22650,864691132784200434
22651,864691132784202636
22652,864691132784223568
22653,864691132784242263
22654,864691132784256662
22655,864691132784257174
22656,864691132784257686
22657,864691132784257942
22658,864691132784258966
22659,864691132784259990
22660,864691132784260502
22661,864691132784261782
22662,864691132784262038
22663,864691132784262806
22664,864691132784263062
22665,864691132784263574
22666,864691132784263830
22667,864691132784265110
22668,864691132784266327
22669,864691132784266390
22670,864691132784267158
22671,864691132784268182
22672,864691132784268438
22673,864691132784268694
22674,864691132784269462
22675,864691132784271510
22676,864691132784272022
22677,864691132784272790
22678,864691132784275862
22679,864691132784276630
22680,864691132784276886
22681,864691132784279446
22682,864691132784279702
22683,864691132784279948
22684,864691132784280214
22685,864691132784281238
22686,864691132784281750
22687,864691132784282006
22688,864691132784290462
22689,864691132784297512
22690,864691132784317213
22691,864691132784322718
22692,864691132784323990
22693,864691132784324758
22694,864691132784326999
22695,864691132784328598
22696,864691132784328686
22697,864691132784332182
22698,864691132784332438
22699,864691132784341654
22700,864691132784341910
22701,864691132784342166
22702,864691132784342934
22703,864691132784344470
22704,864691132784345750
22705,864691132784366066
22706,864691132784387734
22707,864691132784389106
22708,864691132784403543
22709,864691132784418290
22710,864691132784429143
22711,864691132784489815
22712,864691132784497394
22713,864691132784517362
22714,864691132784525392
22715,864691132784534103
22716,864691132784547314
22717,864691132784558928
22718,864691132784579150
22719,864691132784590988
22720,864691132784594162
22721,864691132784597388
22722,864691132784601268
22723,864691132784666508
22724,864691132784763176
22725,864691132784767063
22726,864691132784783447
22727,864691132784819543
22728,864691132784828830
22729,864691132784835159
22730,864691132784868492
22731,864691132784874209
22732,864691132784920972
22733,864691132784924830
22734,864691132784975518
22735,864691132784991178
22736,864691132784996554
22737,864691132784998602
22738,864691132785004490
22739,864691132785008524
22740,864691132785010890
22741,864691132785011914
22742,864691132785012426
22743,864691132785012682
22744,864691132785013450
22745,864691132785013962
22746,864691132785014218
22747,864691132785014986
22748,864691132785015498
22749,864691132785017160
22750,864691132785017546
22751,864691132785017802
22752,864691132785018058
22753,864691132785019082
22754,864691132785019338
22755,864691132785020106
22756,864691132785020362
22757,864691132785020618
22758,864691132785021130
22759,864691132785022666
22760,864691132785022922
22761,864691132785023434
22762,864691132785023646
22763,864691132785023690
22764,864691132785024970
22765,864691132785025226
22766,864691132785025738
22767,864691132785025994
22768,864691132785028042
22769,864691132785028810
22770,864691132785029578
22771,864691132785030602
22772,864691132785032394
22773,864691132785032906
22774,864691132785033162
22775,864691132785033674
22776,864691132785034186
22777,864691132785034954
22778,864691132785035210
22779,864691132785035978
22780,864691132785036490
22781,864691132785038056
22782,864691132785039306
22783,864691132785040330
22784,864691132785042634
22785,864691132785042890
22786,864691132785043402
22787,864691132785044938
22788,864691132785045194
22789,864691132785045706
22790,864691132785050314
22791,864691132785050826
22792,864691132785051338
22793,864691132785051594
22794,864691132785051850
22795,864691132785054922
22796,864691132785056970
22797,864691132785057994
22798,864691132785058506
22799,864691132785058762
22800,864691132785060042
22801,864691132785060298
22802,864691132785061834
22803,864691132785062090
22804,864691132785062858
22805,864691132785063626
22806,864691132785065162
22807,864691132785070167
22808,864691132785078668
22809,864691132785085342
22810,864691132785104487
22811,864691132785109079
22812,864691132785162984
22813,864691132785190580
22814,864691132785203950
22815,864691132785220298
22816,864691132785220554
22817,864691132785221066
22818,864691132785221322
22819,864691132785222090
22820,864691132785223114
22821,864691132785224138
22822,864691132785225110
22823,864691132785225418
22824,864691132785225674
22825,864691132785227466
22826,864691132785228746
22827,864691132785229514
22828,864691132785230282
22829,864691132785231306
22830,864691132785262794
22831,864691132785264330
22832,864691132785264842
22833,864691132785265610
22834,864691132785265751
22835,864691132785266122
22836,864691132785266634
22837,864691132785267281
22838,864691132785267658
22839,864691132785267914
22840,864691132785268305
22841,864691132785268426
22842,864691132785268682
22843,864691132785269329
22844,864691132785270474
22845,864691132785272657
22846,864691132785274826
22847,864691132785275338
22848,864691132785275473
22849,864691132785275729
22850,864691132785275850
22851,864691132785275985
22852,864691132785276753
22853,864691132785277521
22854,864691132785277642
22855,864691132785277777
22856,864691132785279313
22857,864691132785279825
22858,864691132785281361
22859,864691132785281738
22860,864691132785281994
22861,864691132785282385
22862,864691132785283409
22863,864691132785283921
22864,864691132785284433
22865,864691132785284951
22866,864691132785285457
22867,864691132785285969
22868,864691132785286993
22869,864691132785287249
22870,864691132785287761
22871,864691132785288273
22872,864691132785289553
22873,864691132785290065
22874,864691132785291089
22875,864691132785291978
22876,864691132785292369
22877,864691132785292881
22878,864691132785293137
22879,864691132785293393
22880,864691132785293905
22881,864691132785294161
22882,864691132785294417
22883,864691132785295185
22884,864691132785295697
22885,864691132785295953
22886,864691132785296722
22887,864691132785297489
22888,864691132785297745
22889,864691132785298769
22890,864691132785299537
22891,864691132785299793
22892,864691132785300561
22893,864691132785301329
22894,864691132785301585
22895,864691132785302097
22896,864691132785303889
22897,864691132785304657
22898,864691132785305681
22899,864691132785305937
22900,864691132785306449
22901,864691132785306961
22902,864691132785308753
22903,864691132785310033
22904,864691132785310545
22905,864691132785311057
22906,864691132785312396
22907,864691132785312593
22908,864691132785313873
22909,864691132785315153
22910,864691132785316177
22911,864691132785319505
22912,864691132785319761
22913,864691132785320017
22914,864691132785323089
22915,864691132785323857
22916,864691132785324113
22917,864691132785324881
22918,864691132785325393
22919,864691132785326929
22920,864691132785327756
22921,864691132785328209
22922,864691132785328780
22923,864691132785328977
22924,864691132785329233
22925,864691132785329489
22926,864691132785330257
22927,864691132785332305
22928,864691132785336145
22929,864691132785337169
22930,864691132785337425
22931,864691132785338193
22932,864691132785338967
22933,864691132785339729
22934,864691132785342545
22935,864691132785343825
22936,864691132785344081
22937,864691132785344593
22938,864691132785352017
22939,864691132785354577
22940,864691132785355166
22941,864691132785355601
22942,864691132785356369
22943,864691132785357905
22944,864691132785358161
22945,864691132785358417
22946,864691132785359185
22947,864691132785362257
22948,864691132785363281
22949,864691132785364561
22950,864691132785366609
22951,864691132785368401
22952,864691132785368657
22953,864691132785368913
22954,864691132785369012
22955,864691132785369937
22956,864691132785370455
22957,864691132785371217
22958,864691132785371473
22959,864691132785371729
22960,864691132785376337
22961,864691132785376593
22962,864691132785376849
22963,864691132785378385
22964,864691132785378897
22965,864691132785379921
22966,864691132785381457
22967,864691132785382993
22968,864691132785383505
22969,864691132785400010
22970,864691132785418420
22971,864691132785428567
22972,864691132785429591
22973,864691132785461132
22974,864691132785493940
22975,864691132785505950
22976,864691132785512232
22977,864691132785514577
22978,864691132785515089
22979,864691132785515345
22980,864691132785517393
22981,864691132785517649
22982,864691132785518161
22983,864691132785518935
22984,864691132785522001
22985,864691132785522257
22986,864691132785524638
22987,864691132785537164
22988,864691132785546577
22989,864691132785548625
22990,864691132785549905
22991,864691132785549911
22992,864691132785550417
22993,864691132785552721
22994,864691132785554001
22995,864691132785554257
22996,864691132785554769
22997,864691132785555281
22998,864691132785555537
22999,864691132785556305
23000,864691132785557504
23001,864691132785557585
23002,864691132785558353
23003,864691132785560657
23004,864691132785562961
23005,864691132785565009
23006,864691132785568670
23007,864691132785569361
23008,864691132785570897
23009,864691132785571153
23010,864691132785571409
23011,864691132785571665
23012,864691132785579422
23013,864691132785590865
23014,864691132785620776
23015,864691132785643466
23016,864691132785656146
23017,864691132785663126
23018,864691132785668236
23019,864691132785693777
23020,864691132785696132
23021,864691132785704588
23022,864691132785739040
23023,864691132785750924
23024,864691132785757590
23025,864691132785772940
23026,864691132785808466
23027,864691132785825950
23028,864691132785840936
23029,864691132785845288
23030,864691132785845406
23031,864691132785849888
23032,864691132785880222
23033,864691132785890740
23034,864691132785909910
23035,864691132785915474
23036,864691132785916754
23037,864691132785917854
23038,864691132785947850
23039,864691132785994646
23040,864691132785995678
23041,864691132786002258
23042,864691132786010508
23043,864691132786023662
23044,864691132786031904
23045,864691132786050897
23046,864691132786085022
23047,864691132786124694
23048,864691132786125196
23049,864691132786127244
23050,864691132786190418
23051,864691132786193558
23052,864691132786217630
23053,864691132786229998
23054,864691132786250065
23055,864691132786253214
23056,864691132786265484
23057,864691132786267030
23058,864691132786267038
23059,864691132786279762
23060,864691132786288542
23061,864691132786289292
23062,864691132786291596
23063,864691132786307998
23064,864691132786313000
23065,864691132786326686
23066,864691132786350494
23067,864691132786354078
23068,864691132786366760
23069,864691132786371560
23070,864691132786375976
23071,864691132786386060
23072,864691132786388008
23073,864691132786398410
23074,864691132786400238
23075,864691132786406184
23076,864691132786409118
23077,864691132786410884
23078,864691132786418334
23079,864691132786443089
23080,864691132786447756
23081,864691132786462289
23082,864691132786462348
23083,864691132786462860
23084,864691132786478988
23085,864691132786488204
23086,864691132786539158
23087,864691132786542162
23088,864691132786554774
23089,864691132786559016
23090,864691132786571926
23091,864691132786577866
23092,864691132786583080
23093,864691132786589778
23094,864691132786595154
23095,864691132786625362
23096,864691132786635858
23097,864691132786640168
23098,864691132786648402
23099,864691132786658710
23100,864691132786686504
23101,864691132786698902
23102,864691132786705152
23103,864691132786707240
23104,864691132786721832
23105,864691132786773330
23106,864691132786779432
23107,864691132786797352
23108,864691132786799442
23109,864691132786841494
23110,864691132786900306
23111,864691132786908497
23112,864691132786925974
23113,864691132786950038
23114,864691132786984086
23115,864691132786999121
23116,864691132787024722
23117,864691132787051625
23118,864691132787054486
23119,864691132787065681
23120,864691132787070102
23121,864691132787074856
23122,864691132787078696
23123,864691132787083816
23124,864691132787085096
23125,864691132787105226
23126,864691132787136103
23127,864691132787167314
23128,864691132787168918
23129,864691132787174294
23130,864691132787184722
23131,864691132787196241
23132,864691132787209418
23133,864691132787219538
23134,864691132787227060
23135,864691132787270806
23136,864691132787279442
23137,864691132787304086
23138,864691132787307414
23139,864691132787310930
23140,864691132787311206
23141,864691132787326922
23142,864691132787340694
23143,864691132787349585
23144,864691132787358033
23145,864691132787365714
23146,864691132787388054
23147,864691132787430038
23148,864691132787432017
23149,864691132787440842
23150,864691132787458506
23151,864691132787518952
23152,864691132787551569
23153,864691132787570769
23154,864691132787578705
23155,864691132787628693
23156,864691132787629393
23157,864691132787632465
23158,864691132787644753
23159,864691132787649105
23160,864691132787669841
23161,864691132787700049
23162,864691132787705793
23163,864691132787727562
23164,864691132787731281
23165,864691132787761489
23166,864691132787775569
23167,864691132787799242
23168,864691132787823598
23169,864691132787830609
23170,864691132787835368
23171,864691132787885770
23172,864691132787914998
23173,864691132787986378
23174,864691132787992287
23175,864691132787997151
23176,864691132787997430
23177,864691132787997919
23178,864691132787997942
23179,864691132787998943
23180,864691132788000849
23181,864691132788001759
23182,864691132788002271
23183,864691132788002527
23184,864691132788003295
23185,864691132788003807
23186,864691132788004063
23187,864691132788004598
23188,864691132788005599
23189,864691132788006879
23190,864691132788007414
23191,864691132788007903
23192,864691132788008694
23193,864691132788008927
23194,864691132788009206
23195,864691132788009439
23196,864691132788009695
23197,864691132788009951
23198,864691132788010207
23199,864691132788010719
23200,864691132788010975
23201,864691132788011231
23202,864691132788012278
23203,864691132788012534
23204,864691132788012767
23205,864691132788013046
23206,864691132788013535
23207,864691132788014326
23208,864691132788014815
23209,864691132788014838
23210,864691132788015071
23211,864691132788015327
23212,864691132788016351
23213,864691132788017142
23214,864691132788017375
23215,864691132788017887
23216,864691132788017910
23217,864691132788018166
23218,864691132788018399
23219,864691132788019190
23220,864691132788019446
23221,864691132788020191
23222,864691132788020214
23223,864691132788020447
23224,864691132788020726
23225,864691132788021238
23226,864691132788021471
23227,864691132788022006
23228,864691132788022239
23229,864691132788022262
23230,864691132788022774
23231,864691132788023263
23232,864691132788023519
23233,864691132788024310
23234,864691132788024543
23235,864691132788024566
23236,864691132788024822
23237,864691132788025078
23238,864691132788026335
23239,864691132788027894
23240,864691132788028383
23241,864691132788028639
23242,864691132788029151
23243,864691132788029430
23244,864691132788029663
23245,864691132788029686
23246,864691132788030454
23247,864691132788030687
23248,864691132788033270
23249,864691132788033503
23250,864691132788034015
23251,864691132788034294
23252,864691132788034542
23253,864691132788035318
23254,864691132788036086
23255,864691132788036319
23256,864691132788036598
23257,864691132788036854
23258,864691132788037087
23259,864691132788037878
23260,864691132788038111
23261,864691132788038623
23262,864691132788038902
23263,864691132788039158
23264,864691132788040159
23265,864691132788040182
23266,864691132788040438
23267,864691132788040950
23268,864691132788041183
23269,864691132788041439
23270,864691132788041718
23271,864691132788042486
23272,864691132788043231
23273,864691132788043254
23274,864691132788044511
23275,864691132788044767
23276,864691132788045279
23277,864691132788046815
23278,864691132788046838
23279,864691132788047071
23280,864691132788047327
23281,864691132788047350
23282,864691132788048095
23283,864691132788048374
23284,864691132788048607
23285,864691132788049142
23286,864691132788049375
23287,864691132788049910
23288,864691132788050399
23289,864691132788050655
23290,864691132788051935
23291,864691132788052447
23292,864691132788052470
23293,864691132788053215
23294,864691132788054262
23295,864691132788055286
23296,864691132788055519
23297,864691132788056031
23298,864691132788057070
23299,864691132788057311
23300,864691132788058335
23301,864691132788059103
23302,864691132788059359
23303,864691132788059871
23304,864691132788059894
23305,864691132788061686
23306,864691132788061942
23307,864691132788062175
23308,864691132788062198
23309,864691132788062687
23310,864691132788062943
23311,864691132788062966
23312,864691132788063711
23313,864691132788063990
23314,864691132788064479
23315,864691132788064502
23316,864691132788064735
23317,864691132788065526
23318,864691132788066294
23319,864691132788066550
23320,864691132788066783
23321,864691132788067062
23322,864691132788068598
23323,864691132788068854
23324,864691132788069622
23325,864691132788070481
23326,864691132788070646
23327,864691132788071391
23328,864691132788072182
23329,864691132788073462
23330,864691132788074463
23331,864691132788074975
23332,864691132788075487
23333,864691132788075766
23334,864691132788076511
23335,864691132788077302
23336,864691132788078326
23337,864691132788079327
23338,864691132788080607
23339,864691132788081119
23340,864691132788081142
23341,864691132788081654
23342,864691132788081887
23343,864691132788083702
23344,864691132788083935
23345,864691132788083958
23346,864691132788084726
23347,864691132788085215
23348,864691132788085238
23349,864691132788085471
23350,864691132788085727
23351,864691132788087263
23352,864691132788088031
23353,864691132788089078
23354,864691132788089334
23355,864691132788089567
23356,864691132788090079
23357,864691132788091382
23358,864691132788091638
23359,864691132788091894
23360,864691132788092150
23361,864691132788092383
23362,864691132788093686
23363,864691132788094431
23364,864691132788094454
23365,864691132788094710
23366,864691132788094943
23367,864691132788095313
23368,864691132788095455
23369,864691132788097526
23370,864691132788097759
23371,864691132788098015
23372,864691132788098038
23373,864691132788098271
23374,864691132788098527
23375,864691132788098783
23376,864691132788099039
23377,864691132788099830
23378,864691132788100575
23379,864691132788100831
23380,864691132788102646
23381,864691132788103414
23382,864691132788103903
23383,864691132788104438
23384,864691132788104927
23385,864691132788105718
23386,864691132788105951
23387,864691132788105974
23388,864691132788109023
23389,864691132788109535
23390,864691132788110303
23391,864691132788110559
23392,864691132788110582
23393,864691132788112351
23394,864691132788114399
23395,864691132788114911
23396,864691132788116703
23397,864691132788116938
23398,864691132788116959
23399,864691132788178997
23400,864691132788179935
23401,864691132788186449
23402,864691132788190033
23403,864691132788191690
23404,864691132788241610
23405,864691132788259062
23406,864691132788259574
23407,864691132788260086
23408,864691132788261110
23409,864691132788262390
23410,864691132788263414
23411,864691132788263926
23412,864691132788265462
23413,864691132788266742
23414,864691132788267254
23415,864691132788268022
23416,864691132788268790
23417,864691132788269302
23418,864691132788269814
23419,864691132788270070
23420,864691132788270326
23421,864691132788270838
23422,864691132788271350
23423,864691132788271606
23424,864691132788271862
23425,864691132788301535
23426,864691132788301791
23427,864691132788302815
23428,864691132788303327
23429,864691132788303583
23430,864691132788303839
23431,864691132788304863
23432,864691132788305119
23433,864691132788305375
23434,864691132788305631
23435,864691132788305654
23436,864691132788305910
23437,864691132788306001
23438,864691132788306399
23439,864691132788306422
23440,864691132788306911
23441,864691132788306934
23442,864691132788307190
23443,864691132788307679
23444,864691132788307702
23445,864691132788307935
23446,864691132788308191
23447,864691132788308726
23448,864691132788308982
23449,864691132788309215
23450,864691132788309727
23451,864691132788310006
23452,864691132788310239
23453,864691132788310262
23454,864691132788310774
23455,864691132788312310
23456,864691132788312566
23457,864691132788313334
23458,864691132788314591
23459,864691132788314847
23460,864691132788316127
23461,864691132788317430
23462,864691132788318431
23463,864691132788319455
23464,864691132788320223
23465,864691132788321247
23466,864691132788321759
23467,864691132788322015
23468,864691132788322527
23469,864691132788322783
23470,864691132788323295
23471,864691132788325343
23472,864691132788325622
23473,864691132788325878
23474,864691132788326111
23475,864691132788326134
23476,864691132788326623
23477,864691132788326646
23478,864691132788327903
23479,864691132788328927
23480,864691132788329695
23481,864691132788330975
23482,864691132788331999
23483,864691132788333023
23484,864691132788333770
23485,864691132788335350
23486,864691132788336095
23487,864691132788336351
23488,864691132788336607
23489,864691132788337375
23490,864691132788338143
23491,864691132788338399
23492,864691132788338655
23493,864691132788339423
23494,864691132788339537
23495,864691132788340191
23496,864691132788340959
23497,864691132788341727
23498,864691132788343007
23499,864691132788343263
23500,864691132788343519
23501,864691132788344543
23502,864691132788345311
23503,864691132788373983
23504,864691132788374239
23505,864691132788374751
23506,864691132788375519
23507,864691132788376031
23508,864691132788376543
23509,864691132788377311
23510,864691132788379338
23511,864691132788387551
23512,864691132788427089
23513,864691132788468682
23514,864691132788470751
23515,864691132788481482
23516,864691132788481526
23517,864691132788495185
23518,864691132788520671
23519,864691132788542454
23520,864691132788561610
23521,864691132788569802
23522,864691132788576915
23523,864691132788615135
23524,864691132788642413
23525,864691132788646879
23526,864691132788663217
23527,864691132788672149
23528,864691132788673729
23529,864691132788687185
23530,864691132788760401
23531,864691132788807505
23532,864691132788812881
23533,864691132788868711
23534,864691132788900945
23535,864691132788903505
23536,864691132788913631
23537,864691132788913896
23538,864691132788948561
23539,864691132788970056
23540,864691132788983542
23541,864691132789074769
23542,864691132789107432
23543,864691132789110609
23544,864691132789117416
23545,864691132789183569
23546,864691132789192273
23547,864691132789203688
23548,864691132789220433
23549,864691132789253457
23550,864691132789260511
23551,864691132789306614
23552,864691132789309686
23553,864691132789338591
23554,864691132789353041
23555,864691132789365983
23556,864691132789379295
23557,864691132789430865
23558,864691132789439825
23559,864691132789453393
23560,864691132789495377
23561,864691132789497334
23562,864691132789506550
23563,864691132789690358
23564,864691132789705718
23565,864691132789741037
23566,864691132789843364
23567,864691132789905767
23568,864691132789944941
23569,864691132790038239
23570,864691132790048878
23571,864691132790056480
23572,864691132790119670
23573,864691132790301942
23574,864691132790383350
23575,864691132790419167
23576,864691132790451958
23577,864691132790556150
23578,864691132790575826
23579,864691132790659062
23580,864691132790659204
23581,864691132790668511
23582,864691132790716127
23583,864691132790778079
23584,864691132790791533
23585,864691132790795264
23586,864691132790803744
23587,864691132790857439
23588,864691132790883912
23589,864691132790887391
23590,864691132790924360
23591,864691132790956647
23592,864691132790994678
23593,864691132791052360
23594,864691132791132127
23595,864691132791189471
23596,864691132791204448
23597,864691132791233782
23598,864691132791266783
23599,864691132791271926
23600,864691132791273183
23601,864691132791314678
23602,864691132791320543
23603,864691132791348982
23604,864691132791371510
23605,864691132791406944
23606,864691132791434645
23607,864691132791463158
23608,864691132791463670
23609,864691132791478495
23610,864691132791491360
23611,864691132791508456
23612,864691132791522527
23613,864691132791530486
23614,864691132791545268
23615,864691132791580639
23616,864691132791583990
23617,864691132791632118
23618,864691132791636447
23619,864691132791657974
23620,864691132791704822
23621,864691132791719670
23622,864691132791736822
23623,864691132791758582
23624,864691132791760095
23625,864691132791791839
23626,864691132791796982
23627,864691132791852264
23628,864691132791911647
23629,864691132791949535
23630,864691132791963829
23631,864691132792004328
23632,864691132792068050
23633,864691132792112878
23634,864691132792130229
23635,864691132792136836
23636,864691132792148149
23637,864691132792167890
23638,864691132792251624
23639,864691132792262069
23640,864691132792433332
23641,864691132792433796
23642,864691132792494152
23643,864691132792560004
23644,864691132792641412
23645,864691132792657332
23646,864691132792748783
23647,864691132792753589
23648,864691132792754927
23649,864691132792755695
23650,864691132792756207
23651,864691132792758255
23652,864691132792759279
23653,864691132792759791
23654,864691132792760559
23655,864691132792761839
23656,864691132792763631
23657,864691132792764143
23658,864691132792765167
23659,864691132792765679
23660,864691132792766959
23661,864691132792768239
23662,864691132792768495
23663,864691132792770287
23664,864691132792772335
23665,864691132792772591
23666,864691132792772847
23667,864691132792774895
23668,864691132792776175
23669,864691132792776431
23670,864691132792777711
23671,864691132792777967
23672,864691132792779247
23673,864691132792781551
23674,864691132792783343
23675,864691132792783599
23676,864691132792783855
23677,864691132792785135
23678,864691132792786927
23679,864691132792787183
23680,864691132792787951
23681,864691132792788463
23682,864691132792790767
23683,864691132792794607
23684,864691132792795375
23685,864691132792796143
23686,864691132792796911
23687,864691132792798447
23688,864691132792798959
23689,864691132792799727
23690,864691132792799983
23691,864691132792800751
23692,864691132792802031
23693,864691132792804335
23694,864691132792805103
23695,864691132792806639
23696,864691132792807407
23697,864691132792807919
23698,864691132792808431
23699,864691132792809455
23700,864691132792810479
23701,864691132792811759
23702,864691132792814831
23703,864691132792815599
23704,864691132792815855
23705,864691132792816367
23706,864691132792816623
23707,864691132792817135
23708,864691132792817391
23709,864691132792817903
23710,864691132792818415
23711,864691132792818927
23712,864691132792819183
23713,864691132792819439
23714,864691132792820975
23715,864691132792821487
23716,864691132792824559
23717,864691132792826095
23718,864691132792828143
23719,864691132792830447
23720,864691132792830703
23721,864691132792830959
23722,864691132792831983
23723,864691132792833007
23724,864691132792833775
23725,864691132792834799
23726,864691132792835567
23727,864691132792836335
23728,864691132792837359
23729,864691132792839151
23730,864691132792841199
23731,864691132792842991
23732,864691132792843759
23733,864691132792844783
23734,864691132792847599
23735,864691132792848367
23736,864691132792848879
23737,864691132792849135
23738,864691132792850159
23739,864691132792850415
23740,864691132792850671
23741,864691132792856757
23742,864691132792925365
23743,864691132792998503
23744,864691132793002735
23745,864691132793003503
23746,864691132793004015
23747,864691132793005039
23748,864691132793006575
23749,864691132793008367
23750,864691132793008623
23751,864691132793011183
23752,864691132793047221
23753,864691132793067759
23754,864691132793070063
23755,864691132793070319
23756,864691132793070575
23757,864691132793071855
23758,864691132793074159
23759,864691132793078511
23760,864691132793078767
23761,864691132793082351
23762,864691132793091567
23763,864691132793441568
23764,864691132793492719
23765,864691132793618415
23766,864691132793711432
23767,864691132793785327
23768,864691132793959663
23769,864691132793966949
23770,864691132793967087
23771,864691132793988680
23772,864691132793997807
23773,864691132794305924
23774,864691132794396804
23775,864691132794512367
23776,864691132794527976
23777,864691132794584047
23778,864691132794730116
23779,864691132794751925
23780,864691132794811317
23781,864691132794819234
23782,864691132794850997
23783,864691132795025696
23784,864691132795046240
23785,864691132795056367
23786,864691132795139311
23787,864691132795232437
23788,864691132795275109
23789,864691132795288559
23790,864691132795356911
23791,864691132795498194
23792,864691132795549520
23793,864691132795582447
23794,864691132795587173
23795,864691132795613423
23796,864691132795643887
23797,864691132795645728
23798,864691132795719663
23799,864691132795846895
23800,864691132795858720
23801,864691132795859536
23802,864691132795867887
23803,864691132795922159
23804,864691132795954159
23805,864691132796014063
23806,864691132796019183
23807,864691132796039861
23808,864691132796060399
23809,864691132796076135
23810,864691132796083439
23811,864691132796100079
23812,864691132796122095
23813,864691132796144231
23814,864691132796176367
23815,864691132796180975
23816,864691132796188944
23817,864691132796189423
23818,864691132796293103
23819,864691132796321263
23820,864691132796365039
23821,864691132796417263
23822,864691132796488943
23823,864691132796494319
23824,864691132796507119
23825,864691132796540981
23826,864691132796633269
23827,864691132796741791
23828,864691132796823808
23829,864691132797039637
23830,864691132797039893
23831,864691132797040917
23832,864691132797042965
23833,864691132797046293
23834,864691132797049621
23835,864691132797049877
23836,864691132797050901
23837,864691132797051413
23838,864691132797057045
23839,864691132797058325
23840,864691132797058581
23841,864691132797060117
23842,864691132797061141
23843,864691132797063701
23844,864691132797063957
23845,864691132797064725
23846,864691132797065237
23847,864691132797066005
23848,864691132797070613
23849,864691132797073429
23850,864691132797074197
23851,864691132797075733
23852,864691132797077013
23853,864691132797078549
23854,864691132797079061
23855,864691132797079317
23856,864691132797080085
23857,864691132797080597
23858,864691132797080853
23859,864691132797081621
23860,864691132797083413
23861,864691132797083669
23862,864691132797084949
23863,864691132797085205
23864,864691132797085973
23865,864691132797089301
23866,864691132797090581
23867,864691132797090837
23868,864691132797094165
23869,864691132797105844
23870,864691132797188917
23871,864691132797228981
23872,864691132797261077
23873,864691132797261845
23874,864691132797262357
23875,864691132797263381
23876,864691132797263592
23877,864691132797263637
23878,864691132797265941
23879,864691132797266453
23880,864691132797266965
23881,864691132797267221
23882,864691132797269781
23883,864691132797270293
23884,864691132797270549
23885,864691132797270805
23886,864691132797271829
23887,864691132797274133
23888,864691132797274901
23889,864691132797275413
23890,864691132797276437
23891,864691132797277973
23892,864691132797278741
23893,864691132797278997
23894,864691132797281301
23895,864691132797282325
23896,864691132797282581
23897,864691132797284117
23898,864691132797285653
23899,864691132797287445
23900,864691132797287957
23901,864691132797288469
23902,864691132797289493
23903,864691132797290005
23904,864691132797290517
23905,864691132797330023
23906,864691132797360661
23907,864691132797361685
23908,864691132797361941
23909,864691132797362453
23910,864691132797362965
23911,864691132797363221
23912,864691132797368853
23913,864691132797370389
23914,864691132797370645
23915,864691132797371157
23916,864691132797393936
23917,864691132797444276
23918,864691132797445479
23919,864691132797445735
23920,864691132797506229
23921,864691132797585646
23922,864691132797612565
23923,864691132797737397
23924,864691132797749504
23925,864691132797758952
23926,864691132797801653
23927,864691132797866773
23928,864691132797889716
23929,864691132797906022
23930,864691132798099047
23931,864691132798152192
23932,864691132798155776
23933,864691132798156032
23934,864691132798156544
23935,864691132798158080
23936,864691132798158592
23937,864691132798160896
23938,864691132798161920
23939,864691132798162176
23940,864691132798162432
23941,864691132798162944
23942,864691132798163200
23943,864691132798163968
23944,864691132798164480
23945,864691132798165760
23946,864691132798167296
23947,864691132798169600
23948,864691132798169856
23949,864691132798170112
23950,864691132798170624
23951,864691132798171904
23952,864691132798172672
23953,864691132798174464
23954,864691132798177536
23955,864691132798177792
23956,864691132798180352
23957,864691132798181120
23958,864691132798181888
23959,864691132798182912
23960,864691132798183424
23961,864691132798185728
23962,864691132798187776
23963,864691132798188288
23964,864691132798188800
23965,864691132798189312
23966,864691132798190336
23967,864691132798191616
23968,864691132798192128
23969,864691132798192640
23970,864691132798192896
23971,864691132798193664
23972,864691132798194176
23973,864691132798194688
23974,864691132798195712
23975,864691132798196480
23976,864691132798197248
23977,864691132798197760
23978,864691132798198016
23979,864691132798198272
23980,864691132798198528
23981,864691132798202880
23982,864691132798203136
23983,864691132798205184
23984,864691132798207488
23985,864691132798253038
23986,864691132798255200
23987,864691132798348288
23988,864691132798348544
23989,864691132798349568
23990,864691132798350848
23991,864691132798352896
23992,864691132798354688
23993,864691132798355456
23994,864691132798356224
23995,864691132798356480
23996,864691132798356992
23997,864691132798357248
23998,864691132798357504
23999,864691132798358272
24000,864691132798431232
24001,864691132798431744
24002,864691132798432768
24003,864691132798435072
24004,864691132798435328
24005,864691132798572469
24006,864691132798615296
24007,864691132798734129
24008,864691132798844853
24009,864691132798963892
24010,864691132798978228
24011,864691132799021805
24012,864691132799083956
24013,864691132799112469
24014,864691132799257424
24015,864691132799314327
24016,864691132799315095
24017,864691132799315351
24018,864691132799317399
24019,864691132799323287
24020,864691132799324055
24021,864691132799324567
24022,864691132799325591
24023,864691132799326615
24024,864691132799326871
24025,864691132799327127
24026,864691132799328919
24027,864691132799329175
24028,864691132799329431
24029,864691132799331735
24030,864691132799332247
24031,864691132799332759
24032,864691132799334551
24033,864691132799335575
24034,864691132799338135
24035,864691132799339285
24036,864691132799339415
24037,864691132799339671
24038,864691132799340695
24039,864691132799344023
24040,864691132799344279
24041,864691132799345303
24042,864691132799345815
24043,864691132799346327
24044,864691132799346839
24045,864691132799347095
24046,864691132799348119
24047,864691132799349143
24048,864691132799349399
24049,864691132799351703
24050,864691132799351959
24051,864691132799352471
24052,864691132799352983
24053,864691132799353239
24054,864691132799353751
24055,864691132799359383
24056,864691132799360151
24057,864691132799361175
24058,864691132799363991
24059,864691132799366039
24060,864691132799366295
24061,864691132799368087
24062,864691132799369367
24063,864691132799370135
24064,864691132799375104
24065,864691132799379380
24066,864691132799395805
24067,864691132799405021
24068,864691132799405789
24069,864691132799408149
24070,864691132799410653
24071,864691132799412189
24072,864691132799412957
24073,864691132799413213
24074,864691132799413981
24075,864691132799414749
24076,864691132799415261
24077,864691132799416285
24078,864691132799416797
24079,864691132799417309
24080,864691132799417565
24081,864691132799417821
24082,864691132799418133
24083,864691132799418589
24084,864691132799420637
24085,864691132799420893
24086,864691132799421149
24087,864691132799422685
24088,864691132799422941
24089,864691132799423709
24090,864691132799424989
24091,864691132799425501
24092,864691132799426269
24093,864691132799426525
24094,864691132799426781
24095,864691132799427037
24096,864691132799427805
24097,864691132799428573
24098,864691132799429341
24099,864691132799430109
24100,864691132799432925
24101,864691132799433437
24102,864691132799434205
24103,864691132799434461
24104,864691132799434973
24105,864691132799437533
24106,864691132799438301
24107,864691132799438813
24108,864691132799439837
24109,864691132799441117
24110,864691132799441373
24111,864691132799442141
24112,864691132799442653
24113,864691132799443165
24114,864691132799443421
24115,864691132799443677
24116,864691132799444445
24117,864691132799444701
24118,864691132799447447
24119,864691132799447773
24120,864691132799448029
24121,864691132799450589
24122,864691132799452125
24123,864691132799452893
24124,864691132799453917
24125,864691132799454173
24126,864691132799454429
24127,864691132799454685
24128,864691132799454997
24129,864691132799455197
24130,864691132799456477
24131,864691132799456733
24132,864691132799457245
24133,864691132799458781
24134,864691132799459805
24135,864691132799460061
24136,864691132799461597
24137,864691132799462365
24138,864691132799462877
24139,864691132799463133
24140,864691132799465437
24141,864691132799465949
24142,864691132799467229
24143,864691132799467485
24144,864691132799467741
24145,864691132799468509
24146,864691132799469021
24147,864691132799469277
24148,864691132799470045
24149,864691132799472349
24150,864691132799474327
24151,864691132799474653
24152,864691132799476701
24153,864691132799476957
24154,864691132799477725
24155,864691132799478749
24156,864691132799482845
24157,864691132799483613
24158,864691132799484125
24159,864691132799485661
24160,864691132799487197
24161,864691132799488221
24162,864691132799488733
24163,864691132799488989
24164,864691132799490781
24165,864691132799493085
24166,864691132799493597
24167,864691132799494365
24168,864691132799494877
24169,864691132799495389
24170,864691132799499997
24171,864691132799503325
24172,864691132799505629
24173,864691132799506397
24174,864691132799506653
24175,864691132799507421
24176,864691132799507863
24177,864691132799508445
24178,864691132799509725
24179,864691132799510237
24180,864691132799510493
24181,864691132799513565
24182,864691132799514077
24183,864691132799514333
24184,864691132799515357
24185,864691132799515613
24186,864691132799518685
24187,864691132799519197
24188,864691132799519709
24189,864691132799519965
24190,864691132799520733
24191,864691132799523037
24192,864691132799524317
24193,864691132799525085
24194,864691132799526109
24195,864691132799528413
24196,864691132799531109
24197,864691132799531485
24198,864691132799531927
24199,864691132799533207
24200,864691132799533463
24201,864691132799534231
24202,864691132799534487
24203,864691132799535767
24204,864691132799537303
24205,864691132799537559
24206,864691132799538839
24207,864691132799540119
24208,864691132799540736
24209,864691132799540887
24210,864691132799541143
24211,864691132799541399
24212,864691132799541911
24213,864691132799542935
24214,864691132799543703
24215,864691132799544983
24216,864691132799545239
24217,864691132799545495
24218,864691132799545751
24219,864691132799547287
24220,864691132799547543
24221,864691132799547799
24222,864691132799548311
24223,864691132799564695
24224,864691132799565207
24225,864691132799565463
24226,864691132799566999
24227,864691132799567511
24228,864691132799569303
24229,864691132799570071
24230,864691132799571095
24231,864691132799571607
24232,864691132799571863
24233,864691132799572375
24234,864691132799572917
24235,864691132799575191
24236,864691132799576471
24237,864691132799577239
24238,864691132799579543
24239,864691132799581591
24240,864691132799581847
24241,864691132799582229
24242,864691132799582871
24243,864691132799583383
24244,864691132799583449
24245,864691132799583895
24246,864691132799586455
24247,864691132799587479
24248,864691132799587991
24249,864691132799618816
24250,864691132799630101
24251,864691132799645677
24252,864691132799647765
24253,864691132799647925
24254,864691132799657875
24255,864691132799665429
24256,864691132799672029
24257,864691132799672285
24258,864691132799672797
24259,864691132799673053
24260,864691132799673309
24261,864691132799673565
24262,864691132799674333
24263,864691132799674845
24264,864691132799675613
24265,864691132799676381
24266,864691132799678941
24267,864691132799680477
24268,864691132799680989
24269,864691132799693077
24270,864691132799696437
24271,864691132799701213
24272,864691132799701725
24273,864691132799701981
24274,864691132799702493
24275,864691132799703517
24276,864691132799703773
24277,864691132799705365
24278,864691132799706589
24279,864691132799708637
24280,864691132799709149
24281,864691132799712221
24282,864691132799712733
24283,864691132799712989
24284,864691132799717853
24285,864691132799718109
24286,864691132799718421
24287,864691132799718877
24288,864691132799719645
24289,864691132799720157
24290,864691132799720669
24291,864691132799721181
24292,864691132799722461
24293,864691132799722717
24294,864691132799742389
24295,864691132799818005
24296,864691132799825429
24297,864691132799834589
24298,864691132799866215
24299,864691132799955221
24300,864691132799963613
24301,864691132799995669
24302,864691132800021861
24303,864691132800025365
24304,864691132800036117
24305,864691132800101200
24306,864691132800182037
24307,864691132800268053
24308,864691132800290336
24309,864691132800296168
24310,864691132800305045
24311,864691132800318997
24312,864691132800326632
24313,864691132800327424
24314,864691132800359701
24315,864691132800384021
24316,864691132800401902
24317,864691132800405525
24318,864691132800490752
24319,864691132800569495
24320,864691132800617472
24321,864691132800647783
24322,864691132800676352
24323,864691132800703925
24324,864691132800904960
24325,864691132800934109
24326,864691132800938973
24327,864691132800952285
24328,864691132800975080
24329,864691132800986112
24330,864691132801025000
24331,864691132801032680
24332,864691132801041373
24333,864691132801091584
24334,864691132801106278
24335,864691132801106534
24336,864691132801107046
24337,864691132801107814
24338,864691132801113088
24339,864691132801114214
24340,864691132801116518
24341,864691132801117542
24342,864691132801117798
24343,864691132801119078
24344,864691132801120978
24345,864691132801125222
24346,864691132801125990
24347,864691132801127014
24348,864691132801127526
24349,864691132801127782
24350,864691132801131110
24351,864691132801131622
24352,864691132801132646
24353,864691132801133670
24354,864691132801134182
24355,864691132801135206
24356,864691132801135718
24357,864691132801136486
24358,864691132801136742
24359,864691132801137510
24360,864691132801138022
24361,864691132801138534
24362,864691132801139302
24363,864691132801143142
24364,864691132801144678
24365,864691132801145446
24366,864691132801148262
24367,864691132801148518
24368,864691132801150310
24369,864691132801151334
24370,864691132801152358
24371,864691132801152614
24372,864691132801153126
24373,864691132801153638
24374,864691132801154150
24375,864691132801159782
24376,864691132801160550
24377,864691132801161062
24378,864691132801162598
24379,864691132801168486
24380,864691132801169766
24381,864691132801172070
24382,864691132801173606
24383,864691132801175142
24384,864691132801175910
24385,864691132801175959
24386,864691132801177190
24387,864691132801177958
24388,864691132801178982
24389,864691132801180262
24390,864691132801180774
24391,864691132801181030
24392,864691132801181542
24393,864691132801181798
24394,864691132801182310
24395,864691132801182822
24396,864691132801184614
24397,864691132801197056
24398,864691132801239296
24399,864691132801255144
24400,864691132801270482
24401,864691132801278310
24402,864691132801300992
24403,864691132801307904
24404,864691132801328998
24405,864691132801329254
24406,864691132801329510
24407,864691132801329766
24408,864691132801331046
24409,864691132801331558
24410,864691132801334118
24411,864691132801335654
24412,864691132801335910
24413,864691132801346406
24414,864691132801346662
24415,864691132801346918
24416,864691132801347942
24417,864691132801348198
24418,864691132801348454
24419,864691132801349478
24420,864691132801351526
24421,864691132801388281
24422,864691132801396224
24423,864691132801413597
24424,864691132801414656
24425,864691132801435543
24426,864691132801458865
24427,864691132801505792
24428,864691132801532567
24429,864691132801534208
24430,864691132801592320
24431,864691132801623517
24432,864691132801657958
24433,864691132801679104
24434,864691132801681117
24435,864691132801698560
24436,864691132801746688
24437,864691132801751552
24438,864691132801807718
24439,864691132801812119
24440,864691132801815191
24441,864691132801819904
24442,864691132801821440
24443,864691132801848215
24444,864691132801848471
24445,864691132801849821
24446,864691132801873047
24447,864691132801924573
24448,864691132801942117
24449,864691132801954199
24450,864691132802035933
24451,864691132802039261
24452,864691132802041495
24453,864691132802041821
24454,864691132802054109
24455,864691132802068371
24456,864691132802098327
24457,864691132802104029
24458,864691132802154854
24459,864691132802176221
24460,864691132802207383
24461,864691132802248925
24462,864691132802287718
24463,864691132802295684
24464,864691132802319511
24465,864691132802320741
24466,864691132802357861
24467,864691132802365847
24468,864691132802408174
24469,864691132802412647
24470,864691132802415837
24471,864691132802420701
24472,864691132802448093
24473,864691132802554845
24474,864691132802567831
24475,864691132802591845
24476,864691132802636765
24477,864691132802650093
24478,864691132802690632
24479,864691132802700537
24480,864691132802727525
24481,864691132802752477
24482,864691132802768878
24483,864691132802776983
24484,864691132802820061
24485,864691132802825111
24486,864691132802829719
24487,864691132802833815
24488,864691132802856925
24489,864691132802862045
24490,864691132802862231
24491,864691132802876777
24492,864691132802879197
24493,864691132802888173
24494,864691132802890450
24495,864691132802898839
24496,864691132802916247
24497,864691132802923159
24498,864691132802927325
24499,864691132802960742
24500,864691132802966404
24501,864691132803051366
24502,864691132803085157
24503,864691132803124957
24504,864691132803166173
24505,864691132803201501
24506,864691132803215796
24507,864691132803283814
24508,864691132803402086
24509,864691132803403110
24510,864691132803407974
24511,864691132803415910
24512,864691132803431014
24513,864691132803445349
24514,864691132803455213
24515,864691132803463526
24516,864691132803466450
24517,864691132803619686
24518,864691132803623526
24519,864691132803730022
24520,864691132803742310
24521,864691132803792360
24522,864691132803802500
24523,864691132803821237
24524,864691132803821800
24525,864691132803855974
24526,864691132803886438
24527,864691132803901286
24528,864691132803941556
24529,864691132803957350
24530,864691132804011622
24531,864691132804112416
24532,864691132804118886
24533,864691132804147046
24534,864691132804152166
24535,864691132804160072
24536,864691132804161766
24537,864691132804219750
24538,864691132804232038
24539,864691132804241896
24540,864691132804245350
24541,864691132804253286
24542,864691132804350822
24543,864691132804380496
24544,864691132804395908
24545,864691132804440422
24546,864691132804466790
24547,864691132804479590
24548,864691132804480193
24549,864691132804494920
24550,864691132804521704
24551,864691132804521830
24552,864691132804533094
24553,864691132804534630
24554,864691132804582246
24555,864691132804596040
24556,864691132804597606
24557,864691132804609512
24558,864691132804614502
24559,864691132804660838
24560,864691132804733030
24561,864691132804753510
24562,864691132804767876
24563,864691132804843878
24564,864691132804861030
24565,864691132804878305
24566,864691132804975106
24567,864691132805027304
24568,864691132805057901
24569,864691132805268718
24570,864691132805300968
24571,864691132805399042
24572,864691132805399810
24573,864691132805400834
24574,864691132805401090
24575,864691132805401602
24576,864691132805404418
24577,864691132805407746
24578,864691132805408770
24579,864691132805409282
24580,864691132805411330
24581,864691132805413890
24582,864691132805415682
24583,864691132805421826
24584,864691132805422082
24585,864691132805422850
24586,864691132805424386
24587,864691132805424642
24588,864691132805425922
24589,864691132805426946
24590,864691132805427458
24591,864691132805428226
24592,864691132805428660
24593,864691132805428738
24594,864691132805429506
24595,864691132805429762
24596,864691132805430018
24597,864691132805430530
24598,864691132805431042
24599,864691132805431554
24600,864691132805431810
24601,864691132805432066
24602,864691132805434114
24603,864691132805435650
24604,864691132805438466
24605,864691132805438722
24606,864691132805439234
24607,864691132805439490
24608,864691132805439746
24609,864691132805441538
24610,864691132805444610
24611,864691132805445122
24612,864691132805448450
24613,864691132805449986
24614,864691132805451778
24615,864691132805453314
24616,864691132805454850
24617,864691132805455874
24618,864691132805456642
24619,864691132805458434
24620,864691132805458946
24621,864691132805459202
24622,864691132805460226
24623,864691132805460738
24624,864691132805462274
24625,864691132805463042
24626,864691132805464066
24627,864691132805464578
24628,864691132805466370
24629,864691132805466626
24630,864691132805467906
24631,864691132805468674
24632,864691132805468930
24633,864691132805470210
24634,864691132805470466
24635,864691132805470722
24636,864691132805473026
24637,864691132805474306
24638,864691132805475842
24639,864691132805477113
24640,864691132805477378
24641,864691132805477890
24642,864691132805478914
24643,864691132805480706
24644,864691132805480962
24645,864691132805482754
24646,864691132805483778
24647,864691132805484034
24648,864691132805484290
24649,864691132805485570
24650,864691132805486850
24651,864691132805502440
24652,864691132805582824
24653,864691132805583865
24654,864691132805586178
24655,864691132805590265
24656,864691132805591545
24657,864691132805592569
24658,864691132805593337
24659,864691132805593593
24660,864691132805595129
24661,864691132805595897
24662,864691132805596665
24663,864691132805597177
24664,864691132805597433
24665,864691132805597945
24666,864691132805598201
24667,864691132805599481
24668,864691132805600249
24669,864691132805601017
24670,864691132805601529
24671,864691132805602041
24672,864691132805602809
24673,864691132805603321
24674,864691132805605881
24675,864691132805607673
24676,864691132805608953
24677,864691132805609721
24678,864691132805613049
24679,864691132805613305
24680,864691132805613817
24681,864691132805616377
24682,864691132805616633
24683,864691132805619714
24684,864691132805619961
24685,864691132805619970
24686,864691132805620226
24687,864691132805620994
24688,864691132805621250
24689,864691132805621762
24690,864691132805622018
24691,864691132805622265
24692,864691132805623554
24693,864691132805623801
24694,864691132805623810
24695,864691132805624057
24696,864691132805624322
24697,864691132805625346
24698,864691132805625858
24699,864691132805626114
24700,864691132805626873
24701,864691132805626882
24702,864691132805627385
24703,864691132805628153
24704,864691132805628930
24705,864691132805629433
24706,864691132805630713
24707,864691132805630722
24708,864691132805631225
24709,864691132805632505
24710,864691132805632514
24711,864691132805633017
24712,864691132805634041
24713,864691132805634809
24714,864691132805635321
24715,864691132805636354
24716,864691132805637113
24717,864691132805637122
24718,864691132805637634
24719,864691132805638146
24720,864691132805638905
24721,864691132805639200
24722,864691132805639417
24723,864691132805639673
24724,864691132805639682
24725,864691132805641209
24726,864691132805644281
24727,864691132805646585
24728,864691132805646841
24729,864691132805647097
24730,864691132805647353
24731,864691132805648121
24732,864691132805648633
24733,864691132805649401
24734,864691132805650169
24735,864691132805650681
24736,864691132805652473
24737,864691132805652729
24738,864691132805685124
24739,864691132805690184
24740,864691132805691394
24741,864691132805692162
24742,864691132805692418
24743,864691132805693186
24744,864691132805693442
24745,864691132805693954
24746,864691132805696002
24747,864691132805698050
24748,864691132805702658
24749,864691132805703682
24750,864691132805704194
24751,864691132805704706
24752,864691132805705730
24753,864691132805706498
24754,864691132805741715
24755,864691132805742408
24756,864691132805784057
24757,864691132805784313
24758,864691132805785337
24759,864691132805786617
24760,864691132805787129
24761,864691132805787897
24762,864691132805790201
24763,864691132805793461
24764,864691132805810820
24765,864691132805820921
24766,864691132805829369
24767,864691132805829625
24768,864691132805830393
24769,864691132805842308
24770,864691132805846404
24771,864691132805848708
24772,864691132805857262
24773,864691132805861904
24774,864691132805905589
24775,864691132805951976
24776,864691132805985282
24777,864691132805988168
24778,864691132806116680
24779,864691132806156025
24780,864691132806195970
24781,864691132806224260
24782,864691132806228612
24783,864691132806230409
24784,864691132806248697
24785,864691132806261762
24786,864691132806287353
24787,864691132806288968
24788,864691132806324985
24789,864691132806404641
24790,864691132806404897
24791,864691132806405665
24792,864691132806406945
24793,864691132806407201
24794,864691132806408737
24795,864691132806409761
24796,864691132806410529
24797,864691132806410785
24798,864691132806411041
24799,864691132806411809
24800,864691132806414369
24801,864691132806415137
24802,864691132806415649
24803,864691132806416161
24804,864691132806416929
24805,864691132806417185
24806,864691132806417953
24807,864691132806418209
24808,864691132806421025
24809,864691132806421281
24810,864691132806422305
24811,864691132806423073
24812,864691132806423585
24813,864691132806424609
24814,864691132806424865
24815,864691132806425633
24816,864691132806425889
24817,864691132806426145
24818,864691132806426401
24819,864691132806426657
24820,864691132806427425
24821,864691132806428449
24822,864691132806429473
24823,864691132806430497
24824,864691132806430753
24825,864691132806432801
24826,864691132806433825
24827,864691132806434593
24828,864691132806435617
24829,864691132806435873
24830,864691132806436385
24831,864691132806436641
24832,864691132806438433
24833,864691132806439201
24834,864691132806439713
24835,864691132806439969
24836,864691132806440481
24837,864691132806440993
24838,864691132806441761
24839,864691132806442017
24840,864691132806443041
24841,864691132806444321
24842,864691132806444577
24843,864691132806445857
24844,864691132806446625
24845,864691132806447649
24846,864691132806447905
24847,864691132806450465
24848,864691132806453281
24849,864691132806455073
24850,864691132806456228
24851,864691132806458145
24852,864691132806458401
24853,864691132806458913
24854,864691132806459169
24855,864691132806459937
24856,864691132806462753
24857,864691132806463265
24858,864691132806463777
24859,864691132806464545
24860,864691132806465057
24861,864691132806467873
24862,864691132806470433
24863,864691132806471457
24864,864691132806471969
24865,864691132806472993
24866,864691132806474529
24867,864691132806474785
24868,864691132806477345
24869,864691132806477857
24870,864691132806479393
24871,864691132806482977
24872,864691132806483745
24873,864691132806484001
24874,864691132806486305
24875,864691132806486561
24876,864691132806489633
24877,864691132806490145
24878,864691132806491425
24879,864691132806491681
24880,864691132806492449
24881,864691132806493729
24882,864691132806495009
24883,864691132806496801
24884,864691132806497057
24885,864691132806554401
24886,864691132806630433
24887,864691132806631457
24888,864691132806631713
24889,864691132806633249
24890,864691132806634017
24891,864691132806635041
24892,864691132806635297
24893,864691132806637826
24894,864691132806637857
24895,864691132806637983
24896,864691132806638239
24897,864691132806639137
24898,864691132806639649
24899,864691132806640543
24900,864691132806641185
24901,864691132806641953
24902,864691132806642335
24903,864691132806642465
24904,864691132806643103
24905,864691132806643745
24906,864691132806644001
24907,864691132806645151
24908,864691132806645407
24909,864691132806646687
24910,864691132806648479
24911,864691132806649247
24912,864691132806649503
24913,864691132806653343
24914,864691132806654367
24915,864691132806654879
24916,864691132806655135
24917,864691132806655647
24918,864691132806655903
24919,864691132806656671
24920,864691132806657439
24921,864691132806658463
24922,864691132806660255
24923,864691132806662146
24924,864691132806664095
24925,864691132806666143
24926,864691132806668447
24927,864691132806668703
24928,864691132806669215
24929,864691132806670751
24930,864691132806671007
24931,864691132806671263
24932,864691132806671775
24933,864691132806673567
24934,864691132806673823
24935,864691132806674079
24936,864691132806674591
24937,864691132806675103
24938,864691132806676639
24939,864691132806676895
24940,864691132806677919
24941,864691132806679711
24942,864691132806680479
24943,864691132806680735
24944,864691132806680991
24945,864691132806681503
24946,864691132806682271
24947,864691132806682783
24948,864691132806683039
24949,864691132806683295
24950,864691132806684063
24951,864691132806684319
24952,864691132806686879
24953,864691132806687391
24954,864691132806687647
24955,864691132806687903
24956,864691132806688671
24957,864691132806688927
24958,864691132806689439
24959,864691132806691487
24960,864691132806693279
24961,864691132806694047
24962,864691132806695327
24963,864691132806695583
24964,864691132806696095
24965,864691132806696351
24966,864691132806698911
24967,864691132806701471
24968,864691132806701857
24969,864691132806701983
24970,864691132806703137
24971,864691132806703263
24972,864691132806703519
24973,864691132806703775
24974,864691132806704031
24975,864691132806704161
24976,864691132806704929
24977,864691132806705311
24978,864691132806705567
24979,864691132806706079
24980,864691132806707103
24981,864691132806710175
24982,864691132806710817
24983,864691132806711841
24984,864691132806712353
24985,864691132806713121
24986,864691132806713503
24987,864691132806713633
24988,864691132806714527
24989,864691132806714783
24990,864691132806715807
24991,864691132806716575
24992,864691132806717087
24993,864691132806717855
24994,864691132806719391
24995,864691132806719647
24996,864691132806720415
24997,864691132806721951
24998,864691132806723577
24999,864691132806723999
25000,864691132806724255
25001,864691132806724767
25002,864691132806725279
25003,864691132806725535
25004,864691132806725791
25005,864691132806726098
25006,864691132806726303
25007,864691132806728607
25008,864691132806728863
25009,864691132806732191
25010,864691132806734495
25011,864691132806735007
25012,864691132806736031
25013,864691132806737055
25014,864691132806738157
25015,864691132806738591
25016,864691132806741407
25017,864691132806743199
25018,864691132806744223
25019,864691132806744991
25020,864691132806745759
25021,864691132806747551
25022,864691132806748575
25023,864691132806749343
25024,864691132806750111
25025,864691132806750623
25026,864691132806750879
25027,864691132806751135
25028,864691132806751903
25029,864691132806752821
25030,864691132806752927
25031,864691132806754975
25032,864691132806755487
25033,864691132806755743
25034,864691132806756255
25035,864691132806758815
25036,864691132806759071
25037,864691132806762399
25038,864691132806763167
25039,864691132806763423
25040,864691132806763679
25041,864691132806767519
25042,864691132806783521
25043,864691132806838522
25044,864691132806898613
25045,864691132806940575
25046,864691132806940831
25047,864691132806941343
25048,864691132806941599
25049,864691132806942879
25050,864691132806943391
25051,864691132806945183
25052,864691132806949791
25053,864691132806950303
25054,864691132806953375
25055,864691132806953631
25056,864691132806954143
25057,864691132806954911
25058,864691132806956447
25059,864691132806956959
25060,864691132806957471
25061,864691132806959263
25062,864691132806959775
25063,864691132806960287
25064,864691132806961567
25065,864691132806962591
25066,864691132806963359
25067,864691132806963871
25068,864691132806965919
25069,864691132806967711
25070,864691132806968735
25071,864691132806968991
25072,864691132806970783
25073,864691132806971039
25074,864691132806971295
25075,864691132806972319
25076,864691132806972575
25077,864691132806972831
25078,864691132806974111
25079,864691132806974367
25080,864691132806975135
25081,864691132806975391
25082,864691132806976159
25083,864691132806976927
25084,864691132806977183
25085,864691132806977951
25086,864691132806978719
25087,864691132806979743
25088,864691132806980511
25089,864691132806981279
25090,864691132806981535
25091,864691132806982047
25092,864691132806984351
25093,864691132806986399
25094,864691132806987167
25095,864691132806987423
25096,864691132806987679
25097,864691132806988959
25098,864691132806992031
25099,864691132806992543
25100,864691132806993311
25101,864691132806993823
25102,864691132806995359
25103,864691132806995871
25104,864691132806996127
25105,864691132806996639
25106,864691132806997407
25107,864691132806997919
25108,864691132806998431
25109,864691132806998943
25110,864691132806999199
25111,864691132806999455
25112,864691132806999967
25113,864691132807002783
25114,864691132807003039
25115,864691132807003551
25116,864691132807003807
25117,864691132807004831
25118,864691132807006111
25119,864691132807006367
25120,864691132807006879
25121,864691132807007391
25122,864691132807008415
25123,864691132807009439
25124,864691132807010719
25125,864691132807012255
25126,864691132807012767
25127,864691132807013279
25128,864691132807014047
25129,864691132807014303
25130,864691132807014815
25131,864691132807015071
25132,864691132807016095
25133,864691132807017887
25134,864691132807018399
25135,864691132807018655
25136,864691132807018911
25137,864691132807019423
25138,864691132807019679
25139,864691132807019935
25140,864691132807020191
25141,864691132807020447
25142,864691132807021471
25143,864691132807021983
25144,864691132807022495
25145,864691132807023007
25146,864691132807023263
25147,864691132807024031
25148,864691132807024799
25149,864691132807025311
25150,864691132807026335
25151,864691132807026591
25152,864691132807026847
25153,864691132807027359
25154,864691132807027871
25155,864691132807060226
25156,864691132807064322
25157,864691132807064609
25158,864691132807064735
25159,864691132807066527
25160,864691132807066783
25161,864691132807067039
25162,864691132807067641
25163,864691132807069343
25164,864691132807072927
25165,864691132807079583
25166,864691132807080863
25167,864691132807081119
25168,864691132807091193
25169,864691132807139330
25170,864691132807163386
25171,864691132807190274
25172,864691132807219745
25173,864691132807256910
25174,864691132807283970
25175,864691132807293060
25176,864691132807300354
25177,864691132807303969
25178,864691132807306143
25179,864691132807315332
25180,864691132807330306
25181,864691132807337860
25182,864691132807340676
25183,864691132807342517
25184,864691132807352864
25185,864691132807446687
25186,864691132807497938
25187,864691132807518879
25188,864691132807540127
25189,864691132807618809
25190,864691132807666847
25191,864691132807671545
25192,864691132807710901
25193,864691132807770626
25194,864691132807773729
25195,864691132807780767
25196,864691132807801298
25197,864691132807837473
25198,864691132807891489
25199,864691132807896865
25200,864691132807932418
25201,864691132808006137
25202,864691132808021897
25203,864691132808023177
25204,864691132808025993
25205,864691132808029577
25206,864691132808029833
25207,864691132808030601
25208,864691132808030857
25209,864691132808031113
25210,864691132808031369
25211,864691132808031625
25212,864691132808031881
25213,864691132808032649
25214,864691132808033417
25215,864691132808033673
25216,864691132808033929
25217,864691132808035209
25218,864691132808035617
25219,864691132808035721
25220,864691132808036233
25221,864691132808039305
25222,864691132808040329
25223,864691132808041097
25224,864691132808042377
25225,864691132808043145
25226,864691132808044169
25227,864691132808044425
25228,864691132808045961
25229,864691132808047241
25230,864691132808047497
25231,864691132808048009
25232,864691132808049033
25233,864691132808049801
25234,864691132808050057
25235,864691132808050313
25236,864691132808051593
25237,864691132808052617
25238,864691132808054153
25239,864691132808054409
25240,864691132808055782
25241,864691132808055945
25242,864691132808056201
25243,864691132808056969
25244,864691132808057737
25245,864691132808058249
25246,864691132808059017
25247,864691132808064137
25248,864691132808064905
25249,864691132808066185
25250,864691132808066953
25251,864691132808067209
25252,864691132808068233
25253,864691132808068489
25254,864691132808070025
25255,864691132808070281
25256,864691132808071305
25257,864691132808073097
25258,864691132808073609
25259,864691132808075657
25260,864691132808075913
25261,864691132808079241
25262,864691132808080265
25263,864691132808080777
25264,864691132808081801
25265,864691132808082057
25266,864691132808082825
25267,864691132808083076
25268,864691132808083337
25269,864691132808084361
25270,864691132808085385
25271,864691132808087433
25272,864691132808088713
25273,864691132808089225
25274,864691132808089993
25275,864691132808091785
25276,864691132808092596
25277,864691132808092809
25278,864691132808093065
25279,864691132808093577
25280,864691132808093833
25281,864691132808096905
25282,864691132808097417
25283,864691132808097673
25284,864691132808099465
25285,864691132808099977
25286,864691132808100233
25287,864691132808105609
25288,864691132808107401
25289,864691132808108681
25290,864691132808111241
25291,864691132808114825
25292,864691132808115081
25293,864691132808115849
25294,864691132808116105
25295,864691132808117897
25296,864691132808121737
25297,864691132808122249
25298,864691132808125065
25299,864691132808126089
25300,864691132808129417
25301,864691132808130697
25302,864691132808132745
25303,864691132808133001
25304,864691132808133257
25305,864691132808133769
25306,864691132808134793
25307,864691132808136329
25308,864691132808136585
25309,864691132808137609
25310,864691132808139657
25311,864691132808140681
25312,864691132808143540
25313,864691132808144009
25314,864691132808144265
25315,864691132808145033
25316,864691132808145289
25317,864691132808148105
25318,864691132808148361
25319,864691132808148873
25320,864691132808150665
25321,864691132808152457
25322,864691132808153737
25323,864691132808154505
25324,864691132808156553
25325,864691132808156809
25326,864691132808157833
25327,864691132808158089
25328,864691132808223409
25329,864691132808299657
25330,864691132808300169
25331,864691132808301705
25332,864691132808303241
25333,864691132808306178
25334,864691132808306313
25335,864691132808308105
25336,864691132808349321
25337,864691132808351113
25338,864691132808352649
25339,864691132808359817
25340,864691132808360073
25341,864691132808360585
25342,864691132808360841
25343,864691132808361097
25344,864691132808362121
25345,864691132808362889
25346,864691132808363145
25347,864691132808364169
25348,864691132808364425
25349,864691132808364937
25350,864691132808365961
25351,864691132808366985
25352,864691132808368009
25353,864691132808397956
25354,864691132808409858
25355,864691132808415285
25356,864691132808433567
25357,864691132808434825
25358,864691132808449017
25359,864691132808454532
25360,864691132808460520
25361,864691132808497922
25362,864691132808499458
25363,864691132808511620
25364,864691132808512761
25365,864691132808575746
25366,864691132808584095
25367,864691132808592642
25368,864691132808602626
25369,864691132808622329
25370,864691132808652793
25371,864691132808660769
25372,864691132808664735
25373,864691132808695909
25374,864691132808729602
25375,864691132808754937
25376,864691132808772866
25377,864691132808780065
25378,864691132808783497
25379,864691132808787714
25380,864691132808802975
25381,864691132808804354
25382,864691132808804610
25383,864691132808822153
25384,864691132808848594
25385,864691132808895481
25386,864691132808936450
25387,864691132808947970
25388,864691132808948361
25389,864691132808953090
25390,864691132808998914
25391,864691132809039007
25392,864691132809045497
25393,864691132809057183
25394,864691132809167393
25395,864691132809204462
25396,864691132809217273
25397,864691132809282692
25398,864691132809300383
25399,864691132809348228
25400,864691132809403785
25401,864691132809427103
25402,864691132809443231
25403,864691132809450143
25404,864691132809451401
25405,864691132809478759
25406,864691132809583007
25407,864691132809639583
25408,864691132809694111
25409,864691132809731716
25410,864691132809782049
25411,864691132809818401
25412,864691132809822446
25413,864691132809855903
25414,864691132809865119
25415,864691132809875489
25416,864691132809878665
25417,864691132809890542
25418,864691132809923105
25419,864691132809969697
25420,864691132810037281
25421,864691132810046857
25422,864691132810096417
25423,864691132810108063
25424,864691132810130591
25425,864691132810134375
25426,864691132810141343
25427,864691132810154529
25428,864691132810183969
25429,864691132810189727
25430,864691132810196513
25431,864691132810200223
25432,864691132810201988
25433,864691132810203039
25434,864691132810205316
25435,864691132810208545
25436,864691132810229281
25437,864691132810245252
25438,864691132810250017
25439,864691132810255137
25440,864691132810277791
25441,864691132810321055
25442,864691132810365321
25443,864691132810376095
25444,864691132810384031
25445,864691132810408324
25446,864691132810441061
25447,864691132810448772
25448,864691132810516612
25449,864691132810543775
25450,864691132810549641
25451,864691132810590055
25452,864691132810591876
25453,864691132810699401
25454,864691132810721376
25455,864691132810739103
25456,864691132810748809
25457,864691132810776991
25458,864691132810796135
25459,864691132810816927
25460,864691132810828191
25461,864691132810843551
25462,864691132810847647
25463,864691132810849183
25464,864691132810873120
25465,864691132810915721
25466,864691132810958056
25467,864691132811013257
25468,864691132811047400
25469,864691132811083657
25470,864691132811112836
25471,864691132811116425
25472,864691132811143817
25473,864691132811176073
25474,864691132811201568
25475,864691132811230345
25476,864691132811339752
25477,864691132811341749
25478,864691132811366025
25479,864691132811426697
25480,864691132811447433
25481,864691132811477470
25482,864691132811480457
25483,864691132811521929
25484,864691132811523977
25485,864691132811524745
25486,864691132811560075
25487,864691132811580811
25488,864691132811596932
25489,864691132811632009
25490,864691132811635016
25491,864691132811674549
25492,864691132811731047
25493,864691132811799428
25494,864691132811807364
25495,864691132811872032
25496,864691132811890308
25497,864691132811925486
25498,864691132811982049
25499,864691132811996013
25500,864691132812233604
25501,864691132812285672
25502,864691132812296224
25503,864691132812380036
25504,864691132812391910
25505,864691132812408018
25506,864691132812426433
25507,864691132812445060
25508,864691132812503120
25509,864691132812663581
25510,864691132812749669
25511,864691132812975854
25512,864691132812976564
25513,864691132812987602
25514,864691132812989934
25515,864691132813028965
25516,864691132813057429
25517,864691132813073128
25518,864691132813090536
25519,864691132813103975
25520,864691132813108612
25521,864691132813109101
25522,864691132813212752
25523,864691132813251252
25524,864691132813372448
25525,864691132813388420
25526,864691132813402471
25527,864691132813417808
25528,864691132813431172
25529,864691132813435268
25530,864691132813440175
25531,864691132813442149
25532,864691132813505862
25533,864691132813547629
25534,864691132813608597
25535,864691132813632250
25536,864691132813680976
25537,864691132813718088
25538,864691132813854573
25539,864691132813985125
25540,864691132813995848
25541,864691132813998724
25542,864691132813999336
25543,864691132814038608
25544,864691132814042192
25545,864691132814062160
25546,864691132814479205
25547,864691132814514528
25548,864691132814691656
25549,864691132814739381
25550,864691132814842184
25551,864691132814899083
25552,864691132814956469
25553,864691132815126787
25554,864691132815234707
25555,864691132815302197
25556,864691132815451464
25557,864691132815479657
25558,864691132815592264
25559,864691132815731332
25560,864691132815840388
25561,864691132815901264
25562,864691132815980393
25563,864691132816201396
25564,864691132816206056
25565,864691132816529284
25566,864691132816588980
25567,864691132816590212
25568,864691132816737774
25569,864691132816903477
25570,864691132817011137
25571,864691132817027920
25572,864691132817073936
25573,864691132817075216
25574,864691132817078544
25575,864691132817080336
25576,864691132817082128
25577,864691132817082896
25578,864691132817084944
25579,864691132817086992
25580,864691132817089040
25581,864691132817089552
25582,864691132817091600
25583,864691132817099280
25584,864691132817099536
25585,864691132817100560
25586,864691132817101328
25587,864691132817101840
25588,864691132817102096
25589,864691132817103376
25590,864691132817103888
25591,864691132817104912
25592,864691132817106448
25593,864691132817107216
25594,864691132817107728
25595,864691132817107984
25596,864691132817110544
25597,864691132817111568
25598,864691132817113360
25599,864691132817113616
25600,864691132817115152
25601,864691132817115408
25602,864691132817116688
25603,864691132817116944
25604,864691132817117456
25605,864691132817118224
25606,864691132817118480
25607,864691132817119248
25608,864691132817121296
25609,864691132817123344
25610,864691132817124624
25611,864691132817125392
25612,864691132817127696
25613,864691132817128208
25614,864691132817128976
25615,864691132817129488
25616,864691132817130000
25617,864691132817132304
25618,864691132817133072
25619,864691132817134096
25620,864691132817134608
25621,864691132817135120
25622,864691132817136656
25623,864691132817137168
25624,864691132817138704
25625,864691132817138960
25626,864691132817141520
25627,864691132817141776
25628,864691132817144592
25629,864691132817145616
25630,864691132817146384
25631,864691132817146640
25632,864691132817148432
25633,864691132817149456
25634,864691132817149712
25635,864691132817150736
25636,864691132817150992
25637,864691132817151504
25638,864691132817152784
25639,864691132817153040
25640,864691132817155600
25641,864691132817156112
25642,864691132817156368
25643,864691132817157648
25644,864691132817158672
25645,864691132817160720
25646,864691132817162512
25647,864691132817163280
25648,864691132817164048
25649,864691132817165072
25650,864691132817169424
25651,864691132817169680
25652,864691132817170704
25653,864691132817171472
25654,864691132817171728
25655,864691132817173520
25656,864691132817173776
25657,864691132817177360
25658,864691132817177616
25659,864691132817178384
25660,864691132817178640
25661,864691132817179408
25662,864691132817180688
25663,864691132817181200
25664,864691132817183504
25665,864691132817184784
25666,864691132817187088
25667,864691132817188112
25668,864691132817188880
25669,864691132817189136
25670,864691132817189392
25671,864691132817190672
25672,864691132817193488
25673,864691132817195536
25674,864691132817196304
25675,864691132817197584
25676,864691132817198608
25677,864691132817199120
25678,864691132817199632
25679,864691132817200912
25680,864691132817232181
25681,864691132817303605
25682,864691132817335824
25683,864691132817337872
25684,864691132817341200
25685,864691132817341968
25686,864691132817382672
25687,864691132817383696
25688,864691132817385488
25689,864691132817387280
25690,864691132817394704
25691,864691132817515344
25692,864691132817552400
25693,864691132817570692
25694,864691132817572501
25695,864691132817577781
25696,864691132817607300
25697,864691132817699492
25698,864691132817731309
25699,864691132817783568
25700,864691132817928680
25701,864691132817951876
25702,864691132817952528
25703,864691132817968390
25704,864691132818105988
25705,864691132818170184
25706,864691132818230032
25707,864691132818268114
25708,864691132818484612
25709,864691132818534245
25710,864691132818546192
25711,864691132818658180
25712,864691132818664264
25713,864691132818681855
25714,864691132818738192
25715,864691132818779630
25716,864691132818855440
25717,864691132818895615
25718,864691132818899967
25719,864691132818900223
25720,864691132818901503
25721,864691132818901759
25722,864691132818902015
25723,864691132818904319
25724,864691132818905581
25725,864691132818908159
25726,864691132818908415
25727,864691132818909439
25728,864691132818910975
25729,864691132818911487
25730,864691132818912767
25731,864691132818913279
25732,864691132818913535
25733,864691132818913791
25734,864691132818914047
25735,864691132818914303
25736,864691132818916095
25737,864691132818918655
25738,864691132818919935
25739,864691132818920447
25740,864691132818920959
25741,864691132818921471
25742,864691132818922239
25743,864691132818922495
25744,864691132818923775
25745,864691132818924799
25746,864691132818925055
25747,864691132818925311
25748,864691132818926591
25749,864691132818928127
25750,864691132818935295
25751,864691132818937855
25752,864691132818938367
25753,864691132818938623
25754,864691132818938879
25755,864691132818939391
25756,864691132818940159
25757,864691132818940415
25758,864691132818942463
25759,864691132818943487
25760,864691132818943999
25761,864691132818944255
25762,864691132818945023
25763,864691132818945279
25764,864691132818946303
25765,864691132818947839
25766,864691132818948168
25767,864691132818948863
25768,864691132818949375
25769,864691132818950911
25770,864691132818951935
25771,864691132818952191
25772,864691132818952703
25773,864691132818953727
25774,864691132818954751
25775,864691132818955263
25776,864691132818955775
25777,864691132818956799
25778,864691132818958591
25779,864691132818958847
25780,864691132818961151
25781,864691132818974340
25782,864691132818977385
25783,864691132818989956
25784,864691132819053956
25785,864691132819060612
25786,864691132819094271
25787,864691132819094527
25788,864691132819094783
25789,864691132819095551
25790,864691132819096831
25791,864691132819098367
25792,864691132819099135
25793,864691132819099647
25794,864691132819099903
25795,864691132819100159
25796,864691132819100671
25797,864691132819101183
25798,864691132819101695
25799,864691132819105535
25800,864691132819106047
25801,864691132819106303
25802,864691132819106832
25803,864691132819107327
25804,864691132819144976
25805,864691132819162849
25806,864691132819176447
25807,864691132819176703
25808,864691132819177471
25809,864691132819177727
25810,864691132819178495
25811,864691132819182079
25812,864691132819183103
25813,864691132819184127
25814,864691132819188991
25815,864691132819190783
25816,864691132819442760
25817,864691132819463184
25818,864691132819494532
25819,864691132819501072
25820,864691132819512080
25821,864691132819553023
25822,864691132819613138
25823,864691132819614048
25824,864691132819670015
25825,864691132819731455
25826,864691132819810436
25827,864691132819865087
25828,864691132819906285
25829,864691132819924612
25830,864691132819937201
25831,864691132819946824
25832,864691132819965968
25833,864691132819990032
25834,864691132820063597
25835,864691132820068880
25836,864691132820195856
25837,864691132820224016
25838,864691132820229102
25839,864691132820237621
25840,864691132820314640
25841,864691132820402192
25842,864691132820412944
25843,864691132820455556
25844,864691132820482798
25845,864691132820490768
25846,864691132820514576
25847,864691132820702340
25848,864691132820908903
25849,864691132820922469
25850,864691132820941037
25851,864691132820953447
25852,864691132821008228
25853,864691132821017862
25854,864691132821020752
25855,864691132821040484
25856,864691132821053160
25857,864691132821064429
25858,864691132821291369
25859,864691132821292393
25860,864691132821293417
25861,864691132821300073
25862,864691132821301353
25863,864691132821302633
25864,864691132821302889
25865,864691132821304425
25866,864691132821305449
25867,864691132821305961
25868,864691132821309033
25869,864691132821309289
25870,864691132821310975
25871,864691132821312361
25872,864691132821313385
25873,864691132821314665
25874,864691132821314921
25875,864691132821315689
25876,864691132821317993
25877,864691132821318249
25878,864691132821318505
25879,864691132821318761
25880,864691132821320297
25881,864691132821320809
25882,864691132821325929
25883,864691132821327209
25884,864691132821329513
25885,864691132821329769
25886,864691132821330025
25887,864691132821331561
25888,864691132821333609
25889,864691132821334121
25890,864691132821334377
25891,864691132821334504
25892,864691132821334889
25893,864691132821335401
25894,864691132821335657
25895,864691132821335913
25896,864691132821337193
25897,864691132821337961
25898,864691132821339117
25899,864691132821340265
25900,864691132821342313
25901,864691132821343337
25902,864691132821343593
25903,864691132821346409
25904,864691132821349225
25905,864691132821350505
25906,864691132821350761
25907,864691132821353065
25908,864691132821354857
25909,864691132821356008
25910,864691132821356137
25911,864691132821356649
25912,864691132821357417
25913,864691132821359209
25914,864691132821359721
25915,864691132821362025
25916,864691132821363561
25917,864691132821396479
25918,864691132821437801
25919,864691132821466985
25920,864691132821467753
25921,864691132821468009
25922,864691132821469033
25923,864691132821469801
25924,864691132821470057
25925,864691132821470569
25926,864691132821471081
25927,864691132821473897
25928,864691132821474921
25929,864691132821475689
25930,864691132821477225
25931,864691132821477993
25932,864691132821478761
25933,864691132821480041
25934,864691132821480809
25935,864691132821481065
25936,864691132821481321
25937,864691132821481577
25938,864691132821482089
25939,864691132821482601
25940,864691132821483369
25941,864691132821507689
25942,864691132821507945
25943,864691132821508457
25944,864691132821508713
25945,864691132821510505
25946,864691132821510761
25947,864691132821511017
25948,864691132821519977
25949,864691132821554537
25950,864691132821604095
25951,864691132821619049
25952,864691132821651967
25953,864691132821736703
25954,864691132821738056
25955,864691132821761924
25956,864691132821770239
25957,864691132821805823
25958,864691132821821439
25959,864691132821921535
25960,864691132821946729
25961,864691132821946856
25962,864691132821951627
25963,864691132821969844
25964,864691132821982463
25965,864691132821983999
25966,864691132821998079
25967,864691132822003744
25968,864691132822007172
25969,864691132822016873
25970,864691132822062079
25971,864691132822138879
25972,864691132822147839
25973,864691132822201269
25974,864691132822222847
25975,864691132822227381
25976,864691132822238084
25977,864691132822263399
25978,864691132822270930
25979,864691132822278655
25980,864691132822326481
25981,864691132822358048
25982,864691132822364849
25983,864691132822438247
25984,864691132822441215
25985,864691132822487807
25986,864691132822498770
25987,864691132822511721
25988,864691132822563689
25989,864691132822616452
25990,864691132822634372
25991,864691132822662532
25992,864691132822702408
25993,864691132822727149
25994,864691132822739913
25995,864691132822827369
25996,864691132822878313
25997,864691132822947177
25998,864691132822948717
25999,864691132823137641
26000,864691132823158885
26001,864691132823279541
26002,864691132823351287
26003,864691132823477992
26004,864691132823492969
26005,864691132823610217
26006,864691132823679593
26007,864691132823740519
26008,864691132823927528
26009,864691132823938409
26010,864691132823940499
26011,864691132823940755
26012,864691132823942291
26013,864691132823945875
26014,864691132823946131
26015,864691132823946387
26016,864691132823948691
26017,864691132823949971
26018,864691132823953299
26019,864691132823953811
26020,864691132823954835
26021,864691132823955091
26022,864691132823955347
26023,864691132823956627
26024,864691132823956883
26025,864691132823957139
26026,864691132823959187
26027,864691132823959443
26028,864691132823959699
26029,864691132823959955
26030,864691132823960211
26031,864691132823962515
26032,864691132823963027
26033,864691132823964563
26034,864691132823964819
26035,864691132823966867
26036,864691132823967891
26037,864691132823969427
26038,864691132823970707
26039,864691132823971731
26040,864691132823973267
26041,864691132823974035
26042,864691132823976339
26043,864691132823977107
26044,864691132823977619
26045,864691132823980179
26046,864691132823981971
26047,864691132823982483
26048,864691132823983251
26049,864691132823987347
26050,864691132823988371
26051,864691132823990163
26052,864691132823990675
26053,864691132823992467
26054,864691132823992723
26055,864691132823993235
26056,864691132823995539
26057,864691132823997331
26058,864691132823998867
26059,864691132823999891
26060,864691132824028882
26061,864691132824115561
26062,864691132824123374
26063,864691132824139881
26064,864691132824172520
26065,864691132824178579
26066,864691132824180115
26067,864691132824180371
26068,864691132824181139
26069,864691132824182675
26070,864691132824183955
26071,864691132824184467
26072,864691132824203496
26073,864691132824205673
26074,864691132824249491
26075,864691132824250771
26076,864691132824252819
26077,864691132824253075
26078,864691132824256659
26079,864691132824331369
26080,864691132824339889
26081,864691132824387219
26082,864691132824395445
26083,864691132824438377
26084,864691132824442952
26085,864691132824520264
26086,864691132824543593
26087,864691132824561257
26088,864691132824573926
26089,864691132824582374
26090,864691132824600681
26091,864691132824615785
26092,864691132824651625
26093,864691132824660841
26094,864691132824694121
26095,864691132824701828
26096,864691132824721001
26097,864691132824747625
26098,864691132824791913
26099,864691132824803731
26100,864691132824815492
26101,864691132824849043
26102,864691132824863341
26103,864691132824872112
26104,864691132824874416
26105,864691132824875440
26106,864691132824875696
26107,864691132824876720
26108,864691132824883120
26109,864691132824883632
26110,864691132824885424
26111,864691132824885680
26112,864691132824886448
26113,864691132824886704
26114,864691132824887216
26115,864691132824887984
26116,864691132824888496
26117,864691132824889264
26118,864691132824890729
26119,864691132824891824
26120,864691132824893616
26121,864691132824893872
26122,864691132824894384
26123,864691132824894896
26124,864691132824895152
26125,864691132824895920
26126,864691132824896176
26127,864691132824897456
26128,864691132824898992
26129,864691132824899504
26130,864691132824900272
26131,864691132824900528
26132,864691132824900784
26133,864691132824901808
26134,864691132824902320
26135,864691132824903344
26136,864691132824903600
26137,864691132824904624
26138,864691132824905904
26139,864691132824906160
26140,864691132824906672
26141,864691132824908464
26142,864691132824909744
26143,864691132824910256
26144,864691132824912048
26145,864691132824915888
26146,864691132824916656
26147,864691132824917680
26148,864691132824919216
26149,864691132824921520
26150,864691132824921776
26151,864691132824922032
26152,864691132824923056
26153,864691132824924080
26154,864691132824925616
26155,864691132824925872
26156,864691132824927664
26157,864691132824928176
26158,864691132824929456
26159,864691132824932272
26160,864691132824933296
26161,864691132824936624
26162,864691132824937392
26163,864691132824937904
26164,864691132824938416
26165,864691132824938928
26166,864691132824939184
26167,864691132824940976
26168,864691132824941744
26169,864691132824942000
26170,864691132824942256
26171,864691132824946096
26172,864691132824949424
26173,864691132824949936
26174,864691132824950192
26175,864691132824951472
26176,864691132824951984
26177,864691132824952240
26178,864691132824952752
26179,864691132824953520
26180,864691132824955056
26181,864691132824955568
26182,864691132824957616
26183,864691132824959152
26184,864691132824962224
26185,864691132824962992
26186,864691132824964784
26187,864691132824965040
26188,864691132824967088
26189,864691132824967600
26190,864691132824970160
26191,864691132824970672
26192,864691132824971184
26193,864691132824971952
26194,864691132824973232
26195,864691132824973971
26196,864691132824974000
26197,864691132824977513
26198,864691132824979888
26199,864691132824980400
26200,864691132824980656
26201,864691132824981168
26202,864691132824991891
26203,864691132825001833
26204,864691132825028713
26205,864691132825031856
26206,864691132825039280
26207,864691132825074864
26208,864691132825075376
26209,864691132825076912
26210,864691132825077424
26211,864691132825081520
26212,864691132825082032
26213,864691132825082800
26214,864691132825083056
26215,864691132825083312
26216,864691132825088617
26217,864691132825104560
26218,864691132825105328
26219,864691132825105584
26220,864691132825106096
26221,864691132825114288
26222,864691132825114800
26223,864691132825116848
26224,864691132825117104
26225,864691132825185897
26226,864691132825195625
26227,864691132825204898
26228,864691132825205666
26229,864691132825214626
26230,864691132825215650
26231,864691132825217954
26232,864691132825218210
26233,864691132825219234
26234,864691132825219490
26235,864691132825219945
26236,864691132825220002
26237,864691132825221026
26238,864691132825221538
26239,864691132825222818
26240,864691132825223586
26241,864691132825225122
26242,864691132825226402
26243,864691132825226420
26244,864691132825227682
26245,864691132825228194
26246,864691132825229417
26247,864691132825229986
26248,864691132825230498
26249,864691132825231010
26250,864691132825233314
26251,864691132825233570
26252,864691132825234082
26253,864691132825235817
26254,864691132825237922
26255,864691132825239202
26256,864691132825239458
26257,864691132825240482
26258,864691132825241506
26259,864691132825242018
26260,864691132825242786
26261,864691132825243042
26262,864691132825243554
26263,864691132825243810
26264,864691132825245346
26265,864691132825245602
26266,864691132825247394
26267,864691132825248930
26268,864691132825250466
26269,864691132825250978
26270,864691132825253026
26271,864691132825255586
26272,864691132825257378
26273,864691132825257634
26274,864691132825257890
26275,864691132825258658
26276,864691132825258914
26277,864691132825259170
26278,864691132825259938
26279,864691132825260962
26280,864691132825261986
26281,864691132825264802
26282,864691132825265058
26283,864691132825265570
26284,864691132825271970
26285,864691132825274018
26286,864691132825274274
26287,864691132825275042
26288,864691132825275810
26289,864691132825276834
26290,864691132825277858
26291,864691132825278626
26292,864691132825280162
26293,864691132825280674
26294,864691132825285282
26295,864691132825285538
26296,864691132825412077
26297,864691132825422242
26298,864691132825423266
26299,864691132825423522
26300,864691132825423748
26301,864691132825424290
26302,864691132825426338
26303,864691132825427106
26304,864691132825428130
26305,864691132825428386
26306,864691132825429154
26307,864691132825430946
26308,864691132825431714
26309,864691132825432226
26310,864691132825432482
26311,864691132825432738
26312,864691132825432994
26313,864691132825433250
26314,864691132825433506
26315,864691132825434530
26316,864691132825435042
26317,864691132825435554
26318,864691132825436834
26319,864691132825437090
26320,864691132825437602
26321,864691132825438626
26322,864691132825438882
26323,864691132825439138
26324,864691132825439394
26325,864691132825486498
26326,864691132825487010
26327,864691132825491106
26328,864691132825495202
26329,864691132825495458
26330,864691132825495970
26331,864691132825496226
26332,864691132825496482
26333,864691132825529281
26334,864691132825532097
26335,864691132825536193
26336,864691132825537217
26337,864691132825538241
26338,864691132825539009
26339,864691132825541569
26340,864691132825542593
26341,864691132825543617
26342,864691132825545153
26343,864691132825546945
26344,864691132825548225
26345,864691132825549249
26346,864691132825551553
26347,864691132825552065
26348,864691132825554113
26349,864691132825555393
26350,864691132825557185
26351,864691132825557441
26352,864691132825559745
26353,864691132825560513
26354,864691132825560769
26355,864691132825561281
26356,864691132825563841
26357,864691132825565377
26358,864691132825565889
26359,864691132825566657
26360,864691132825568705
26361,864691132825571009
26362,864691132825572289
26363,864691132825572545
26364,864691132825572801
26365,864691132825574849
26366,864691132825575361
26367,864691132825576385
26368,864691132825576897
26369,864691132825577153
26370,864691132825580993
26371,864691132825581249
26372,864691132825582785
26373,864691132825583297
26374,864691132825584065
26375,864691132825584833
26376,864691132825585601
26377,864691132825586113
26378,864691132825588417
26379,864691132825590465
26380,864691132825590721
26381,864691132825593281
26382,864691132825594049
26383,864691132825594817
26384,864691132825595073
26385,864691132825595585
26386,864691132825598401
26387,864691132825600961
26388,864691132825601985
26389,864691132825603777
26390,864691132825604033
26391,864691132825605569
26392,864691132825607617
26393,864691132825607873
26394,864691132825611713
26395,864691132825612481
26396,864691132825614785
26397,864691132825616577
26398,864691132825619137
26399,864691132825621185
26400,864691132825621441
26401,864691132825622465
26402,864691132825623233
26403,864691132825623745
26404,864691132825624257
26405,864691132825624513
26406,864691132825625793
26407,864691132825626561
26408,864691132825627585
26409,864691132825629377
26410,864691132825630401
26411,864691132825630913
26412,864691132825633473
26413,864691132825633985
26414,864691132825636033
26415,864691132825667168
26416,864691132825667248
26417,864691132825670610
26418,864691132825690578
26419,864691132825709232
26420,864691132825710227
26421,864691132825740208
26422,864691132825745760
26423,864691132825776321
26424,864691132825776833
26425,864691132825777345
26426,864691132825778113
26427,864691132825778881
26428,864691132825779905
26429,864691132825780161
26430,864691132825780673
26431,864691132825782721
26432,864691132825783489
26433,864691132825784001
26434,864691132825786305
26435,864691132825787073
26436,864691132825787329
26437,864691132825787585
26438,864691132825787841
26439,864691132825788865
26440,864691132825789377
26441,864691132825790913
26442,864691132825793473
26443,864691132825794241
26444,864691132825795521
26445,864691132825795777
26446,864691132825796801
26447,864691132825797569
26448,864691132825799105
26449,864691132825799873
26450,864691132825800385
26451,864691132825800897
26452,864691132825801921
26453,864691132825802177
26454,864691132825802689
26455,864691132825838242
26456,864691132825842369
26457,864691132825842881
26458,864691132825843137
26459,864691132825845697
26460,864691132825848257
26461,864691132825848769
26462,864691132825853377
26463,864691132825854145
26464,864691132825854401
26465,864691132825855169
26466,864691132825855425
26467,864691132825856449
26468,864691132825857473
26469,864691132825857729
26470,864691132825857985
26471,864691132825858497
26472,864691132825859009
26473,864691132826013616
26474,864691132826051566
26475,864691132826066323
26476,864691132826101410
26477,864691132826113924
26478,864691132826124706
26479,864691132826146798
26480,864691132826262675
26481,864691132826300307
26482,864691132826303108
26483,864691132826315825
26484,864691132826317617
26485,864691132826318385
26486,864691132826320433
26487,864691132826320689
26488,864691132826320945
26489,864691132826321457
26490,864691132826322225
26491,864691132826324017
26492,864691132826325041
26493,864691132826325809
26494,864691132826326833
26495,864691132826327345
26496,864691132826327601
26497,864691132826328625
26498,864691132826329747
26499,864691132826334257
26500,864691132826334513
26501,864691132826334769
26502,864691132826335281
26503,864691132826336049
26504,864691132826336561
26505,864691132826337073
26506,864691132826337329
26507,864691132826339889
26508,864691132826342449
26509,864691132826343985
26510,864691132826344241
26511,864691132826345009
26512,864691132826345777
26513,864691132826347569
26514,864691132826348593
26515,864691132826348691
26516,864691132826348976
26517,864691132826349105
26518,864691132826349617
26519,864691132826349873
26520,864691132826350641
26521,864691132826351153
26522,864691132826351665
26523,864691132826352945
26524,864691132826354158
26525,864691132826356273
26526,864691132826357297
26527,864691132826358577
26528,864691132826361137
26529,864691132826362417
26530,864691132826362929
26531,864691132826363185
26532,864691132826363441
26533,864691132826364721
26534,864691132826367025
26535,864691132826367281
26536,864691132826368049
26537,864691132826368817
26538,864691132826369841
26539,864691132826370353
26540,864691132826372401
26541,864691132826373425
26542,864691132826376753
26543,864691132826377777
26544,864691132826378628
26545,864691132826378801
26546,864691132826380593
26547,864691132826381361
26548,864691132826381617
26549,864691132826382641
26550,864691132826384275
26551,864691132826384433
26552,864691132826384689
26553,864691132826385457
26554,864691132826386993
26555,864691132826387505
26556,864691132826389809
26557,864691132826391089
26558,864691132826392113
26559,864691132826392881
26560,864691132826393649
26561,864691132826394292
26562,864691132826395953
26563,864691132826396721
26564,864691132826398001
26565,864691132826398769
26566,864691132826402609
26567,864691132826411923
26568,864691132826413288
26569,864691132826419438
26570,864691132826437057
26571,864691132826440112
26572,864691132826458417
26573,864691132826466707
26574,864691132826469681
26575,864691132826481584
26576,864691132826505665
26577,864691132826533937
26578,864691132826534449
26579,864691132826534705
26580,864691132826535473
26581,864691132826536753
26582,864691132826540849
26583,864691132826541105
26584,864691132826542385
26585,864691132826543153
26586,864691132826543921
26587,864691132826544177
26588,864691132826544945
26589,864691132826546481
26590,864691132826548017
26591,864691132826550065
26592,864691132826550577
26593,864691132826551089
26594,864691132826552113
26595,864691132826576945
26596,864691132826577713
26597,864691132826577969
26598,864691132826580017
26599,864691132826580529
26600,864691132826581041
26601,864691132826581297
26602,864691132826593073
26603,864691132826593329
26604,864691132826594353
26605,864691132826596657
26606,864691132826597425
26607,864691132826597937
26608,864691132826598449
26609,864691132826598961
26610,864691132826599217
26611,864691132826599985
26612,864691132826602033
26613,864691132826602289
26614,864691132826656688
26615,864691132826679428
26616,864691132826690436
26617,864691132826701203
26618,864691132826720230
26619,864691132826731042
26620,864691132826746402
26621,864691132826795998
26622,864691132826796435
26623,864691132826799507
26624,864691132826804883
26625,864691132826814867
26626,864691132826817712
26627,864691132826831095
26628,864691132826861730
26629,864691132826902577
26630,864691132826917011
26631,864691132826925203
26632,864691132826956179
26633,864691132826976486
26634,864691132827009394
26635,864691132827012243
26636,864691132827015026
26637,864691132827021938
26638,864691132827023730
26639,864691132827027058
26640,864691132827028082
26641,864691132827029618
26642,864691132827031154
26643,864691132827031666
26644,864691132827032690
26645,864691132827034226
26646,864691132827034738
26647,864691132827035762
26648,864691132827037554
26649,864691132827037810
26650,864691132827038066
26651,864691132827039346
26652,864691132827040882
26653,864691132827041906
26654,864691132827043954
26655,864691132827044722
26656,864691132827044978
26657,864691132827045490
26658,864691132827048050
26659,864691132827048562
26660,864691132827048818
26661,864691132827049586
26662,864691132827053426
26663,864691132827055218
26664,864691132827055730
26665,864691132827055986
26666,864691132827056242
26667,864691132827056754
26668,864691132827057522
26669,864691132827058034
26670,864691132827062386
26671,864691132827065202
26672,864691132827065970
26673,864691132827066482
26674,864691132827066738
26675,864691132827067762
26676,864691132827068865
26677,864691132827072915
26678,864691132827075442
26679,864691132827076466
26680,864691132827077234
26681,864691132827077746
26682,864691132827078770
26683,864691132827080306
26684,864691132827082098
26685,864691132827082354
26686,864691132827082866
26687,864691132827083378
26688,864691132827084402
26689,864691132827085170
26690,864691132827086706
26691,864691132827087474
26692,864691132827087730
26693,864691132827088754
26694,864691132827089778
26695,864691132827091826
26696,864691132827095666
26697,864691132827096434
26698,864691132827096946
26699,864691132827097458
26700,864691132827097714
26701,864691132827099250
26702,864691132827099762
26703,864691132827100018
26704,864691132827103602
26705,864691132827103858
26706,864691132827104370
26707,864691132827105394
26708,864691132827105650
26709,864691132827106418
26710,864691132827106930
26711,864691132827107186
26712,864691132827110258
26713,864691132827111026
26714,864691132827112306
26715,864691132827113586
26716,864691132827116146
26717,864691132827116914
26718,864691132827118706
26719,864691132827118962
26720,864691132827119218
26721,864691132827122290
26722,864691132827122546
26723,864691132827125362
26724,864691132827125874
26725,864691132827164597
26726,864691132827201826
26727,864691132827239985
26728,864691132827240369
26729,864691132827253936
26730,864691132827270320
26731,864691132827271282
26732,864691132827271538
26733,864691132827271794
26734,864691132827272306
26735,864691132827272818
26736,864691132827274098
26737,864691132827275378
26738,864691132827275890
26739,864691132827277170
26740,864691132827292080
26741,864691132827301523
26742,864691132827317106
26743,864691132827317362
26744,864691132827320690
26745,864691132827322226
26746,864691132827322288
26747,864691132827324530
26748,864691132827326066
26749,864691132827329650
26750,864691132827332210
26751,864691132827343730
26752,864691132827346290
26753,864691132827347058
26754,864691132827347570
26755,864691132827348082
26756,864691132827348594
26757,864691132827348850
26758,864691132827349618
26759,864691132827349874
26760,864691132827352946
26761,864691132827354226
26762,864691132827354482
26763,864691132827355250
26764,864691132827356018
26765,864691132827356530
26766,864691132827356786
26767,864691132827358066
26768,864691132827358578
26769,864691132827367842
26770,864691132827369141
26771,864691132827402908
26772,864691132827410864
26773,864691132827416752
26774,864691132827429040
26775,864691132827429282
26776,864691132827431545
26777,864691132827431801
26778,864691132827436921
26779,864691132827438457
26780,864691132827439592
26781,864691132827442809
26782,864691132827443362
26783,864691132827445113
26784,864691132827445369
26785,864691132827446393
26786,864691132827453049
26787,864691132827453817
26788,864691132827455865
26789,864691132827456432
26790,864691132827457145
26791,864691132827457913
26792,864691132827458681
26793,864691132827460473
26794,864691132827461241
26795,864691132827461753
26796,864691132827462009
26797,864691132827462265
26798,864691132827463289
26799,864691132827465849
26800,864691132827466105
26801,864691132827466361
26802,864691132827467129
26803,864691132827473273
26804,864691132827473529
26805,864691132827474297
26806,864691132827475321
26807,864691132827476089
26808,864691132827477113
26809,864691132827479161
26810,864691132827479417
26811,864691132827481721
26812,864691132827482233
26813,864691132827483001
26814,864691132827485305
26815,864691132827486841
26816,864691132827487520
26817,864691132827487609
26818,864691132827487865
26819,864691132827488633
26820,864691132827491705
26821,864691132827492473
26822,864691132827492508
26823,864691132827493753
26824,864691132827495801
26825,864691132827498361
26826,864691132827502201
26827,864691132827502457
26828,864691132827502969
26829,864691132827503481
26830,864691132827504505
26831,864691132827505017
26832,864691132827505785
26833,864691132827506809
26834,864691132827507577
26835,864691132827508345
26836,864691132827508601
26837,864691132827508857
26838,864691132827511673
26839,864691132827513977
26840,864691132827514745
26841,864691132827516281
26842,864691132827517049
26843,864691132827528880
26844,864691132827535522
26845,864691132827545122
26846,864691132827552432
26847,864691132827553948
26848,864691132827555484
26849,864691132827555996
26850,864691132827556764
26851,864691132827562140
26852,864691132827562416
26853,864691132827564956
26854,864691132827564962
26855,864691132827565212
26856,864691132827571100
26857,864691132827573148
26858,864691132827574172
26859,864691132827574684
26860,864691132827575964
26861,864691132827576113
26862,864691132827576476
26863,864691132827576732
26864,864691132827577500
26865,864691132827578012
26866,864691132827578524
26867,864691132827578780
26868,864691132827579810
26869,864691132827580060
26870,864691132827580828
26871,864691132827581596
26872,864691132827582364
26873,864691132827582876
26874,864691132827583132
26875,864691132827583644
26876,864691132827584412
26877,864691132827585436
26878,864691132827586460
26879,864691132827587484
26880,864691132827588508
26881,864691132827588764
26882,864691132827589020
26883,864691132827589532
26884,864691132827592348
26885,864691132827593884
26886,864691132827594140
26887,864691132827594396
26888,864691132827594908
26889,864691132827595164
26890,864691132827595420
26891,864691132827596700
26892,864691132827598236
26893,864691132827599809
26894,864691132827600028
26895,864691132827600796
26896,864691132827602332
26897,864691132827604380
26898,864691132827606172
26899,864691132827606428
26900,864691132827607452
26901,864691132827607708
26902,864691132827607964
26903,864691132827609500
26904,864691132827609756
26905,864691132827611036
26906,864691132827611810
26907,864691132827612060
26908,864691132827613596
26909,864691132827616132
26910,864691132827617436
26911,864691132827617948
26912,864691132827619996
26913,864691132827621532
26914,864691132827621788
26915,864691132827627932
26916,864691132827628444
26917,864691132827628700
26918,864691132827629724
26919,864691132827635120
26920,864691132827664945
26921,864691132827671699
26922,864691132827676537
26923,864691132827680377
26924,864691132827681657
26925,864691132827683193
26926,864691132827684473
26927,864691132827685753
26928,864691132827688057
26929,864691132827689081
26930,864691132827690105
26931,864691132827690361
26932,864691132827691184
26933,864691132827691385
26934,864691132827692665
26935,864691132827694969
26936,864691132827695737
26937,864691132827696505
26938,864691132827697273
26939,864691132827698041
26940,864691132827708828
26941,864691132827711123
26942,864691132827714594
26943,864691132827720368
26944,864691132827721081
26945,864691132827725177
26946,864691132827725433
26947,864691132827725689
26948,864691132827725945
26949,864691132827726201
26950,864691132827726457
26951,864691132827726969
26952,864691132827727737
26953,864691132827728249
26954,864691132827728505
26955,864691132827729017
26956,864691132827729273
26957,864691132827729529
26958,864691132827730594
26959,864691132827745585
26960,864691132827747680
26961,864691132827763688
26962,864691132827824284
26963,864691132827824540
26964,864691132827825052
26965,864691132827825820
26966,864691132827826076
26967,864691132827826332
26968,864691132827826844
26969,864691132827830172
26970,864691132827830448
26971,864691132827830940
26972,864691132827831708
26973,864691132827847580
26974,864691132827850396
26975,864691132827851676
26976,864691132827852188
26977,864691132827854748
26978,864691132827855516
26979,864691132827857052
26980,864691132827857820
26981,864691132827858076
26982,864691132827860124
26983,864691132827860892
26984,864691132827861916
26985,864691132827862172
26986,864691132827862428
26987,864691132827870108
26988,864691132827872156
26989,864691132827873436
26990,864691132827873692
26991,864691132827874716
26992,864691132827875228
26993,864691132827877808
26994,864691132827911026
26995,864691132827914928
26996,864691132827921529
26997,864691132827922290
26998,864691132827928239
26999,864691132827942064
27000,864691132827960257
27001,864691132827972528
27002,864691132827977648
27003,864691132827985314
27004,864691132828035377
27005,864691132828047108
27006,864691132828069746
27007,864691132828090738
27008,864691132828095025
27009,864691132828096305
27010,864691132828098497
27011,864691132828115874
27012,864691132828129186
27013,864691132828136818
27014,864691132828147632
27015,864691132828160944
27016,864691132828161473
27017,864691132828165282
27018,864691132828171426
27019,864691132828178802
27020,864691132828188609
27021,864691132828221340
27022,864691132828229991
27023,864691132828231172
27024,864691132828233988
27025,864691132828237828
27026,864691132828238596
27027,864691132828240132
27028,864691132828241668
27029,864691132828241924
27030,864691132828242180
27031,864691132828242692
27032,864691132828244740
27033,864691132828244996
27034,864691132828245508
27035,864691132828245697
27036,864691132828246020
27037,864691132828247556
27038,864691132828249756
27039,864691132828250116
27040,864691132828252932
27041,864691132828254724
27042,864691132828255906
27043,864691132828257028
27044,864691132828257284
27045,864691132828258308
27046,864691132828258564
27047,864691132828259588
27048,864691132828260612
27049,864691132828261124
27050,864691132828262404
27051,864691132828262660
27052,864691132828263428
27053,864691132828263940
27054,864691132828264708
27055,864691132828264866
27056,864691132828268548
27057,864691132828268804
27058,864691132828269828
27059,864691132828270498
27060,864691132828273668
27061,864691132828274948
27062,864691132828275716
27063,864691132828276740
27064,864691132828277764
27065,864691132828278788
27066,864691132828279300
27067,864691132828279556
27068,864691132828279812
27069,864691132828280836
27070,864691132828283140
27071,864691132828284164
27072,864691132828284676
27073,864691132828285188
27074,864691132828285633
27075,864691132828286724
27076,864691132828289540
27077,864691132828290820
27078,864691132828291332
27079,864691132828291844
27080,864691132828292612
27081,864691132828293124
27082,864691132828293636
27083,864691132828293892
27084,864691132828296452
27085,864691132828296641
27086,864691132828296964
27087,864691132828298756
27088,864691132828299012
27089,864691132828300548
27090,864691132828301316
27091,864691132828301572
27092,864691132828302340
27093,864691132828303108
27094,864691132828304132
27095,864691132828304644
27096,864691132828305156
27097,864691132828305668
27098,864691132828306180
27099,864691132828306692
27100,864691132828307972
27101,864691132828309252
27102,864691132828330658
27103,864691132828358961
27104,864691132828360313
27105,864691132828382114
27106,864691132828405794
27107,864691132828408769
27108,864691132828413060
27109,864691132828442417
27110,864691132828459932
27111,864691132828473244
27112,864691132828489409
27113,864691132828494852
27114,864691132828498436
27115,864691132828498948
27116,864691132828499460
27117,864691132828499972
27118,864691132828500740
27119,864691132828503556
27120,864691132828503812
27121,864691132828505348
27122,864691132828505604
27123,864691132828506116
27124,864691132828506372
27125,864691132828507908
27126,864691132828509956
27127,864691132828510468
27128,864691132828510724
27129,864691132828511236
27130,864691132828511492
27131,864691132828512004
27132,864691132828512260
27133,864691132828512516
27134,864691132828517282
27135,864691132828525361
27136,864691132828557316
27137,864691132828565764
27138,864691132828566020
27139,864691132828566276
27140,864691132828567300
27141,864691132828567556
27142,864691132828568068
27143,864691132828568580
27144,864691132828584306
27145,864691132828592321
27146,864691132828609729
27147,864691132828613026
27148,864691132828616241
27149,864691132828635554
27150,864691132828638769
27151,864691132828649634
27152,864691132828656577
27153,864691132828657826
27154,864691132828680610
27155,864691132828692417
27156,864691132828720177
27157,864691132828738466
27158,864691132828756740
27159,864691132828779890
27160,864691132828780962
27161,864691132828888185
27162,864691132828897729
27163,864691132829018402
27164,864691132829018738
27165,864691132829024961
27166,864691132829059121
27167,864691132829108417
27168,864691132829109697
27169,864691132829111345
27170,864691132829134824
27171,864691132829162420
27172,864691132829170076
27173,864691132829172417
27174,864691132829174721
27175,864691132829180465
27176,864691132829182913
27177,864691132829191545
27178,864691132829196337
27179,864691132829212865
27180,864691132829232065
27181,864691132829259890
27182,864691132829275257
27183,864691132829277810
27184,864691132829290487
27185,864691132829309121
27186,864691132829314241
27187,864691132829323969
27188,864691132829330113
27189,864691132829331505
27190,864691132829345028
27191,864691132829351361
27192,864691132829353652
27193,864691132829373561
27194,864691132829374145
27195,864691132829380722
27196,864691132829394809
27197,864691132829395432
27198,864691132829410353
27199,864691132829452520
27200,864691132829467250
27201,864691132829475304
27202,864691132829490076
27203,864691132829516420
27204,864691132829530524
27205,864691132829549724
27206,864691132829550194
27207,864691132829554481
27208,864691132829585820
27209,864691132829588082
27210,864691132829591001
27211,864691132829600377
27212,864691132829602204
27213,864691132829655922
27214,864691132829668149
27215,864691132829678748
27216,864691132829683570
27217,864691132829719345
27218,864691132829722929
27219,864691132829748740
27220,864691132829749362
27221,864691132829787629
27222,864691132829795449
27223,864691132829797276
27224,864691132829813362
27225,864691132829818226
27226,864691132829841564
27227,864691132829894705
27228,864691132829936498
27229,864691132829953925
27230,864691132829961061
27231,864691132829971716
27232,864691132829973660
27233,864691132829979548
27234,864691132829994354
27235,864691132829994801
27236,864691132830002290
27237,864691132830015492
27238,864691132830057777
27239,864691132830058984
27240,864691132830059569
27241,864691132830061170
27242,864691132830065076
27243,864691132830113000
27244,864691132830116401
27245,864691132830125361
27246,864691132830128945
27247,864691132830140392
27248,864691132830146407
27249,864691132830156724
27250,864691132830158897
27251,864691132830161052
27252,864691132830167410
27253,864691132830167684
27254,864691132830168881
27255,864691132830175333
27256,864691132830176328
27257,864691132830176561
27258,864691132830183801
27259,864691132830185192
27260,864691132830196273
27261,864691132830199708
27262,864691132830204465
27263,864691132830228850
27264,864691132830243740
27265,864691132830249593
27266,864691132830268136
27267,864691132830286713
27268,864691132830327410
27269,864691132830352761
27270,864691132830368889
27271,864691132830372473
27272,864691132830377081
27273,864691132830396060
27274,864691132830406514
27275,864691132830414312
27276,864691132830423842
27277,864691132830465948
27278,864691132830475634
27279,864691132830487272
27280,864691132830512104
27281,864691132830513820
27282,864691132830515833
27283,864691132830523880
27284,864691132830528744
27285,864691132830571932
27286,864691132830575260
27287,864691132830580892
27288,864691132830592744
27289,864691132830598178
27290,864691132830608284
27291,864691132830614649
27292,864691132830644089
27293,864691132830667164
27294,864691132830755186
27295,864691132830767004
27296,864691132830788985
27297,864691132830804514
27298,864691132830817284
27299,864691132830819816
27300,864691132830823400
27301,864691132830835314
27302,864691132830847900
27303,864691132830864505
27304,864691132830874994
27305,864691132830876530
27306,864691132830916356
27307,864691132830921628
27308,864691132830926568
27309,864691132830928284
27310,864691132830932857
27311,864691132830948717
27312,864691132830950376
27313,864691132830969860
27314,864691132830973561
27315,864691132831029252
27316,864691132831036060
27317,864691132831036828
27318,864691132831039353
27319,864691132831046812
27320,864691132831067001
27321,864691132831070620
27322,864691132831074204
27323,864691132831109380
27324,864691132831111324
27325,864691132831114274
27326,864691132831117689
27327,864691132831117980
27328,864691132831120284
27329,864691132831143580
27330,864691132831143656
27331,864691132831155065
27332,864691132831155321
27333,864691132831167097
27334,864691132831167132
27335,864691132831173410
27336,864691132831183004
27337,864691132831196450
27338,864691132831242940
27339,864691132831267705
27340,864691132831267961
27341,864691132831285113
27342,864691132831292068
27343,864691132831304964
27344,864691132831313156
27345,864691132831360260
27346,864691132831377924
27347,864691132831398564
27348,864691132831402645
27349,864691132831488516
27350,864691132831490594
27351,864691132831506852
27352,864691132831509924
27353,864691132831511972
27354,864691132831512996
27355,864691132831513252
27356,864691132831514276
27357,864691132831514532
27358,864691132831515044
27359,864691132831518372
27360,864691132831518884
27361,864691132831519140
27362,864691132831520164
27363,864691132831521444
27364,864691132831522212
27365,864691132831523492
27366,864691132831524004
27367,864691132831525284
27368,864691132831527076
27369,864691132831527588
27370,864691132831528612
27371,864691132831529380
27372,864691132831530148
27373,864691132831531428
27374,864691132831531684
27375,864691132831533572
27376,864691132831533732
27377,864691132831534244
27378,864691132831534756
27379,864691132831535012
27380,864691132831535268
27381,864691132831535524
27382,864691132831536036
27383,864691132831536548
27384,864691132831537316
27385,864691132831538596
27386,864691132831539620
27387,864691132831539876
27388,864691132831540132
27389,864691132831540900
27390,864691132831542180
27391,864691132831542948
27392,864691132831543460
27393,864691132831544484
27394,864691132831545634
27395,864691132831547812
27396,864691132831548324
27397,864691132831548836
27398,864691132831549348
27399,864691132831549604
27400,864691132831549860
27401,864691132831550628
27402,864691132831550884
27403,864691132831551140
27404,864691132831551652
27405,864691132831551908
27406,864691132831552164
27407,864691132831554212
27408,864691132831554468
27409,864691132831555236
27410,864691132831555748
27411,864691132831556516
27412,864691132831556772
27413,864691132831559332
27414,864691132831560100
27415,864691132831560868
27416,864691132831562660
27417,864691132831563172
27418,864691132831563428
27419,864691132831564196
27420,864691132831565220
27421,864691132831565732
27422,864691132831568292
27423,864691132831568804
27424,864691132831569572
27425,864691132831570596
27426,864691132831572228
27427,864691132831575716
27428,864691132831579556
27429,864691132831580580
27430,864691132831582116
27431,864691132831582372
27432,864691132831582628
27433,864691132831583908
27434,864691132831584164
27435,864691132831584932
27436,864691132831585444
27437,864691132831585700
27438,864691132831588260
27439,864691132831588772
27440,864691132831590052
27441,864691132831590308
27442,864691132831590820
27443,864691132831591332
27444,864691132831592612
27445,864691132831594404
27446,864691132831595428
27447,864691132831597988
27448,864691132831599524
27449,864691132831599780
27450,864691132831600292
27451,864691132831600804
27452,864691132831602084
27453,864691132831602340
27454,864691132831602596
27455,864691132831604644
27456,864691132831607204
27457,864691132831607716
27458,864691132831610020
27459,864691132831614372
27460,864691132831616164
27461,864691132831618980
27462,864691132831620260
27463,864691132831621124
27464,864691132831621796
27465,864691132831623076
27466,864691132831623588
27467,864691132831626916
27468,864691132831627428
27469,864691132831645700
27470,864691132831664360
27471,864691132831737064
27472,864691132831752402
27473,864691132831781345
27474,864691132831794596
27475,864691132831795876
27476,864691132831796388
27477,864691132831797412
27478,864691132831797924
27479,864691132831798436
27480,864691132831798948
27481,864691132831799460
27482,864691132831800996
27483,864691132831801064
27484,864691132831801252
27485,864691132831801508
27486,864691132831801764
27487,864691132831804068
27488,864691132831805860
27489,864691132831807908
27490,864691132831812004
27491,864691132831813028
27492,864691132831813540
27493,864691132831813796
27494,864691132831814308
27495,864691132831816100
27496,864691132831816868
27497,864691132831817124
27498,864691132831818148
27499,864691132831818404
27500,864691132831818660
27501,864691132831827460
27502,864691132831856548
27503,864691132831857060
27504,864691132831857572
27505,864691132831858596
27506,864691132831860388
27507,864691132831860900
27508,864691132831861156
27509,864691132831867300
27510,864691132831867556
27511,864691132831867812
27512,864691132831868068
27513,864691132831869348
27514,864691132831893026
27515,864691132831927300
27516,864691132831937646
27517,864691132831938926
27518,864691132831941742
27519,864691132831943534
27520,864691132831944046
27521,864691132831946606
27522,864691132831948398
27523,864691132831950446
27524,864691132831951470
27525,864691132831952238
27526,864691132831952750
27527,864691132831955054
27528,864691132831957358
27529,864691132831957870
27530,864691132831958126
27531,864691132831960686
27532,864691132831966830
27533,864691132831967086
27534,864691132831969134
27535,864691132831969902
27536,864691132831970670
27537,864691132831971182
27538,864691132831972149
27539,864691132831973892
27540,864691132832053252
27541,864691132832079620
27542,864691132832082596
27543,864691132832091758
27544,864691132832092014
27545,864691132832096622
27546,864691132832097646
27547,864691132832097902
27548,864691132832101486
27549,864691132832101742
27550,864691132832102766
27551,864691132832103278
27552,864691132832103534
27553,864691132832105582
27554,864691132832106094
27555,864691132832114340
27556,864691132832124626
27557,864691132832125806
27558,864691132832126830
27559,864691132832128110
27560,864691132832129134
27561,864691132832171912
27562,864691132832173732
27563,864691132832242308
27564,864691132832243166
27565,864691132832257134
27566,864691132832298085
27567,864691132832334568
27568,864691132832341480
27569,864691132832386696
27570,864691132832406664
27571,864691132832407944
27572,864691132832408456
27573,864691132832411272
27574,864691132832412296
27575,864691132832414344
27576,864691132832417160
27577,864691132832418696
27578,864691132832418926
27579,864691132832419720
27580,864691132832420744
27581,864691132832424328
27582,864691132832426120
27583,864691132832426376
27584,864691132832426632
27585,864691132832427656
27586,864691132832428680
27587,864691132832428936
27588,864691132832429960
27589,864691132832430728
27590,864691132832432008
27591,864691132832432520
27592,864691132832433288
27593,864691132832433544
27594,864691132832433800
27595,864691132832434568
27596,864691132832436616
27597,864691132832440200
27598,864691132832441224
27599,864691132832441992
27600,864691132832444808
27601,864691132832445832
27602,864691132832446600
27603,864691132832447112
27604,864691132832449416
27605,864691132832450440
27606,864691132832453256
27607,864691132832453768
27608,864691132832460168
27609,864691132832462984
27610,864691132832479208
27611,864691132832517486
27612,864691132832631543
27613,864691132832633992
27614,864691132832634248
27615,864691132832635784
27616,864691132832636296
27617,864691132832636552
27618,864691132832637621
27619,864691132832640392
27620,864691132832642440
27621,864691132832642696
27622,864691132832643720
27623,864691132832643976
27624,864691132832644488
27625,864691132832645512
27626,864691132832645768
27627,864691132832664200
27628,864691132832682376
27629,864691132832682632
27630,864691132832685448
27631,864691132832687240
27632,864691132832687752
27633,864691132832688264
27634,864691132832690312
27635,864691132832697480
27636,864691132832700040
27637,864691132832700552
27638,864691132832700808
27639,864691132832701064
27640,864691132832701320
27641,864691132832701576
27642,864691132832703112
27643,864691132832703368
27644,864691132832803560
27645,864691132832881255
27646,864691132832885384
27647,864691132832889237
27648,864691132832922615
27649,864691132832976533
27650,864691132832977301
27651,864691132832977572
27652,864691132832987797
27653,864691132832988821
27654,864691132832989333
27655,864691132832989845
27656,864691132832990357
27657,864691132832990869
27658,864691132832991381
27659,864691132832992661
27660,864691132832993941
27661,864691132832997525
27662,864691132832997781
27663,864691132832998293
27664,864691132833001877
27665,864691132833002645
27666,864691132833004949
27667,864691132833005717
27668,864691132833005973
27669,864691132833006472
27670,864691132833007253
27671,864691132833009045
27672,864691132833009557
27673,864691132833009813
27674,864691132833010069
27675,864691132833011093
27676,864691132833012373
27677,864691132833013653
27678,864691132833015957
27679,864691132833016213
27680,864691132833017237
27681,864691132833017749
27682,864691132833020309
27683,864691132833021077
27684,864691132833021333
27685,864691132833022357
27686,864691132833022613
27687,864691132833023125
27688,864691132833024661
27689,864691132833026197
27690,864691132833026453
27691,864691132833026709
27692,864691132833026850
27693,864691132833026965
27694,864691132833027477
27695,864691132833027989
27696,864691132833029781
27697,864691132833030549
27698,864691132833031829
27699,864691132833032597
27700,864691132833033877
27701,864691132833034133
27702,864691132833034350
27703,864691132833034389
27704,864691132833036437
27705,864691132833036693
27706,864691132833037717
27707,864691132833038229
27708,864691132833038485
27709,864691132833038741
27710,864691132833039509
27711,864691132833039765
27712,864691132833040277
27713,864691132833040789
27714,864691132833044373
27715,864691132833044629
27716,864691132833045653
27717,864691132833047701
27718,864691132833047957
27719,864691132833048469
27720,864691132833048981
27721,864691132833050773
27722,864691132833052565
27723,864691132833052821
27724,864691132833053077
27725,864691132833054613
27726,864691132833055637
27727,864691132833056917
27728,864691132833057685
27729,864691132833058965
27730,864691132833059221
27731,864691132833059733
27732,864691132833060501
27733,864691132833062037
27734,864691132833062293
27735,864691132833064085
27736,864691132833064597
27737,864691132833065877
27738,864691132833066133
27739,864691132833066389
27740,864691132833066645
27741,864691132833067157
27742,864691132833067925
27743,864691132833068693
27744,864691132833071253
27745,864691132833072789
27746,864691132833073301
27747,864691132833073557
27748,864691132833075605
27749,864691132833075861
27750,864691132833078421
27751,864691132833079189
27752,864691132833079445
27753,864691132833080213
27754,864691132833080725
27755,864691132833080981
27756,864691132833081493
27757,864691132833082261
27758,864691132833083285
27759,864691132833084053
27760,864691132833084821
27761,864691132833086101
27762,864691132833087125
27763,864691132833087381
27764,864691132833087893
27765,864691132833089941
27766,864691132833090197
27767,864691132833091989
27768,864691132833092757
27769,864691132833094549
27770,864691132833094805
27771,864691132833095317
27772,864691132833095829
27773,864691132833100437
27774,864691132833100949
27775,864691132833101973
27776,864691132833102229
27777,864691132833103253
27778,864691132833104021
27779,864691132833105813
27780,864691132833106325
27781,864691132833106837
27782,864691132833108629
27783,864691132833110165
27784,864691132833110421
27785,864691132833110677
27786,864691132833111701
27787,864691132833114261
27788,864691132833115285
27789,864691132833117333
27790,864691132833122197
27791,864691132833123438
27792,864691132833145237
27793,864691132833183381
27794,864691132833205794
27795,864691132833250965
27796,864691132833251221
27797,864691132833251477
27798,864691132833251989
27799,864691132833252501
27800,864691132833252757
27801,864691132833254037
27802,864691132833255573
27803,864691132833258389
27804,864691132833259157
27805,864691132833259413
27806,864691132833304725
27807,864691132833304981
27808,864691132833305749
27809,864691132833307029
27810,864691132833307541
27811,864691132833307797
27812,864691132833308053
27813,864691132833308309
27814,864691132833309077
27815,864691132833310613
27816,864691132833311381
27817,864691132833311637
27818,864691132833312661
27819,864691132833317269
27820,864691132833317781
27821,864691132833323669
27822,864691132833324181
27823,864691132833326741
27824,864691132833326997
27825,864691132833327253
27826,864691132833328533
27827,864691132833329045
27828,864691132833330581
27829,864691132833330837
27830,864691132833331093
27831,864691132833331349
27832,864691132833331605
27833,864691132833332373
27834,864691132833332885
27835,864691132833333653
27836,864691132833345637
27837,864691132833350549
27838,864691132833353829
27839,864691132833354597
27840,864691132833356903
27841,864691132833380235
27842,864691132833456750
27843,864691132833514148
27844,864691132833546094
27845,864691132833574120
27846,864691132833613205
27847,864691132833632932
27848,864691132833638510
27849,864691132833693029
27850,864691132833697672
27851,864691132833701841
27852,864691132833746609
27853,864691132833797922
27854,864691132833814818
27855,864691132833839765
27856,864691132833841544
27857,864691132833854418
27858,864691132833876712
27859,864691132833885348
27860,864691132833901192
27861,864691132833909397
27862,864691132833918600
27863,864691132833941863
27864,864691132833951048
27865,864691132833965220
27866,864691132834009224
27867,864691132834028654
27868,864691132834050407
27869,864691132834065896
27870,864691132834087332
27871,864691132834100846
27872,864691132834103732
27873,864691132834114926
27874,864691132834173348
27875,864691132834185454
27876,864691132834264228
27877,864691132834264469
27878,864691132834266760
27879,864691132834279332
27880,864691132834309742
27881,864691132834319765
27882,864691132834336676
27883,864691132834341540
27884,864691132834341733
27885,864691132834346660
27886,864691132834379396
27887,864691132834442916
27888,864691132834447205
27889,864691132834468516
27890,864691132834480229
27891,864691132834485141
27892,864691132834491272
27893,864691132834535588
27894,864691132834544776
27895,864691132834545301
27896,864691132834580616
27897,864691132834586276
27898,864691132834587797
27899,864691132834595976
27900,864691132834609518
27901,864691132834619812
27902,864691132834629284
27903,864691132834629448
27904,864691132834640750
27905,864691132834656136
27906,864691132834679842
27907,864691132834689637
27908,864691132834706084
27909,864691132834723646
27910,864691132834724516
27911,864691132834746734
27912,864691132834758254
27913,864691132834799524
27914,864691132834818888
27915,864691132834821735
27916,864691132834840200
27917,864691132834843541
27918,864691132834874658
27919,864691132834875044
27920,864691132834879140
27921,864691132834882440
27922,864691132834882536
27923,864691132834895012
27924,864691132834905764
27925,864691132834910311
27926,864691132834914850
27927,864691132834921608
27928,864691132834933870
27929,864691132834936725
27930,864691132834938020
27931,864691132834939812
27932,864691132834951912
27933,864691132834961006
27934,864691132834963848
27935,864691132834968712
27936,864691132834969252
27937,864691132834976420
27938,864691132834984840
27939,864691132834988452
27940,864691132835001764
27941,864691132835003044
27942,864691132835013512
27943,864691132835019172
27944,864691132835060360
27945,864691132835089774
27946,864691132835109230
27947,864691132835121442
27948,864691132835126165
27949,864691132835140772
27950,864691132835148168
27951,864691132835183524
27952,864691132835186084
27953,864691132835197806
27954,864691132835199598
27955,864691132835202670
27956,864691132835227556
27957,864691132835229806
27958,864691132835233416
27959,864691132835234952
27960,864691132835248494
27961,864691132835251310
27962,864691132835264648
27963,864691132835300491
27964,864691132835328648
27965,864691132835345800
27966,864691132835362770
27967,864691132835365028
27968,864691132835371400
27969,864691132835375080
27970,864691132835380132
27971,864691132835383972
27972,864691132835399458
27973,864691132835430024
27974,864691132835454199
27975,864691132835458440
27976,864691132835468242
27977,864691132835469960
27978,864691132835472418
27979,864691132835483285
27980,864691132835495560
27981,864691132835495816
27982,864691132835508872
27983,864691132835529352
27984,864691132835531400
27985,864691132835545191
27986,864691132835583157
27987,864691132835594120
27988,864691132835603409
27989,864691132835604885
27990,864691132835607477
27991,864691132835614088
27992,864691132835621991
27993,864691132835628936
27994,864691132835635592
27995,864691132835651208
27996,864691132835672725
27997,864691132835685512
27998,864691132835722888
27999,864691132835779976
28000,864691132835789461
28001,864691132835824277
28002,864691132835909448
28003,864691132835926421
28004,864691132835931528
28005,864691132835933077
28006,864691132835952264
28007,864691132835955893
28008,864691132835997832
28009,864691132836011912
28010,864691132836032904
28011,864691132836068232
28012,864691132836104853
28013,864691132836159381
28014,864691132836217012
28015,864691132836258699
28016,864691132836280098
28017,864691132836316053
28018,864691132836319125
28019,864691132836327061
28020,864691132836373600
28021,864691132836391202
28022,864691132836391776
28023,864691132836401301
28024,864691132836407957
28025,864691132836486888
28026,864691132836512488
28027,864691132836526997
28028,864691132836558229
28029,864691132836592305
28030,864691132836612661
28031,864691132836620437
28032,864691132836651298
28033,864691132836772130
28034,864691132836797730
28035,864691132836881374
28036,864691132836908782
28037,864691132837011588
28038,864691132837022596
28039,864691132837067496
28040,864691132837105896
28041,864691132837106052
28042,864691132837130340
28043,864691132837143911
28044,864691132837147383
28045,864691132837152034
28046,864691132837206375
28047,864691132837337042
28048,864691132837389288
28049,864691132837492612
28050,864691132837525095
28051,864691132837551975
28052,864691132837575783
28053,864691132837642320
28054,864691132837702120
28055,864691132837710695
28056,864691132837735714
28057,864691132837842229
28058,864691132837897192
28059,864691132837916981
28060,864691132837961781
28061,864691132837967413
28062,864691132837993448
28063,864691132837997288
28064,864691132838104648
28065,864691132838152884
28066,864691132838188391
28067,864691132838245223
28068,864691132838267239
28069,864691132838267701
28070,864691132838405812
28071,864691132838466280
28072,864691132838719588
28073,864691132838733493
28074,864691132838787319
28075,864691132838791159
28076,864691132838838375
28077,864691132838927848
28078,864691132838964486
28079,864691132838978024
28080,864691132839020006
28081,864691132839053346
28082,864691132839078580
28083,864691132839147111
28084,864691132839192244
28085,864691132839215592
28086,864691132839268642
28087,864691132839310133
28088,864691132839331637
28089,864691132839354292
28090,864691132839359924
28091,864691132839362996
28092,864691132839363508
28093,864691132839364020
28094,864691132839364276
28095,864691132839364788
28096,864691132839365300
28097,864691132839367860
28098,864691132839369908
28099,864691132839370932
28100,864691132839374516
28101,864691132839374772
28102,864691132839376052
28103,864691132839376564
28104,864691132839377332
28105,864691132839380660
28106,864691132839382708
28107,864691132839384244
28108,864691132839385524
28109,864691132839386292
28110,864691132839386548
28111,864691132839387316
28112,864691132839387828
28113,864691132839390132
28114,864691132839392180
28115,864691132839393716
28116,864691132839394484
28117,864691132839395508
28118,864691132839396532
28119,864691132839397556
28120,864691132839398324
28121,864691132839398580
28122,864691132839400372
28123,864691132839400628
28124,864691132839401396
28125,864691132839402420
28126,864691132839408564
28127,864691132839409844
28128,864691132839413172
28129,864691132839461638
28130,864691132839462150
28131,864691132839463686
28132,864691132839463942
28133,864691132839465222
28134,864691132839466502
28135,864691132839467270
28136,864691132839469830
28137,864691132839470342
28138,864691132839470598
28139,864691132839471622
28140,864691132839472390
28141,864691132839472646
28142,864691132839473414
28143,864691132839477510
28144,864691132839478022
28145,864691132839479046
28146,864691132839481862
28147,864691132839482374
28148,864691132839482886
28149,864691132839484422
28150,864691132839485190
28151,864691132839485702
28152,864691132839486470
28153,864691132839486726
28154,864691132839487494
28155,864691132839488518
28156,864691132839488774
28157,864691132839489512
28158,864691132839489542
28159,864691132839490054
28160,864691132839490566
28161,864691132839490822
28162,864691132839492358
28163,864691132839493126
28164,864691132839493382
28165,864691132839493608
28166,864691132839493638
28167,864691132839495942
28168,864691132839497192
28169,864691132839497734
28170,864691132839497990
28171,864691132839498502
28172,864691132839499752
28173,864691132839502056
28174,864691132839502598
28175,864691132839503110
28176,864691132839505926
28177,864691132839506152
28178,864691132839506694
28179,864691132839506950
28180,864691132839508486
28181,864691132839510278
28182,864691132839513094
28183,864691132839514118
28184,864691132839516166
28185,864691132839518726
28186,864691132839519494
28187,864691132839520006
28188,864691132839520518
28189,864691132839521030
28190,864691132839525382
28191,864691132839525638
28192,864691132839525894
28193,864691132839526662
28194,864691132839526918
28195,864691132839527430
28196,864691132839527686
28197,864691132839530246
28198,864691132839531270
28199,864691132839531526
28200,864691132839532038
28201,864691132839533830
28202,864691132839535110
28203,864691132839535622
28204,864691132839538950
28205,864691132839539974
28206,864691132839540486
28207,864691132839541254
28208,864691132839542278
28209,864691132839543302
28210,864691132839544326
28211,864691132839547654
28212,864691132839547910
28213,864691132839549620
28214,864691132839549876
28215,864691132839550388
28216,864691132839551156
28217,864691132839551412
28218,864691132839553460
28219,864691132839553716
28220,864691132839553972
28221,864691132839554228
28222,864691132839554740
28223,864691132839555508
28224,864691132839555764
28225,864691132839556020
28226,864691132839556788
28227,864691132839573428
28228,864691132839586484
28229,864691132839586740
28230,864691132839587508
28231,864691132839587764
28232,864691132839590580
28233,864691132839590836
28234,864691132839591348
28235,864691132839592628
28236,864691132839592836
28237,864691132839594420
28238,864691132839624680
28239,864691132839625032
28240,864691132839690758
28241,864691132839692724
28242,864691132839693062
28243,864691132839693318
28244,864691132839694598
28245,864691132839694854
28246,864691132839695366
28247,864691132839697926
28248,864691132839698182
28249,864691132839699206
28250,864691132839699718
28251,864691132839701510
28252,864691132839701766
28253,864691132839702278
28254,864691132839702790
28255,864691132839703558
28256,864691132839703814
28257,864691132839719942
28258,864691132839720454
28259,864691132839720966
28260,864691132839724038
28261,864691132839724806
28262,864691132839725574
28263,864691132839726342
28264,864691132839732998
28265,864691132839734534
28266,864691132839734790
28267,864691132839735046
28268,864691132839735302
28269,864691132839736326
28270,864691132839738630
28271,864691132839741190
28272,864691132839741446
28273,864691132839741702
28274,864691132839741958
28275,864691132839742470
28276,864691132839744006
28277,864691132839745030
28278,864691132839745542
28279,864691132839746310
28280,864691132839746822
28281,864691132839747078
28282,864691132839748870
28283,864691132839749382
28284,864691132839749894
28285,864691132839750150
28286,864691132839750406
28287,864691132839750662
28288,864691132839750918
28289,864691132839751174
28290,864691132839828808
28291,864691132839838900
28292,864691132839874740
28293,864691132839881296
28294,864691132839945170
28295,864691132840110568
28296,864691132840125876
28297,864691132840133869
28298,864691132840205700
28299,864691132840257972
28300,864691132840328884
28301,864691132840336052
28302,864691132840378600
28303,864691132840427042
28304,864691132840547310
28305,864691132840643175
28306,864691132840710690
28307,864691132840734184
28308,864691132840800488
28309,864691132840822562
28310,864691132840840807
28311,864691132840890118
28312,864691132840918708
28313,864691132840925446
28314,864691132840982048
28315,864691132840989422
28316,864691132840995764
28317,864691132841001448
28318,864691132841006568
28319,864691132841012486
28320,864691132841033575
28321,864691132841040134
28322,864691132841043893
28323,864691132841052136
28324,864691132841058151
28325,864691132841130472
28326,864691132841227111
28327,864691132841330182
28328,864691132841377993
28329,864691132841480324
28330,864691132841509608
28331,864691132841535412
28332,864691132841550516
28333,864691132841617844
28334,864691132841622069
28335,864691132841665460
28336,864691132841706341
28337,864691132841720070
28338,864691132841721838
28339,864691132841773877
28340,864691132841786146
28341,864691132841792744
28342,864691132841828789
28343,864691132841844660
28344,864691132841867752
28345,864691132841869236
28346,864691132841897831
28347,864691132841948852
28348,864691132841970279
28349,864691132841985383
28350,864691132842022788
28351,864691132842026758
28352,864691132842030951
28353,864691132842032308
28354,864691132842036148
28355,864691132842119174
28356,864691132842156724
28357,864691132842156903
28358,864691132842195047
28359,864691132842199655
28360,864691132842201862
28361,864691132842210484
28362,864691132842211078
28363,864691132842246662
28364,864691132842249966
28365,864691132842267112
28366,864691132842286516
28367,864691132842294708
28368,864691132842350951
28369,864691132842356486
28370,864691132842373126
28371,864691132842407860
28372,864691132842412880
28373,864691132842436532
28374,864691132842497127
28375,864691132842515462
28376,864691132842516148
28377,864691132842564788
28378,864691132842573858
28379,864691132842606516
28380,864691132842624948
28381,864691132842655364
28382,864691132842660788
28383,864691132842722054
28384,864691132842743558
28385,864691132842749237
28386,864691132842763782
28387,864691132842791174
28388,864691132842797856
28389,864691132842800743
28390,864691132842811445
28391,864691132842870022
28392,864691132842913542
28393,864691132842927622
28394,864691132842961670
28395,864691132842966708
28396,864691132842972519
28397,864691132842974132
28398,864691132842978822
28399,864691132843079430
28400,864691132843157684
28401,864691132843180550
28402,864691132843216820
28403,864691132843223732
28404,864691132843226374
28405,864691132843274597
28406,864691132843280646
28407,864691132843317254
28408,864691132843376740
28409,864691132843501233
28410,864691132843557553
28411,864691132843566001
28412,864691132843628578
28413,864691132843660932
28414,864691132843702090
28415,864691132843708114
28416,864691132843760616
28417,864691132844020200
28418,864691132844035460
28419,864691132844038632
28420,864691132844051929
28421,864691132844211045
28422,864691132844221928
28423,864691132844305005
28424,864691132844370641
28425,864691132844426706
28426,864691132844604341
28427,864691132844679968
28428,864691132844748141
28429,864691132844803429
28430,864691132844844576
28431,864691132845054641
28432,864691132845062120
28433,864691132845078760
28434,864691132845129762
28435,864691132845140816
28436,864691132845166693
28437,864691132845255385
28438,864691132845260520
28439,864691132845366760
28440,864691132845502311
28441,864691132845543142
28442,864691132845565877
28443,864691132845644135
28444,864691132845650406
28445,864691132845655784
28446,864691132845735144
28447,864691132845777186
28448,864691132845819493
28449,864691132845930734
28450,864691132846016238
28451,864691132846019979
28452,864691132846092753
28453,864691132846178286
28454,864691132846188279
28455,864691132846255592
28456,864691132846275793
28457,864691132846307874
28458,864691132846322408
28459,864691132846446928
28460,864691132846511136
28461,864691132846555728
28462,864691132846746334
28463,864691132846786024
28464,864691132846851795
28465,864691132846852051
28466,864691132846853331
28467,864691132846856915
28468,864691132846856936
28469,864691132846857939
28470,864691132846861779
28471,864691132846863394
28472,864691132846863571
28473,864691132846864360
28474,864691132846864851
28475,864691132846865619
28476,864691132846865875
28477,864691132846866899
28478,864691132846868179
28479,864691132846868691
28480,864691132846869715
28481,864691132846870483
28482,864691132846870739
28483,864691132846872019
28484,864691132846873555
28485,864691132846874579
28486,864691132846876883
28487,864691132846877651
28488,864691132846880723
28489,864691132846881491
28490,864691132846882515
28491,864691132846883539
28492,864691132846883795
28493,864691132846884307
28494,864691132846885331
28495,864691132846885843
28496,864691132846886611
28497,864691132846888915
28498,864691132846891219
28499,864691132846891475
28500,864691132846893779
28501,864691132846894291
28502,864691132846896851
28503,864691132846896872
28504,864691132846897107
28505,864691132846901203
28506,864691132846902227
28507,864691132846904787
28508,864691132846906067
28509,864691132846906323
28510,864691132846907347
28511,864691132846907859
28512,864691132846909139
28513,864691132846909651
28514,864691132846909907
28515,864691132846910163
28516,864691132846910931
28517,864691132846911955
28518,864691132846913235
28519,864691132846915795
28520,864691132846916819
28521,864691132846917331
28522,864691132846917843
28523,864691132846920915
28524,864691132846921171
28525,864691132846921427
28526,864691132846921939
28527,864691132846923475
28528,864691132847070419
28529,864691132847070675
28530,864691132847070931
28531,864691132847071955
28532,864691132847072723
28533,864691132847072979
28534,864691132847073491
28535,864691132847074003
28536,864691132847074270
28537,864691132847074771
28538,864691132847075283
28539,864691132847075795
28540,864691132847076062
28541,864691132847076563
28542,864691132847077331
28543,864691132847077843
28544,864691132847079123
28545,864691132847079379
28546,864691132847083147
28547,864691132847106259
28548,864691132847107027
28549,864691132847107795
28550,864691132847110099
28551,864691132847111891
28552,864691132847113171
28553,864691132847113939
28554,864691132847114963
28555,864691132847116243
28556,864691132847116499
28557,864691132847116755
28558,864691132847117011
28559,864691132847119827
28560,864691132847122899
28561,864691132847123155
28562,864691132847123667
28563,864691132847123923
28564,864691132847124435
28565,864691132847125203
28566,864691132847125715
28567,864691132847125971
28568,864691132847126739
28569,864691132847173352
28570,864691132847268785
28571,864691132847404520
28572,864691132847474315
28573,864691132847480786
28574,864691132847526759
28575,864691132847584979
28576,864691132847661815
28577,864691132847682039
28578,864691132847683063
28579,864691132847695499
28580,864691132847708962
28581,864691132847976147
28582,864691132848017186
28583,864691132848088459
28584,864691132848204360
28585,864691132848212277
28586,864691132848280203
28587,864691132848329417
28588,864691132848527827
28589,864691132848654183
28590,864691132848660363
28591,864691132848711927
28592,864691132848723155
28593,864691132848729320
28594,864691132848754387
28595,864691132848830675
28596,864691132848866993
28597,864691132848878568
28598,864691132848915181
28599,864691132848921832
28600,864691132848961491
28601,864691132849082835
28602,864691132849183974
28603,864691132849226417
28604,864691132849236435
28605,864691132849286867
28606,864691132849291475
28607,864691132849364356
28608,864691132849430227
28609,864691132849474771
28610,864691132849495251
28611,864691132849531524
28612,864691132849542503
28613,864691132849548755
28614,864691132849567187
28615,864691132849593918
28616,864691132849689150
28617,864691132849695038
28618,864691132849695294
28619,864691132849696574
28620,864691132849699134
28621,864691132849700926
28622,864691132849702206
28623,864691132849702462
28624,864691132849702974
28625,864691132849703230
28626,864691132849703486
28627,864691132849703742
28628,864691132849704254
28629,864691132849704766
28630,864691132849705022
28631,864691132849705278
28632,864691132849709886
28633,864691132849710910
28634,864691132849712446
28635,864691132849713470
28636,864691132849713619
28637,864691132849713726
28638,864691132849713982
28639,864691132849715774
28640,864691132849717566
28641,864691132849717822
28642,864691132849719102
28643,864691132849719870
28644,864691132849721150
28645,864691132849723710
28646,864691132849724478
28647,864691132849724734
28648,864691132849726782
28649,864691132849727294
28650,864691132849730622
28651,864691132849732926
28652,864691132849733182
28653,864691132849735486
28654,864691132849735742
28655,864691132849737534
28656,864691132849737790
28657,864691132849738046
28658,864691132849738558
28659,864691132849739326
28660,864691132849740094
28661,864691132849741118
28662,864691132849741886
28663,864691132849743422
28664,864691132849743678
28665,864691132849745470
28666,864691132849749203
28667,864691132849756371
28668,864691132849850914
28669,864691132849882430
28670,864691132849883198
28671,864691132849883710
28672,864691132849885246
28673,864691132849886311
28674,864691132849889086
28675,864691132849889342
28676,864691132849889598
28677,864691132849890366
28678,864691132849890622
28679,864691132849892414
28680,864691132849894462
28681,864691132849894718
28682,864691132849894974
28683,864691132849897022
28684,864691132849897278
28685,864691132849899879
28686,864691132849900606
28687,864691132849900862
28688,864691132849901886
28689,864691132849902142
28690,864691132849902654
28691,864691132849903422
28692,864691132849903934
28693,864691132849904190
28694,864691132849905214
28695,864691132849906238
28696,864691132849908542
28697,864691132849908798
28698,864691132849909310
28699,864691132849909566
28700,864691132849909822
28701,864691132849910334
28702,864691132849911102
28703,864691132849912382
28704,864691132849912894
28705,864691132849939262
28706,864691132849940286
28707,864691132849940798
28708,864691132849941054
28709,864691132849941566
28710,864691132849946686
28711,864691132849947198
28712,864691132849951806
28713,864691132849954622
28714,864691132849956158
28715,864691132849956670
28716,864691132849957694
28717,864691132849957950
28718,864691132849958974
28719,864691132849959486
28720,864691132849959742
28721,864691132849959998
28722,864691132849961022
28723,864691132849961790
28724,864691132849962046
28725,864691132849969619
28726,864691132849993683
28727,864691132850001619
28728,864691132850025790
28729,864691132850068691
28730,864691132850073042
28731,864691132850204115
28732,864691132850216915
28733,864691132850221523
28734,864691132850290387
28735,864691132850319827
28736,864691132850322016
28737,864691132850373991
28738,864691132850389387
28739,864691132850398163
28740,864691132850440885
28741,864691132850453715
28742,864691132850468414
28743,864691132850475298
28744,864691132850475987
28745,864691132850561383
28746,864691132850569427
28747,864691132850666195
28748,864691132850677971
28749,864691132850730707
28750,864691132850740206
28751,864691132850761939
28752,864691132850770387
28753,864691132850822355
28754,864691132850934375
28755,864691132850972263
28756,864691132851070567
28757,864691132851154820
28758,864691132851155430
28759,864691132851285173
28760,864691132851295747
28761,864691132851296288
28762,864691132851296515
28763,864691132851296771
28764,864691132851301891
28765,864691132851304451
28766,864691132851304963
28767,864691132851305219
28768,864691132851305987
28769,864691132851308035
28770,864691132851308291
28771,864691132851308803
28772,864691132851309571
28773,864691132851310595
28774,864691132851311107
28775,864691132851311363
28776,864691132851311875
28777,864691132851312131
28778,864691132851312387
28779,864691132851312899
28780,864691132851314179
28781,864691132851314435
28782,864691132851315203
28783,864691132851316739
28784,864691132851316995
28785,864691132851317763
28786,864691132851318531
28787,864691132851318787
28788,864691132851319043
28789,864691132851319555
28790,864691132851319811
28791,864691132851320323
28792,864691132851321347
28793,864691132851321603
28794,864691132851322371
28795,864691132851322883
28796,864691132851323651
28797,864691132851323907
28798,864691132851325187
28799,864691132851326211
28800,864691132851327491
28801,864691132851328771
28802,864691132851330051
28803,864691132851331843
28804,864691132851332099
28805,864691132851332867
28806,864691132851333123
28807,864691132851333891
28808,864691132851334915
28809,864691132851336451
28810,864691132851337475
28811,864691132851338499
28812,864691132851339267
28813,864691132851339779
28814,864691132851340291
28815,864691132851341059
28816,864691132851341315
28817,864691132851342339
28818,864691132851342595
28819,864691132851342851
28820,864691132851344387
28821,864691132851344643
28822,864691132851344899
28823,864691132851345667
28824,864691132851346179
28825,864691132851346435
28826,864691132851347715
28827,864691132851347971
28828,864691132851348483
28829,864691132851350531
28830,864691132851351043
28831,864691132851352067
28832,864691132851352323
28833,864691132851353347
28834,864691132851354627
28835,864691132851354883
28836,864691132851355395
28837,864691132851355651
28838,864691132851356931
28839,864691132851357187
28840,864691132851360259
28841,864691132851361283
28842,864691132851364867
28843,864691132851366147
28844,864691132851367427
28845,864691132851367683
28846,864691132851367939
28847,864691132851369987
28848,864691132851370243
28849,864691132851371267
28850,864691132851372803
28851,864691132851373059
28852,864691132851374339
28853,864691132851375363
28854,864691132851375875
28855,864691132851376131
28856,864691132851376387
28857,864691132851378947
28858,864691132851379191
28859,864691132851381763
28860,864691132851382275
28861,864691132851387139
28862,864691132851388675
28863,864691132851388931
28864,864691132851389187
28865,864691132851389955
28866,864691132851390979
28867,864691132851391235
28868,864691132851392080
28869,864691132851392771
28870,864691132851402472
28871,864691132851460640
28872,864691132851490878
28873,864691132851558974
28874,864691132851569155
28875,864691132851569667
28876,864691132851570179
28877,864691132851571971
28878,864691132851572739
28879,864691132851574019
28880,864691132851574531
28881,864691132851576067
28882,864691132851577603
28883,864691132851580931
28884,864691132851581699
28885,864691132851582211
28886,864691132851583491
28887,864691132851584515
28888,864691132851585795
28889,864691132851586563
28890,864691132851587331
28891,864691132851587843
28892,864691132851588867
28893,864691132851590147
28894,864691132851591171
28895,864691132851591683
28896,864691132851591939
28897,864691132851592195
28898,864691132851592707
28899,864691132851592963
28900,864691132851594243
28901,864691132851594499
28902,864691132851595267
28903,864691132851595779
28904,864691132851596035
28905,864691132851597059
28906,864691132851597571
28907,864691132851597827
28908,864691132851599619
28909,864691132851599875
28910,864691132851600131
28911,864691132851600387
28912,864691132851600899
28913,864691132851601923
28914,864691132851602435
28915,864691132851602691
28916,864691132851602947
28917,864691132851603459
28918,864691132851604995
28919,864691132851605251
28920,864691132851605763
28921,864691132851608835
28922,864691132851609347
28923,864691132851609603
28924,864691132851609859
28925,864691132851610115
28926,864691132851610371
28927,864691132851635445
28928,864691132851649539
28929,864691132851649795
28930,864691132851650563
28931,864691132851650819
28932,864691132851651075
28933,864691132851651843
28934,864691132851652099
28935,864691132851652355
28936,864691132851652611
28937,864691132851653379
28938,864691132851656451
28939,864691132851656963
28940,864691132851659523
28941,864691132851661059
28942,864691132851661827
28943,864691132851662339
28944,864691132851662595
28945,864691132851663107
28946,864691132851663363
28947,864691132851664387
28948,864691132851664899
28949,864691132851665411
28950,864691132851666898
28951,864691132851680574
28952,864691132851776830
28953,864691132851785319
28954,864691132851796456
28955,864691132851914046
28956,864691132851927790
28957,864691132851995870
28958,864691132852076066
28959,864691132852139600
28960,864691132852167230
28961,864691132852189955
28962,864691132852194663
28963,864691132852201938
28964,864691132852264510
28965,864691132852271107
28966,864691132852362450
28967,864691132852384318
28968,864691132852405822
28969,864691132852488254
28970,864691132852508734
28971,864691132852517891
28972,864691132852618272
28973,864691132852623934
28974,864691132852637541
28975,864691132852639720
28976,864691132852645891
28977,864691132852653118
28978,864691132852713534
28979,864691132852767550
28980,864691132852790019
28981,864691132852794686
28982,864691132852803587
28983,864691132852807671
28984,864691132852816850
28985,864691132852824126
28986,864691132852838382
28987,864691132852868926
28988,864691132852879906
28989,864691132852910773
28990,864691132852923061
28991,864691132852929234
28992,864691132852935733
28993,864691132852935998
28994,864691132852939011
28995,864691132852943678
28996,864691132852950590
28997,864691132852975934
28998,864691132852999683
28999,864691132853021758
29000,864691132853029891
29001,864691132853031742
29002,864691132853059134
29003,864691132853086055
29004,864691132853109310
29005,864691132853112501
29006,864691132853116734
29007,864691132853184515
29008,864691132853187646
29009,864691132853188670
29010,864691132853197521
29011,864691132853213699
29012,864691132853231875
29013,864691132853373416
29014,864691132853406752
29015,864691132853563139
29016,864691132853569381
29017,864691132853656677
29018,864691132853690146
29019,864691132853699075
29020,864691132853718885
29021,864691132853742842
29022,864691132853828149
29023,864691132853912579
29024,864691132853914251
29025,864691132853997059
29026,864691132854024037
29027,864691132854025575
29028,864691132854029315
29029,864691132854061827
29030,864691132854071397
29031,864691132854107239
29032,864691132854143710
29033,864691132854150245
29034,864691132854159619
29035,864691132854182353
29036,864691132854203682
29037,864691132854272003
29038,864691132854277479
29039,864691132854294119
29040,864691132854358531
29041,864691132854379011
29042,864691132854393347
29043,864691132854427907
29044,864691132854487506
29045,864691132854539523
29046,864691132854592515
29047,864691132854601798
29048,864691132854613486
29049,864691132854656259
29050,864691132854672887
29051,864691132854678562
29052,864691132854679555
29053,864691132854721381
29054,864691132854741576
29055,864691132854749316
29056,864691132854753383
29057,864691132854804550
29058,864691132854805318
29059,864691132854805574
29060,864691132854805830
29061,864691132854806598
29062,864691132854807622
29063,864691132854809414
29064,864691132854809926
29065,864691132854813510
29066,864691132854814022
29067,864691132854815814
29068,864691132854816070
29069,864691132854816326
29070,864691132854817094
29071,864691132854818374
29072,864691132854818886
29073,864691132854819398
29074,864691132854819910
29075,864691132854820422
29076,864691132854821123
29077,864691132854821190
29078,864691132854821702
29079,864691132854823238
29080,864691132854824006
29081,864691132854824262
29082,864691132854826054
29083,864691132854826310
29084,864691132854826566
29085,864691132854827078
29086,864691132854827334
29087,864691132854827590
29088,864691132854830662
29089,864691132854836038
29090,864691132854837062
29091,864691132854837574
29092,864691132854840646
29093,864691132854840677
29094,864691132854841158
29095,864691132854842438
29096,864691132854844998
29097,864691132854846022
29098,864691132854847046
29099,864691132854848326
29100,864691132854850118
29101,864691132854851910
29102,864691132854853446
29103,864691132854858054
29104,864691132854859334
29105,864691132854860614
29106,864691132854860870
29107,864691132854861638
29108,864691132854861894
29109,864691132854862406
29110,864691132854863174
29111,864691132854863430
29112,864691132854864710
29113,864691132854867782
29114,864691132854869830
29115,864691132854872134
29116,864691132854896456
29117,864691132854902531
29118,864691132854902818
29119,864691132854974723
29120,864691132855004742
29121,864691132855005254
29122,864691132855005766
29123,864691132855007558
29124,864691132855009606
29125,864691132855010886
29126,864691132855012166
29127,864691132855012934
29128,864691132855014982
29129,864691132855016774
29130,864691132855017030
29131,864691132855018310
29132,864691132855019590
29133,864691132855019846
29134,864691132855020870
29135,864691132855022918
29136,864691132855023174
29137,864691132855023430
29138,864691132855027014
29139,864691132855027782
29140,864691132855028550
29141,864691132855028806
29142,864691132855030086
29143,864691132855030342
29144,864691132855030854
29145,864691132855032134
29146,864691132855033158
29147,864691132855033414
29148,864691132855034182
29149,864691132855034694
29150,864691132855035462
29151,864691132855037766
29152,864691132855038790
29153,864691132855039046
29154,864691132855039302
29155,864691132855039814
29156,864691132855040838
29157,864691132855042374
29158,864691132855042630
29159,864691132855042886
29160,864691132855043654
29161,864691132855044678
29162,864691132855045446
29163,864691132855045958
29164,864691132855047494
29165,864691132855048006
29166,864691132855048518
29167,864691132855048774
29168,864691132855049542
29169,864691132855049798
29170,864691132855050566
29171,864691132855050822
29172,864691132855051334
29173,864691132855052614
29174,864691132855054150
29175,864691132855054918
29176,864691132855056966
29177,864691132855058246
29178,864691132855058502
29179,864691132855059014
29180,864691132855059526
29181,864691132855059782
29182,864691132855060038
29183,864691132855060294
29184,864691132855061062
29185,864691132855061830
29186,864691132855062086
29187,864691132855062598
29188,864691132855063110
29189,864691132855064646
29190,864691132855065926
29191,864691132855067462
29192,864691132855068230
29193,864691132855068998
29194,864691132855069254
29195,864691132855073862
29196,864691132855074118
29197,864691132855074630
29198,864691132855075398
29199,864691132855076934
29200,864691132855077190
29201,864691132855077446
29202,864691132855077702
29203,864691132855077958
29204,864691132855078214
29205,864691132855078982
29206,864691132855079750
29207,864691132855091459
29208,864691132855098883
29209,864691132855104515
29210,864691132855129414
29211,864691132855130182
29212,864691132855130438
29213,864691132855130694
29214,864691132855131462
29215,864691132855132230
29216,864691132855133766
29217,864691132855134022
29218,864691132855135046
29219,864691132855135302
29220,864691132855138118
29221,864691132855138630
29222,864691132855139142
29223,864691132855139398
29224,864691132855140422
29225,864691132855140678
29226,864691132855141958
29227,864691132855142726
29228,864691132855143238
29229,864691132855147334
29230,864691132855148102
29231,864691132855148614
29232,864691132855150406
29233,864691132855153222
29234,864691132855153734
29235,864691132855153990
29236,864691132855154502
29237,864691132855169539
29238,864691132855197877
29239,864691132855214406
29240,864691132855215942
29241,864691132855305170
29242,864691132855362285
29243,864691132855391620
29244,864691132855409734
29245,864691132855419464
29246,864691132855458151
29247,864691132855503650
29248,864691132855515317
29249,864691132855525864
29250,864691132855569478
29251,864691132855671399
29252,864691132855671790
29253,864691132855742278
29254,864691132855812277
29255,864691132855870596
29256,864691132855962756
29257,864691132856012597
29258,864691132856147673
29259,864691132856162118
29260,864691132856208487
29261,864691132856214069
29262,864691132856219682
29263,864691132856312144
29264,864691132856388796
29265,864691132856395908
29266,864691132856484936
29267,864691132856611910
29268,864691132856627746
29269,864691132856629714
29270,864691132856832693
29271,864691132856846517
29272,864691132856913442
29273,864691132856960326
29274,864691132857121058
29275,864691132857295942
29276,864691132857344232
29277,864691132857370066
29278,864691132857460550
29279,864691132857460968
29280,864691132857507106
29281,864691132857547846
29282,864691132857579225
29283,864691132857599302
29284,864691132857603398
29285,864691132857612358
29286,864691132857644834
29287,864691132857680710
29288,864691132857696437
29289,864691132857706989
29290,864691132857763723
29291,864691132857782598
29292,864691132857800774
29293,864691132857818146
29294,864691132857825510
29295,864691132857829190
29296,864691132857831238
29297,864691132857841734
29298,864691132858000338
29299,864691132858012486
29300,864691132858051910
29301,864691132858089542
29302,864691132858153798
29303,864691132858176582
29304,864691132858188870
29305,864691132858227526
29306,864691132858249798
29307,864691132858346037
29308,864691132858386641
29309,864691132858421301
29310,864691132858532898
29311,864691132858556448
29312,864691132858587787
29313,864691132858661864
29314,864691132858892647
29315,864691132858930210
29316,864691132859344305
29317,864691132859394613
29318,864691132859555362
29319,864691132859557735
29320,864691132859709287
29321,864691132859738066
29322,864691132859757088
29323,864691132859858720
29324,864691132859937895
29325,864691132859988768
29326,864691132859999050
29327,864691132860034542
29328,864691132860196898
29329,864691132860328117
29330,864691132860356898
29331,864691132860441070
29332,864691132860663528
29333,864691132860865636
29334,864691132860919221
29335,864691132860936658
29336,864691132861029200
29337,864691132861319390
29338,864691132861401890
29339,864691132861443560
29340,864691132861481909
29341,864691132861497325
29342,864691132861498093
29343,864691132861498349
29344,864691132861498861
29345,864691132861499629
29346,864691132861500141
29347,864691132861501421
29348,864691132861502189
29349,864691132861502957
29350,864691132861504493
29351,864691132861505005
29352,864691132861505517
29353,864691132861509613
29354,864691132861511405
29355,864691132861512429
29356,864691132861514343
29357,864691132861514733
29358,864691132861515245
29359,864691132861516013
29360,864691132861516269
29361,864691132861518573
29362,864691132861519341
29363,864691132861520109
29364,864691132861520621
29365,864691132861522157
29366,864691132861523693
29367,864691132861524717
29368,864691132861525229
29369,864691132861525685
29370,864691132861525997
29371,864691132861526765
29372,864691132861527021
29373,864691132861527277
29374,864691132861529069
29375,864691132861529325
29376,864691132861530349
29377,864691132861532141
29378,864691132861533165
29379,864691132861533933
29380,864691132861535725
29381,864691132861537517
29382,864691132861539821
29383,864691132861540333
29384,864691132861540589
29385,864691132861542637
29386,864691132861543661
29387,864691132861543917
29388,864691132861544685
29389,864691132861545709
29390,864691132861546221
29391,864691132861547245
29392,864691132861651191
29393,864691132861681389
29394,864691132861681645
29395,864691132861682413
29396,864691132861682669
29397,864691132861682925
29398,864691132861684461
29399,864691132861684717
29400,864691132861686509
29401,864691132861687789
29402,864691132861688045
29403,864691132861689069
29404,864691132861689837
29405,864691132861691373
29406,864691132861691885
29407,864691132861694701
29408,864691132861694957
29409,864691132861696749
29410,864691132861697005
29411,864691132861698797
29412,864691132861725472
29413,864691132861726445
29414,864691132861727469
29415,864691132861727725
29416,864691132861728749
29417,864691132861729773
29418,864691132861730541
29419,864691132861731053
29420,864691132861732589
29421,864691132861733101
29422,864691132861733357
29423,864691132861733869
29424,864691132861734125
29425,864691132861736685
29426,864691132861737197
29427,864691132861737453
29428,864691132861737709
29429,864691132861737965
29430,864691132861738477
29431,864691132861739245
29432,864691132861741037
29433,864691132861741549
29434,864691132861742573
29435,864691132862205165
29436,864691132862219501
29437,864691132862265703
29438,864691132862384109
29439,864691132862403821
29440,864691132862420190
29441,864691132862454254
29442,864691132862535405
29443,864691132862571109
29444,864691132862633552
29445,864691132862787618
29446,864691132862801005
29447,864691132862903477
29448,864691132862905809
29449,864691132862920429
29450,864691132862928621
29451,864691132862930925
29452,864691132862996837
29453,864691132863014637
29454,864691132863112429
29455,864691132863134189
29456,864691132863251166
29457,864691132863329005
29458,864691132863516804
29459,864691132863584232
29460,864691132863633184
29461,864691132863694573
29462,864691132863706805
29463,864691132863982922
29464,864691132864006126
29465,864691132864086372
29466,864691132864097517
29467,864691132864236781
29468,864691132864276717
29469,864691132864284773
29470,864691132864301293
29471,864691132864373485
29472,864691132864384237
29473,864691132864384493
29474,864691132864428013
29475,864691132864488429
29476,864691132864527138
29477,864691132864549357
29478,864691132864616166
29479,864691132864724718
29480,864691132864754925
29481,864691132864863469
29482,864691132864874733
29483,864691132864875501
29484,864691132864877037
29485,864691132864899785
29486,864691132864903656
29487,864691132864908269
29488,864691132864911336
29489,864691132864925160
29490,864691132864928237
29491,864691132864961254
29492,864691132864983789
29493,864691132865013485
29494,864691132865102317
29495,864691132865171693
29496,864691132865240557
29497,864691132865245421
29498,864691132865273832
29499,864691132865335330
29500,864691132865534821
29501,864691132865547104
29502,864691132865640117
29503,864691132865650466
29504,864691132865673397
29505,864691132865684456
29506,864691132865689525
29507,864691132865700021
29508,864691132865735605
29509,864691132865736629
29510,864691132865748917
29511,864691132865985826
29512,864691132866032930
29513,864691132866066466
29514,864691132866083560
29515,864691132866146024
29516,864691132866149045
29517,864691132866188469
29518,864691132866191561
29519,864691132866217161
29520,864691132866352353
29521,864691132866404041
29522,864691132866431177
29523,864691132866733602
29524,864691132866797858
29525,864691132866798626
29526,864691132866823970
29527,864691132866838325
29528,864691132866890969
29529,864691132866936117
29530,864691132867284405
29531,864691132867388962
29532,864691132867426128
29533,864691132867570720
29534,864691132867695568
29535,864691132867749960
29536,864691132867966153
29537,864691132867967010
29538,864691132868057191
29539,864691132868082466
29540,864691132868094696
29541,864691132868143336
29542,864691132868270370
29543,864691132868374248
29544,864691132868377965
29545,864691132868406600
29546,864691132868452130
29547,864691132868465284
29548,864691132868482338
29549,864691132868494468
29550,864691132868501301
29551,864691132868516321
29552,864691132868562377
29553,864691132868576388
29554,864691132868597214
29555,864691132868717346
29556,864691132868728806
29557,864691132868856030
29558,864691132868873161
29559,864691132868903902
29560,864691132868918758
29561,864691132868946248
29562,864691132869500007
29563,864691132869622372
29564,864691132869665205
29565,864691132869709513
29566,864691132869745205
29567,864691132869918032
29568,864691132869946656
29569,864691132869965877
29570,864691132869982190
29571,864691132870211716
29572,864691132870245350
29573,864691132870261458
29574,864691132870268626
29575,864691132870281092
29576,864691132870338613
29577,864691132870378123
29578,864691132870433205
29579,864691132870485095
29580,864691132870528437
29581,864691132870543561
29582,864691132870550631
29583,864691132870697544
29584,864691132870701022
29585,864691132870826599
29586,864691132870840245
29587,864691132870854247
29588,864691132870864999
29589,864691132870871120
29590,864691132870922037
29591,864691132871031784
29592,864691132871076917
29593,864691132871133799
29594,864691132871185128
29595,864691132871219557
29596,864691132871234436
29597,864691132871257909
29598,864691132871258468
29599,864691132871269922
29600,864691132871399783
29601,864691132871438281
29602,864691132871480373
29603,864691132871535906
29604,864691132871559781
29605,864691132871584466
29606,864691132871611170
29607,864691132871644469
29608,864691132871695541
29609,864691132871709474
29610,864691132871843408
29611,864691132871862887
29612,864691132871936943
29613,864691132871994213
29614,864691132872136738
29615,864691132872160546
29616,864691132872248165
29617,864691132872389220
29618,864691132872432053
29619,864691132872441825
29620,864691132872473576
29621,864691132872642286
29622,864691132872790631
29623,864691132873113064
29624,864691132873341641
29625,864691132873345768
29626,864691132873372847
29627,864691132873485550
29628,864691132873538286
29629,864691132873538692
29630,864691132873544293
29631,864691132873580901
29632,864691132873683438
29633,864691132873783626
29634,864691132873805266
29635,864691132873834185
29636,864691132873990894
29637,864691132874119051
29638,864691132874235720
29639,864691132874550473
29640,864691132874561768
29641,864691132874672485
29642,864691132874791780
29643,864691132874863797
29644,864691132874872354
29645,864691132874947656
29646,864691132875174391
29647,864691132875219959
29648,864691132875223287
29649,864691132875225591
29650,864691132875226615
29651,864691132875228407
29652,864691132875228919
29653,864691132875230455
29654,864691132875231223
29655,864691132875231735
29656,864691132875234807
29657,864691132875235575
29658,864691132875235831
29659,864691132875237367
29660,864691132875237879
29661,864691132875238391
29662,864691132875238647
29663,864691132875239927
29664,864691132875240951
29665,864691132875241207
29666,864691132875242999
29667,864691132875244023
29668,864691132875244535
29669,864691132875245303
29670,864691132875245815
29671,864691132875246327
29672,864691132875247863
29673,864691132875248631
29674,864691132875248887
29675,864691132875250679
29676,864691132875252215
29677,864691132875252727
29678,864691132875252983
29679,864691132875253239
29680,864691132875257079
29681,864691132875258103
29682,864691132875260919
29683,864691132875261431
29684,864691132875261687
29685,864691132875262711
29686,864691132875313765
29687,864691132875316215
29688,864691132875334650
29689,864691132875406114
29690,864691132875406327
29691,864691132875432439
29692,864691132875432695
29693,864691132875433463
29694,864691132875433975
29695,864691132875434231
29696,864691132875437047
29697,864691132875437303
29698,864691132875441077
29699,864691132875465207
29700,864691132875469047
29701,864691132875473911
29702,864691132875480009
29703,864691132875488503
29704,864691132875562487
29705,864691132875622245
29706,864691132875644617
29707,864691132875696672
29708,864691132875735031
29709,864691132875824616
29710,864691132876054197
29711,864691132876190711
29712,864691132876230089
29713,864691132876281525
29714,864691132876304162
29715,864691132876312501
29716,864691132876442313
29717,864691132876448457
29718,864691132876514741
29719,864691132876630254
29720,864691132876649250
29721,864691132876739319
29722,864691132876794696
29723,864691132876817077
29724,864691132876928232
29725,864691132877130786
29726,864691132877315575
29727,864691132877377481
29728,864691132877378295
29729,864691132877418314
29730,864691132877554640
29731,864691132877589092
29732,864691132877639248
29733,864691132877707502
29734,864691132877770999
29735,864691132877788648
29736,864691132877893508
29737,864691132877900213
29738,864691132877942007
29739,864691132877974738
29740,864691132877975733
29741,864691132878074615
29742,864691132878082002
29743,864691132878092469
29744,864691132878115834
29745,864691132878154743
29746,864691132878189303
29747,864691132878276855
29748,864691132878297847
29749,864691132878302816
29750,864691132878396151
29751,864691132878413109
29752,864691132878436424
29753,864691132878437623
29754,864691132878532599
29755,864691132878575863
29756,864691132878582007
29757,864691132878607863
29758,864691132878717365
29759,864691132878752437
29760,864691132878754039
29761,864691132878756642
29762,864691132878782199
29763,864691132878825719
29764,864691132878880546
29765,864691132878907895
29766,864691132878908407
29767,864691132878944503
29768,864691132878954487
29769,864691132878960119
29770,864691132879454800
29771,864691132879559760
29772,864691132879680053
29773,864691132879776840
29774,864691132879819088
29775,864691132880053066
29776,864691132880056274
29777,864691132880062792
29778,864691132880319689
29779,864691132880319778
29780,864691132880633378
29781,864691132880700337
29782,864691132880793444
29783,864691132880863976
29784,864691132880880872
29785,864691132880935970
29786,864691132881035908
29787,864691132881099246
29788,864691132881127781
29789,864691132881167848
29790,864691132881529318
29791,864691132881848610
29792,864691132881896905
29793,864691132881960402
29794,864691132882236361
29795,864691132882687954
29796,864691132882717067
29797,864691132882806504
29798,864691132882808550
29799,864691132882856068
29800,864691132882893090
29801,864691132882983625
29802,864691132883157705
29803,864691132883159016
29804,864691132883349794
29805,864691132883366089
29806,864691132883431712
29807,864691132883445538
29808,864691132883459273
29809,864691132883466159
29810,864691132883509449
29811,864691132883532141
29812,864691132883667887
29813,864691132883673007
29814,864691132883674543
29815,864691132883675055
29816,864691132883675567
29817,864691132883675823
29818,864691132883676591
29819,864691132883677103
29820,864691132883678383
29821,864691132883679407
29822,864691132883679663
29823,864691132883682991
29824,864691132883685295
29825,864691132883687087
29826,864691132883688367
29827,864691132883688649
29828,864691132883689391
29829,864691132883690415
29830,864691132883690927
29831,864691132883691695
29832,864691132883691951
29833,864691132883693743
29834,864691132883694255
29835,864691132883694511
29836,864691132883695023
29837,864691132883697327
29838,864691132883698095
29839,864691132883701935
29840,864691132883703983
29841,864691132883704495
29842,864691132883705775
29843,864691132883708335
29844,864691132883709103
29845,864691132883710383
29846,864691132883711407
29847,864691132883714479
29848,864691132883717614
29849,864691132883875247
29850,864691132883875503
29851,864691132883877807
29852,864691132883878063
29853,864691132883878575
29854,864691132883879599
29855,864691132883880367
29856,864691132883881647
29857,864691132883882159
29858,864691132883883439
29859,864691132883883695
29860,864691132883884207
29861,864691132883884463
29862,864691132883885231
29863,864691132883885487
29864,864691132883885999
29865,864691132883887279
29866,864691132883888303
29867,864691132883891119
29868,864691132883894191
29869,864691132883895471
29870,864691132883895727
29871,864691132883895983
29872,864691132883899055
29873,864691132883899567
29874,864691132883900079
29875,864691132883901103
29876,864691132883901359
29877,864691132883902127
29878,864691132883902639
29879,864691132883903151
29880,864691132883903919
29881,864691132883904431
29882,864691132883905199
29883,864691132883905711
29884,864691132883905967
29885,864691132883906223
29886,864691132883906479
29887,864691132883906735
29888,864691132883908271
29889,864691132883908527
29890,864691132883910063
29891,864691132883910319
29892,864691132883910575
29893,864691132883911087
29894,864691132883911343
29895,864691132883911599
29896,864691132883911855
29897,864691132883927471
29898,864691132883928239
29899,864691132883929775
29900,864691132883931055
29901,864691132883933871
29902,864691132883934383
29903,864691132884257768
29904,864691132884286498
29905,864691132884289737
29906,864691132884436399
29907,864691132884589798
29908,864691132884673768
29909,864691132884677039
29910,864691132884677989
29911,864691132884699493
29912,864691132884766665
29913,864691132884796648
29914,864691132884904623
29915,864691132885060967
29916,864691132885141794
29917,864691132885314850
29918,864691132885366482
29919,864691132885374309
29920,864691132885444898
29921,864691132885473973
29922,864691132885552303
29923,864691132885788591
29924,864691132885838767
29925,864691132885891503
29926,864691132885905839
29927,864691132885906386
29928,864691132885931721
29929,864691132885937327
29930,864691132885960942
29931,864691132885983925
29932,864691132886024111
29933,864691132886027183
29934,864691132886039368
29935,864691132886143919
29936,864691132886206895
29937,864691132886229679
29938,864691132886232530
29939,864691132886401199
29940,864691132886438575
29941,864691132886496687
29942,864691132886517961
29943,864691132886536623
29944,864691132886581679
29945,864691132886668975
29946,864691132886678473
29947,864691132886678703
29948,864691132886761929
29949,864691132886797237
29950,864691132886815945
29951,864691132886818917
29952,864691132886865839
29953,864691132886948783
29954,864691132886977461
29955,864691132887006895
29956,864691132887094344
29957,864691132887135925
29958,864691132887143625
29959,864691132887514606
29960,864691132887538101
29961,864691132887581385
29962,864691132887765742
29963,864691132887787246
29964,864691132887859913
29965,864691132887982062
29966,864691132888215911
29967,864691132888381730
29968,864691132888416072
29969,864691132888472009
29970,864691132888573641
29971,864691132888592373
29972,864691132888612553
29973,864691132888726985
29974,864691132888768457
29975,864691132888776424
29976,864691132889077124
29977,864691132889274350
29978,864691132889401424
29979,864691132889474888
29980,864691132889537845
29981,864691132889861833
29982,864691132889930490
29983,864691132889956197
29984,864691132890005193
29985,864691132890074448
29986,864691132890084041
29987,864691132890173109
29988,864691132890423241
29989,864691132890517349
29990,864691132890580169
29991,864691132890594997
29992,864691132890598709
29993,864691132890600738
29994,864691132890635336
29995,864691132890732526
29996,864691132890736456
29997,864691132890741222
29998,864691132890776165
29999,864691132890778213
30000,864691132890798537
30001,864691132890863975
30002,864691132890957451
30003,864691132891095861
30004,864691132891168359
30005,864691132891283509
30006,864691132891602308
30007,864691132891606985
30008,864691132891644392
30009,864691132891646153
30010,864691132891649225
30011,864691132891685387
30012,864691132891703655
30013,864691132891737269
30014,864691132891923024
30015,864691132892025227
30016,864691132892183908
30017,864691132892486992
30018,864691132892859862
30019,864691132892894166
30020,864691132892894422
30021,864691132892896726
30022,864691132892897750
30023,864691132892899286
30024,864691132892900310
30025,864691132892900566
30026,864691132892901334
30027,864691132892901846
30028,864691132892902358
30029,864691132892903638
30030,864691132892906198
30031,864691132892906710
30032,864691132892909014
30033,864691132892910038
30034,864691132892912086
30035,864691132892912854
30036,864691132892913366
30037,864691132892914134
30038,864691132892914902
30039,864691132892917974
30040,864691132892918486
30041,864691132892918998
30042,864691132892919254
30043,864691132892919510
30044,864691132892920278
30045,864691132892921302
30046,864691132892921558
30047,864691132892923862
30048,864691132892924118
30049,864691132892924886
30050,864691132892925398
30051,864691132892926678
30052,864691132892927702
30053,864691132892928726
30054,864691132892929238
30055,864691132892930518
30056,864691132892931798
30057,864691132892932054
30058,864691132892932822
30059,864691132892933846
30060,864691132892934614
30061,864691132892937430
30062,864691132892938710
30063,864691132892939222
30064,864691132892939734
30065,864691132892941270
30066,864691132892941782
30067,864691132892942806
30068,864691132892946134
30069,864691132893006550
30070,864691132893019601
30071,864691132893095634
30072,864691132893101526
30073,864691132893102038
30074,864691132893102294
30075,864691132893102806
30076,864691132893103318
30077,864691132893106390
30078,864691132893106902
30079,864691132893107158
30080,864691132893108694
30081,864691132893110230
30082,864691132893111510
30083,864691132893111766
30084,864691132893112022
30085,864691132893112534
30086,864691132893112790
30087,864691132893113558
30088,864691132893114070
30089,864691132893114326
30090,864691132893115094
30091,864691132893115606
30092,864691132893117398
30093,864691132893118166
30094,864691132893118422
30095,864691132893118934
30096,864691132893119702
30097,864691132893120726
30098,864691132893120982
30099,864691132893121238
30100,864691132893121750
30101,864691132893156965
30102,864691132893162198
30103,864691132893162710
30104,864691132893163734
30105,864691132893166294
30106,864691132893166550
30107,864691132893167830
30108,864691132893169110
30109,864691132893170646
30110,864691132893171158
30111,864691132893171414
30112,864691132893231574
30113,864691132893339237
30114,864691132893343698
30115,864691132893406567
30116,864691132893416226
30117,864691132893489504
30118,864691132893564904
30119,864691132893565621
30120,864691132893575458
30121,864691132893576424
30122,864691132893581493
30123,864691132893639556
30124,864691132893700192
30125,864691132893714248
30126,864691132893739697
30127,864691132893807029
30128,864691132893868427
30129,864691132893973705
30130,864691132894029602
30131,864691132894066390
30132,864691132894150581
30133,864691132894262473
30134,864691132894287049
30135,864691132894383334
30136,864691132894480817
30137,864691132894636518
30138,864691132894639846
30139,864691132894642406
30140,864691132894643174
30141,864691132894643942
30142,864691132894644198
30143,864691132894644454
30144,864691132894649830
30145,864691132894652134
30146,864691132894653926
30147,864691132894654182
30148,864691132894655718
30149,864691132894656742
30150,864691132894656998
30151,864691132894658022
30152,864691132894658278
30153,864691132894660070
30154,864691132894661350
30155,864691132894662374
30156,864691132894662886
30157,864691132894663142
30158,864691132894663398
30159,864691132894664422
30160,864691132894665190
30161,864691132894666982
30162,864691132894669030
30163,864691132894670822
30164,864691132894671078
30165,864691132894671590
30166,864691132894671846
30167,864691132894672614
30168,864691132894675174
30169,864691132894675686
30170,864691132894676710
30171,864691132894678246
30172,864691132894680806
30173,864691132894681574
30174,864691132894682598
30175,864691132894683445
30176,864691132894683878
30177,864691132894684134
30178,864691132894687206
30179,864691132894687974
30180,864691132894688486
30181,864691132894689254
30182,864691132894689510
30183,864691132894690022
30184,864691132894691814
30185,864691132894692582
30186,864691132894692838
30187,864691132894695142
30188,864691132894696166
30189,864691132894698214
30190,864691132894698726
30191,864691132894699494
30192,864691132894700006
30193,864691132894702566
30194,864691132894704870
30195,864691132894705894
30196,864691132894706662
30197,864691132894708966
30198,864691132894709990
30199,864691132894710246
30200,864691132894711014
30201,864691132894714598
30202,864691132894715110
30203,864691132894720486
30204,864691132894721510
30205,864691132894723046
30206,864691132894724070
30207,864691132894725094
30208,864691132894725606
30209,864691132894727142
30210,864691132894730470
30211,864691132894732518
30212,864691132894734310
30213,864691132894734566
30214,864691132894735334
30215,864691132894735590
30216,864691132894736870
30217,864691132894738662
30218,864691132894739430
30219,864691132894739942
30220,864691132894741478
30221,864691132894743014
30222,864691132894743270
30223,864691132894745574
30224,864691132894747622
30225,864691132894748646
30226,864691132894770613
30227,864691132894798054
30228,864691132894805222
30229,864691132894874854
30230,864691132894876134
30231,864691132894877670
30232,864691132894878950
30233,864691132894879206
30234,864691132894879974
30235,864691132894880742
30236,864691132894881254
30237,864691132894881766
30238,864691132894882534
30239,864691132894900438
30240,864691132894908390
30241,864691132894911206
30242,864691132894911541
30243,864691132894912486
30244,864691132894914022
30245,864691132894915302
30246,864691132894923750
30247,864691132894937160
30248,864691132895077941
30249,864691132895125462
30250,864691132895191733
30251,864691132895282646
30252,864691132895334894
30253,864691132895336264
30254,864691132895346646
30255,864691132895410406
30256,864691132895485142
30257,864691132895660246
30258,864691132895685078
30259,864691132895687894
30260,864691132895794646
30261,864691132895881430
30262,864691132895918949
30263,864691132895923686
30264,864691132895952598
30265,864691132896036711
30266,864691132896059239
30267,864691132896069078
30268,864691132896098187
30269,864691132896105190
30270,864691132896145896
30271,864691132896168662
30272,864691132896174550
30273,864691132896184534
30274,864691132896198345
30275,864691132896239499
30276,864691132896240996
30277,864691132896294870
30278,864691132896309193
30279,864691132896344278
30280,864691132896351470
30281,864691132896369622
30282,864691132896388228
30283,864691132896393604
30284,864691132896398212
30285,864691132896433028
30286,864691132896512982
30287,864691132896616150
30288,864691132896622054
30289,864691132896651478
30290,864691132896656598
30291,864691132896674634
30292,864691132896679625
30293,864691132896698326
30294,864691132896748518
30295,864691132896749542
30296,864691132896763622
30297,864691132896801750
30298,864691132896824278
30299,864691132896827751
30300,864691132896829579
30301,864691132896861142
30302,864691132896895974
30303,864691132896958678
30304,864691132897030102
30305,864691132897049959
30306,864691132897052374
30307,864691132897064918
30308,864691132897067222
30309,864691132897078729
30310,864691132897088742
30311,864691132897101014
30312,864691132897127126
30313,864691132897129430
30314,864691132897195990
30315,864691132897209574
30316,864691132897236182
30317,864691132897357877
30318,864691132897384137
30319,864691132897456480
30320,864691132897488350
30321,864691132897496964
30322,864691132897525222
30323,864691132897558985
30324,864691132897599718
30325,864691132897623270
30326,864691132897882402
30327,864691132897917543
30328,864691132897946078
30329,864691132897973734
30330,864691132898050790
30331,864691132898079206
30332,864691132898131430
30333,864691132898169830
30334,864691132898174665
30335,864691132898174950
30336,864691132898178790
30337,864691132898192073
30338,864691132898206153
30339,864691132898217702
30340,864691132898262887
30341,864691132898279910
30342,864691132898312678
30343,864691132898337766
30344,864691132898360294
30345,864691132898379750
30346,864691132898385126
30347,864691132898403302
30348,864691132898435814
30349,864691132898461926
30350,864691132898489320
30351,864691132898533870
30352,864691132898645863
30353,864691132898826222
30354,864691132898882542
30355,864691132898896878
30356,864691132898967534
30357,864691132899052066
30358,864691132899054537
30359,864691132899148066
30360,864691132899170798
30361,864691132899223534
30362,864691132899262446
30363,864691132899315588
30364,864691132899371758
30365,864691132899372128
30366,864691132899387189
30367,864691132899471086
30368,864691132899474926
30369,864691132899486190
30370,864691132899563758
30371,864691132899588078
30372,864691132899684846
30373,864691132899700169
30374,864691132899739118
30375,864691132899830600
30376,864691132899856350
30377,864691132899976686
30378,864691132900037614
30379,864691132900050158
30380,864691132900090549
30381,864691132900100818
30382,864691132900104068
30383,864691132900144110
30384,864691132900176841
30385,864691132900191778
30386,864691132900217672
30387,864691132900217890
30388,864691132900225993
30389,864691132900263674
30390,864691132900264186
30391,864691132900268282
30392,864691132900271098
30393,864691132900273658
30394,864691132900274170
30395,864691132900278010
30396,864691132900278266
30397,864691132900279290
30398,864691132900280058
30399,864691132900282362
30400,864691132900283130
30401,864691132900284410
30402,864691132900285178
30403,864691132900285946
30404,864691132900286970
30405,864691132900288506
30406,864691132900289274
30407,864691132900289530
30408,864691132900290554
30409,864691132900291322
30410,864691132900294394
30411,864691132900295162
30412,864691132900295674
30413,864691132900296698
30414,864691132900296954
30415,864691132900297978
30416,864691132900300282
30417,864691132900301562
30418,864691132900302586
30419,864691132900303610
30420,864691132900303866
30421,864691132900304378
30422,864691132900304634
30423,864691132900305402
30424,864691132900305658
30425,864691132900305914
30426,864691132900306170
30427,864691132900310010
30428,864691132900310266
30429,864691132900311290
30430,864691132900313594
30431,864691132900316410
30432,864691132900316666
30433,864691132900317690
30434,864691132900317946
30435,864691132900318970
30436,864691132900319226
30437,864691132900320250
30438,864691132900321274
30439,864691132900323066
30440,864691132900323834
30441,864691132900325882
30442,864691132900326906
30443,864691132900328186
30444,864691132900333050
30445,864691132900335354
30446,864691132900335866
30447,864691132900336634
30448,864691132900337914
30449,864691132900338938
30450,864691132900339706
30451,864691132900341242
30452,864691132900341498
30453,864691132900343802
30454,864691132900344866
30455,864691132900345850
30456,864691132900346362
30457,864691132900347642
30458,864691132900348142
30459,864691132900348922
30460,864691132900351994
30461,864691132900352506
30462,864691132900352762
30463,864691132900353530
30464,864691132900354042
30465,864691132900355322
30466,864691132900356346
30467,864691132900356602
30468,864691132900358394
30469,864691132900360698
30470,864691132900360954
30471,864691132900362746
30472,864691132900363770
30473,864691132900364538
30474,864691132900366586
30475,864691132900366842
30476,864691132900367098
30477,864691132900369914
30478,864691132900370170
30479,864691132900373242
30480,864691132900375290
30481,864691132900375546
30482,864691132900382446
30483,864691132900405742
30484,864691132900431086
30485,864691132900443751
30486,864691132900505732
30487,864691132900505988
30488,864691132900509316
30489,864691132900513156
30490,864691132900515204
30491,864691132900516996
30492,864691132900519556
30493,864691132900522884
30494,864691132900523140
30495,864691132900523652
30496,864691132900523908
30497,864691132900525700
30498,864691132900526724
30499,864691132900528004
30500,864691132900528772
30501,864691132900529028
30502,864691132900529796
30503,864691132900530564
30504,864691132900530820
30505,864691132900531076
30506,864691132900531844
30507,864691132900532612
30508,864691132900533892
30509,864691132900534404
30510,864691132900535172
30511,864691132900535940
30512,864691132900536196
30513,864691132900536964
30514,864691132900538244
30515,864691132900538756
30516,864691132900539112
30517,864691132900539524
30518,864691132900540804
30519,864691132900541316
30520,864691132900542084
30521,864691132900542340
30522,864691132900546692
30523,864691132900552580
30524,864691132900553092
30525,864691132900553860
30526,864691132900554116
30527,864691132900554884
30528,864691132900555652
30529,864691132900556420
30530,864691132900556932
30531,864691132900557700
30532,864691132900557956
30533,864691132900558468
30534,864691132900559236
30535,864691132900559748
30536,864691132900564100
30537,864691132900567172
30538,864691132900567684
30539,864691132900568708
30540,864691132900568964
30541,864691132900569732
30542,864691132900569988
30543,864691132900572036
30544,864691132900573316
30545,864691132900588794
30546,864691132900589306
30547,864691132900590074
30548,864691132900591610
30549,864691132900593658
30550,864691132900594170
30551,864691132900595706
30552,864691132900595962
30553,864691132900596986
30554,864691132900597498
30555,864691132900597754
30556,864691132900598522
30557,864691132900599290
30558,864691132900599802
30559,864691132900600314
30560,864691132900600826
30561,864691132900601338
30562,864691132900620538
30563,864691132900621050
30564,864691132900622330
30565,864691132900622842
30566,864691132900623098
30567,864691132900623610
30568,864691132900624634
30569,864691132900625402
30570,864691132900626682
30571,864691132900627194
30572,864691132900627450
30573,864691132900627706
30574,864691132900628218
30575,864691132900633850
30576,864691132900635130
30577,864691132900636154
30578,864691132900636410
30579,864691132900637178
30580,864691132900638970
30581,864691132900639738
30582,864691132900640250
30583,864691132900729476
30584,864691132900730244
30585,864691132900730577
30586,864691132900730756
30587,864691132900731524
30588,864691132900731780
30589,864691132900732036
30590,864691132900732804
30591,864691132900733828
30592,864691132900734852
30593,864691132900737412
30594,864691132900737668
30595,864691132900738180
30596,864691132900739204
30597,864691132900739460
30598,864691132900739716
30599,864691132900749050
30600,864691132900769973
30601,864691132900799364
30602,864691132900803460
30603,864691132900804484
30604,864691132900806020
30605,864691132900845346
30606,864691132901001092
30607,864691132901003908
30608,864691132901017070
30609,864691132901084910
30610,864691132901135492
30611,864691132901222894
30612,864691132901231854
30613,864691132901246458
30614,864691132901307780
30615,864691132901397498
30616,864691132901567029
30617,864691132901587694
30618,864691132901595682
30619,864691132901596112
30620,864691132901662792
30621,864691132901669358
30622,864691132901807975
30623,864691132901811706
30624,864691132902023812
30625,864691132902044232
30626,864691132902080737
30627,864691132902095569
30628,864691132902105634
30629,864691132902135940
30630,864691132902144388
30631,864691132902202756
30632,864691132902209973
30633,864691132902260917
30634,864691132902301897
30635,864691132902314746
30636,864691132902326766
30637,864691132902354657
30638,864691132902395936
30639,864691132902495726
30640,864691132902520570
30641,864691132902533223
30642,864691132902553220
30643,864691132902555374
30644,864691132902577767
30645,864691132902597508
30646,864691132902606586
30647,864691132902685434
30648,864691132902719620
30649,864691132902785668
30650,864691132902795258
30651,864691132902795770
30652,864691132902798062
30653,864691132902933242
30654,864691132902964868
30655,864691132902989956
30656,864691132903067130
30657,864691132903089914
30658,864691132903110480
30659,864691132903154426
30660,864691132903161850
30661,864691132903189636
30662,864691132903234792
30663,864691132903312634
30664,864691132903318778
30665,864691132903374468
30666,864691132903390446
30667,864691132903428346
30668,864691132903436725
30669,864691132903445093
30670,864691132903511940
30671,864691132903581828
30672,864691132903602938
30673,864691132903613934
30674,864691132903614190
30675,864691132903614958
30676,864691132903615982
30677,864691132903620846
30678,864691132903623662
30679,864691132903627758
30680,864691132903628526
30681,864691132903630062
30682,864691132903632878
30683,864691132903633134
30684,864691132903634158
30685,864691132903634670
30686,864691132903636718
30687,864691132903637486
30688,864691132903638510
30689,864691132903640302
30690,864691132903640814
30691,864691132903641326
30692,864691132903642350
30693,864691132903642606
30694,864691132903643630
30695,864691132903643886
30696,864691132903644398
30697,864691132903647214
30698,864691132903647982
30699,864691132903649006
30700,864691132903649774
30701,864691132903651310
30702,864691132903652078
30703,864691132903653870
30704,864691132903654894
30705,864691132903655918
30706,864691132903656686
30707,864691132903657198
30708,864691132903658222
30709,864691132903658478
30710,864691132903658990
30711,864691132903659246
30712,864691132903660270
30713,864691132903661294
30714,864691132903663086
30715,864691132903664622
30716,864691132903665134
30717,864691132903666414
30718,864691132903666926
30719,864691132903667438
30720,864691132903667950
30721,864691132903668718
30722,864691132903671790
30723,864691132903675118
30724,864691132903676654
30725,864691132903676910
30726,864691132903677934
30727,864691132903678190
30728,864691132903679470
30729,864691132903680238
30730,864691132903680750
30731,864691132903681924
30732,864691132903684078
30733,864691132903684590
30734,864691132903684846
30735,864691132903686126
30736,864691132903732702
30737,864691132903733498
30738,864691132903765124
30739,864691132903765242
30740,864691132903768708
30741,864691132903772256
30742,864691132903777412
30743,864691132903795076
30744,864691132903799546
30745,864691132903801732
30746,864691132903813358
30747,864691132903816393
30748,864691132903816942
30749,864691132903817198
30750,864691132903817454
30751,864691132903817710
30752,864691132903817722
30753,864691132903817966
30754,864691132903818478
30755,864691132903819246
30756,864691132903820014
30757,864691132903820270
30758,864691132903820526
30759,864691132903820782
30760,864691132903821806
30761,864691132903822062
30762,864691132903823342
30763,864691132903824622
30764,864691132903824878
30765,864691132903826414
30766,864691132903827694
30767,864691132903827950
30768,864691132903828206
30769,864691132903828974
30770,864691132903831022
30771,864691132903831534
30772,864691132903832302
30773,864691132903832558
30774,864691132903833070
30775,864691132903833582
30776,864691132903858938
30777,864691132903877614
30778,864691132903879150
30779,864691132903880174
30780,864691132903881710
30781,864691132903883758
30782,864691132903888878
30783,864691132903890670
30784,864691132903890926
30785,864691132903891182
30786,864691132903891694
30787,864691132903891950
30788,864691132903892206
30789,864691132903892718
30790,864691132903892974
30791,864691132903893230
30792,864691132903893742
30793,864691132903897338
30794,864691132903897965
30795,864691132903902852
30796,864691132903938180
30797,864691132903943300
30798,864691132903957380
30799,864691132903989230
30800,864691132904071264
30801,864691132904109956
30802,864691132904149754
30803,864691132904155495
30804,864691132904161530
30805,864691132904219374
30806,864691132904225786
30807,864691132904226692
30808,864691132904288132
30809,864691132904320644
30810,864691132904366724
30811,864691132904474066
30812,864691132904512388
30813,864691132904513412
30814,864691132904522312
30815,864691132904538440
30816,864691132904576457
30817,864691132904699601
30818,864691132904745966
30819,864691132905008669
30820,864691132905074897
30821,864691132905144786
30822,864691132905249490
30823,864691132905324165
30824,864691132905551285
30825,864691132905748462
30826,864691132905756007
30827,864691132905809029
30828,864691132905815429
30829,864691132905819525
30830,864691132905820549
30831,864691132905821061
30832,864691132905821573
30833,864691132905824133
30834,864691132905824389
30835,864691132905826693
30836,864691132905829154
30837,864691132905831557
30838,864691132905832069
30839,864691132905832325
30840,864691132905832581
30841,864691132905834373
30842,864691132905835653
30843,864691132905836421
30844,864691132905837701
30845,864691132905837957
30846,864691132905839237
30847,864691132905842565
30848,864691132905842821
30849,864691132905843077
30850,864691132905843333
30851,864691132905845381
30852,864691132905847941
30853,864691132905848453
30854,864691132905849221
30855,864691132905849477
30856,864691132905849989
30857,864691132905850245
30858,864691132905850501
30859,864691132905851525
30860,864691132905852293
30861,864691132905852805
30862,864691132905853061
30863,864691132905853317
30864,864691132905853520
30865,864691132905854085
30866,864691132905854597
30867,864691132905854853
30868,864691132905856645
30869,864691132905857669
30870,864691132905859973
30871,864691132905860741
30872,864691132905861509
30873,864691132905862021
30874,864691132905864325
30875,864691132905866629
30876,864691132905866885
30877,864691132905867141
30878,864691132905867653
30879,864691132905868933
30880,864691132905871493
30881,864691132905872517
30882,864691132905872773
30883,864691132905873029
30884,864691132905873285
30885,864691132905873797
30886,864691132905874053
30887,864691132905874309
30888,864691132905875077
30889,864691132905876101
30890,864691132905880453
30891,864691132905883269
30892,864691132905883525
30893,864691132905885317
30894,864691132905885573
30895,864691132905886597
30896,864691132905887365
30897,864691132905888133
30898,864691132905888645
30899,864691132905889157
30900,864691132905889413
30901,864691132905889669
30902,864691132905890693
30903,864691132905892997
30904,864691132905894533
30905,864691132905895813
30906,864691132905896325
30907,864691132905896837
30908,864691132905897966
30909,864691132905898885
30910,864691132905901701
30911,864691132905903493
30912,864691132905904517
30913,864691132905905029
30914,864691132905905797
30915,864691132905906821
30916,864691132905907589
30917,864691132905908101
30918,864691132905908613
30919,864691132905910661
30920,864691132905912197
30921,864691132905912965
30922,864691132905913221
30923,864691132905913477
30924,864691132905914757
30925,864691132905917061
30926,864691132905918341
30927,864691132905918597
30928,864691132905919208
30929,864691132905925321
30930,864691132905941480
30931,864691132905948398
30932,864691132905967975
30933,864691132906070405
30934,864691132906070661
30935,864691132906070917
30936,864691132906071685
30937,864691132906072453
30938,864691132906072965
30939,864691132906073733
30940,864691132906074245
30941,864691132906075525
30942,864691132906077317
30943,864691132906077829
30944,864691132906080645
30945,864691132906081925
30946,864691132906083973
30947,864691132906084229
30948,864691132906085253
30949,864691132906086277
30950,864691132906087045
30951,864691132906088069
30952,864691132906088325
30953,864691132906099077
30954,864691132906099333
30955,864691132906099589
30956,864691132906109317
30957,864691132906109573
30958,864691132906110597
30959,864691132906110853
30960,864691132906111365
30961,864691132906111621
30962,864691132906206702
30963,864691132906217710
30964,864691132906346441
30965,864691132906362313
30966,864691132906397416
30967,864691132906397678
30968,864691132906449902
30969,864691132906485486
30970,864691132906518149
30971,864691132906528389
30972,864691132906533328
30973,864691132906555118
30974,864691132906587630
30975,864691132906590446
30976,864691132906623442
30977,864691132906668933
30978,864691132906720238
30979,864691132906734062
30980,864691132906741742
30981,864691132906808814
30982,864691132906831854
30983,864691132906875118
30984,864691132906894318
30985,864691132906904814
30986,864691132906906471
30987,864691132907065378
30988,864691132907316357
30989,864691132907408181
30990,864691132907420293
30991,864691132907488053
30992,864691132907525557
30993,864691132907698565
30994,864691132907854213
30995,864691132908028261
30996,864691132908088545
30997,864691132908104069
30998,864691132908116613
30999,864691132908151173
31000,864691132908361861
31001,864691132908459397
31002,864691132908461701
31003,864691132908489605
31004,864691132908500613
31005,864691132908528517
31006,864691132908623237
31007,864691132908672133
31008,864691132908718981
31009,864691132908793733
31010,864691132908866181
31011,864691132908899205
31012,864691132908910281
31013,864691132908958085
31014,864691132909051525
31015,864691132909077637
31016,864691132909124485
31017,864691132909128069
31018,864691132909139589
31019,864691132909227909
31020,864691132909268613
31021,864691132909351813
31022,864691132909389189
31023,864691132909427077
31024,864691132909443973
31025,864691132909472357
31026,864691132909489541
31027,864691132909496709
31028,864691132909515141
31029,864691132909595368
31030,864691132909637200
31031,864691132909703857
31032,864691132909832757
31033,864691132909917621
31034,864691132909961938
31035,864691132910168033
31036,864691132910237105
31037,864691132910391114
31038,864691132910503819
31039,864691132910534244
31040,864691132910545226
31041,864691132910559584
31042,864691132910712679
31043,864691132910851943
31044,864691132910857831
31045,864691132910868176
31046,864691132910886247
31047,864691132910915616
31048,864691132911184162
31049,864691132911192866
31050,864691132911355245
31051,864691132911423568
31052,864691132911493601
31053,864691132911495712
31054,864691132911609781
31055,864691132911648722
31056,864691132911682848
31057,864691132911708194
31058,864691132911723296
31059,864691132911848673
31060,864691132911933730
31061,864691132912017186
31062,864691132912080681
31063,864691132912107621
31064,864691132912281959
31065,864691132912310631
31066,864691132912350133
31067,864691132912384949
31068,864691132912390728
31069,864691132912476085
31070,864691132912813534
31071,864691132913387367
31072,864691132913436007
31073,864691132913547189
31074,864691132913679207
31075,864691132914183783
31076,864691132914225353
31077,864691132914333109
31078,864691132914345063
31079,864691132914480462
31080,864691132914592877
31081,864691132914656488
31082,864691132914670882
31083,864691132914724973
31084,864691132914969298
31085,864691132915005264
31086,864691132915053346
31087,864691132915203048
31088,864691132915221480
31089,864691132915371344
31090,864691132915393461
31091,864691132915473097
31092,864691132915690861
31093,864691132915736274
31094,864691132915841312
31095,864691132915860576
31096,864691132915979240
31097,864691132916265831
31098,864691132916372449
31099,864691132916472009
31100,864691132916505809
31101,864691132916755303
31102,864691132916784996
31103,864691132916882512
31104,864691132916892768
31105,864691132916912073
31106,864691132917009509
31107,864691132917353762
31108,864691132917442151
31109,864691132917516043
31110,864691132917516811
31111,864691132917518347
31112,864691132917518859
31113,864691132917519371
31114,864691132917519883
31115,864691132917521931
31116,864691132917522699
31117,864691132917528843
31118,864691132917529611
31119,864691132917530379
31120,864691132917531915
31121,864691132917534219
31122,864691132917535755
31123,864691132917536011
31124,864691132917536523
31125,864691132917536779
31126,864691132917539595
31127,864691132917540875
31128,864691132917541387
31129,864691132917542923
31130,864691132917543435
31131,864691132917543691
31132,864691132917543947
31133,864691132917544203
31134,864691132917545483
31135,864691132917545739
31136,864691132917548299
31137,864691132917548555
31138,864691132917549067
31139,864691132917549579
31140,864691132917549835
31141,864691132917550347
31142,864691132917550859
31143,864691132917551115
31144,864691132917551627
31145,864691132917552395
31146,864691132917553419
31147,864691132917553675
31148,864691132917555723
31149,864691132917557515
31150,864691132917557771
31151,864691132917558283
31152,864691132917558539
31153,864691132917560331
31154,864691132917561611
31155,864691132917563147
31156,864691132917564939
31157,864691132917565451
31158,864691132917565707
31159,864691132917570315
31160,864691132917570571
31161,864691132917571083
31162,864691132917571339
31163,864691132917572875
31164,864691132917573387
31165,864691132917573899
31166,864691132917574667
31167,864691132917574923
31168,864691132917575947
31169,864691132917577483
31170,864691132917578763
31171,864691132917579787
31172,864691132917580555
31173,864691132917581067
31174,864691132917581835
31175,864691132917586699
31176,864691132917587979
31177,864691132917589771
31178,864691132917590027
31179,864691132917591307
31180,864691132917593099
31181,864691132917594123
31182,864691132917595147
31183,864691132917595915
31184,864691132917597707
31185,864691132917599499
31186,864691132917600779
31187,864691132917603339
31188,864691132917605131
31189,864691132917606923
31190,864691132917607947
31191,864691132917673296
31192,864691132917753355
31193,864691132917755659
31194,864691132917756939
31195,864691132917757963
31196,864691132917759243
31197,864691132917759499
31198,864691132917760779
31199,864691132917761547
31200,864691132917761803
31201,864691132917762571
31202,864691132917762827
31203,864691132917766411
31204,864691132917767947
31205,864691132917768459
31206,864691132917769483
31207,864691132917770251
31208,864691132917770507
31209,864691132917770763
31210,864691132917771531
31211,864691132917771787
31212,864691132917773323
31213,864691132917773579
31214,864691132917774091
31215,864691132917774603
31216,864691132917775371
31217,864691132917775627
31218,864691132917776139
31219,864691132917777419
31220,864691132917789707
31221,864691132917791499
31222,864691132917792011
31223,864691132917794059
31224,864691132917794315
31225,864691132917794571
31226,864691132917895435
31227,864691132917972320
31228,864691132917987083
31229,864691132918226408
31230,864691132918605669
31231,864691132919009547
31232,864691132919022219
31233,864691132919328949
31234,864691132919372299
31235,864691132919433697
31236,864691132919434721
31237,864691132919434977
31238,864691132919435489
31239,864691132919436513
31240,864691132919437537
31241,864691132919439073
31242,864691132919439329
31243,864691132919440609
31244,864691132919440865
31245,864691132919441121
31246,864691132919441377
31247,864691132919442657
31248,864691132919442913
31249,864691132919444705
31250,864691132919447009
31251,864691132919447265
31252,864691132919447777
31253,864691132919448289
31254,864691132919449057
31255,864691132919449825
31256,864691132919450849
31257,864691132919451105
31258,864691132919451617
31259,864691132919451873
31260,864691132919452385
31261,864691132919453921
31262,864691132919454689
31263,864691132919455201
31264,864691132919455713
31265,864691132919456210
31266,864691132919456225
31267,864691132919456481
31268,864691132919456993
31269,864691132919457761
31270,864691132919459297
31271,864691132919462369
31272,864691132919462625
31273,864691132919463905
31274,864691132919464929
31275,864691132919466209
31276,864691132919468257
31277,864691132919469793
31278,864691132919471585
31279,864691132919472353
31280,864691132919472865
31281,864691132919474145
31282,864691132919474401
31283,864691132919474657
31284,864691132919476449
31285,864691132919476961
31286,864691132919479009
31287,864691132919479265
31288,864691132919479762
31289,864691132919481057
31290,864691132919481825
31291,864691132919483361
31292,864691132919483617
31293,864691132919483873
31294,864691132919485665
31295,864691132919485921
31296,864691132919487201
31297,864691132919487969
31298,864691132919489761
31299,864691132919492833
31300,864691132919494369
31301,864691132919495905
31302,864691132919498977
31303,864691132919501793
31304,864691132919502305
31305,864691132919502561
31306,864691132919503329
31307,864691132919504097
31308,864691132919504353
31309,864691132919506145
31310,864691132919507169
31311,864691132919507937
31312,864691132919508961
31313,864691132919510753
31314,864691132919512033
31315,864691132919514593
31316,864691132919515361
31317,864691132919516641
31318,864691132919518689
31319,864691132919519713
31320,864691132919520993
31321,864691132919521249
31322,864691132919522529
31323,864691132919523041
31324,864691132919525089
31325,864691132919526625
31326,864691132919527137
31327,864691132919529185
31328,864691132919529441
31329,864691132919529953
31330,864691132919532257
31331,864691132919532513
31332,864691132919533537
31333,864691132919534561
31334,864691132919534817
31335,864691132919540839
31336,864691132919544587
31337,864691132919670497
31338,864691132919671521
31339,864691132919675105
31340,864691132919707659
31341,864691132919715041
31342,864691132919716321
31343,864691132919716833
31344,864691132919717345
31345,864691132919718625
31346,864691132919719137
31347,864691132919719905
31348,864691132919721953
31349,864691132919722209
31350,864691132919722465
31351,864691132919722977
31352,864691132919730913
31353,864691132919731425
31354,864691132919731681
31355,864691132919773707
31356,864691132919790049
31357,864691132919829613
31358,864691132919830539
31359,864691132919841205
31360,864691132919867208
31361,864691132919874273
31362,864691132919894753
31363,864691132919934987
31364,864691132919975496
31365,864691132920139787
31366,864691132920201781
31367,864691132920204257
31368,864691132920210256
31369,864691132920240907
31370,864691132920242285
31371,864691132920245576
31372,864691132920250891
31373,864691132920280648
31374,864691132920347617
31375,864691132920349451
31376,864691132920371815
31377,864691132920511157
31378,864691132920572939
31379,864691132920620001
31380,864691132920653579
31381,864691132920672267
31382,864691132920681739
31383,864691132920688907
31384,864691132920704722
31385,864691132920730635
31386,864691132920736779
31387,864691132920770315
31388,864691132920803297
31389,864691132920825099
31390,864691132920846091
31391,864691132920885985
31392,864691132920900619
31393,864691132920904459
31394,864691132920914791
31395,864691132920952075
31396,864691132921032459
31397,864691132921037323
31398,864691132921042955
31399,864691132921086475
31400,864691132921087243
31401,864691132921108491
31402,864691132921114891
31403,864691132921194721
31404,864691132921291629
31405,864691132921345077
31406,864691132921371208
31407,864691132921410151
31408,864691132921453749
31409,864691132921492589
31410,864691132921508017
31411,864691132921527911
31412,864691132921562293
31413,864691132921596641
31414,864691132921710183
31415,864691132921730529
31416,864691132921743797
31417,864691132921841760
31418,864691132921996001
31419,864691132922018017
31420,864691132922052321
31421,864691132922060769
31422,864691132922100937
31423,864691132922189415
31424,864691132922307809
31425,864691132922375605
31426,864691132922457376
31427,864691132922513517
31428,864691132922518119
31429,864691132922523105
31430,864691132922552677
31431,864691132922595041
31432,864691132922693857
31433,864691132922710225
31434,864691132922746805
31435,864691132922759393
31436,864691132922824117
31437,864691132922845921
31438,864691132922875105
31439,864691132922897698
31440,864691132922909768
31441,864691132922918069
31442,864691132922924769
31443,864691132923005621
31444,864691132923014625
31445,864691132923032679
31446,864691132923042601
31447,864691132923042857
31448,864691132923043625
31449,864691132923043949
31450,864691132923044137
31451,864691132923045161
31452,864691132923046185
31453,864691132923049257
31454,864691132923049769
31455,864691132923050025
31456,864691132923050537
31457,864691132923050793
31458,864691132923051817
31459,864691132923052073
31460,864691132923053609
31461,864691132923054633
31462,864691132923055657
31463,864691132923056169
31464,864691132923056937
31465,864691132923057193
31466,864691132923058473
31467,864691132923058729
31468,864691132923058985
31469,864691132923059241
31470,864691132923059497
31471,864691132923059753
31472,864691132923060265
31473,864691132923060521
31474,864691132923061801
31475,864691132923062057
31476,864691132923062313
31477,864691132923063081
31478,864691132923063337
31479,864691132923064105
31480,864691132923064361
31481,864691132923065385
31482,864691132923066153
31483,864691132923066409
31484,864691132923067177
31485,864691132923067433
31486,864691132923068201
31487,864691132923068713
31488,864691132923068969
31489,864691132923069737
31490,864691132923071529
31491,864691132923072041
31492,864691132923072553
31493,864691132923072809
31494,864691132923073833
31495,864691132923074089
31496,864691132923074857
31497,864691132923075369
31498,864691132923076649
31499,864691132923077673
31500,864691132923077929
31501,864691132923078953
31502,864691132923079209
31503,864691132923079465
31504,864691132923079977
31505,864691132923081769
31506,864691132923082537
31507,864691132923083049
31508,864691132923083305
31509,864691132923083561
31510,864691132923085353
31511,864691132923085609
31512,864691132923085865
31513,864691132923086121
31514,864691132923089961
31515,864691132923091753
31516,864691132923093033
31517,864691132923094057
31518,864691132923094825
31519,864691132923096105
31520,864691132923096361
31521,864691132923096873
31522,864691132923098665
31523,864691132923099433
31524,864691132923102761
31525,864691132923103017
31526,864691132923104297
31527,864691132923104553
31528,864691132923105321
31529,864691132923106601
31530,864691132923108137
31531,864691132923108393
31532,864691132923109673
31533,864691132923109929
31534,864691132923110441
31535,864691132923110953
31536,864691132923111209
31537,864691132923112233
31538,864691132923113953
31539,864691132923114025
31540,864691132923114793
31541,864691132923117097
31542,864691132923117609
31543,864691132923202229
31544,864691132923224545
31545,864691132923235431
31546,864691132923240373
31547,864691132923253033
31548,864691132923253289
31549,864691132923254313
31550,864691132923257641
31551,864691132923259177
31552,864691132923259433
31553,864691132923259689
31554,864691132923261225
31555,864691132923261665
31556,864691132923262761
31557,864691132923265065
31558,864691132923265577
31559,864691132923265833
31560,864691132923266089
31561,864691132923266601
31562,864691132923266857
31563,864691132923267113
31564,864691132923269417
31565,864691132923270441
31566,864691132923271209
31567,864691132923271465
31568,864691132923271721
31569,864691132923272226
31570,864691132923272489
31571,864691132923273769
31572,864691132923274793
31573,864691132923275561
31574,864691132923276073
31575,864691132923276841
31576,864691132923277097
31577,864691132923278121
31578,864691132923281121
31579,864691132923281633
31580,864691132923324713
31581,864691132923330850
31582,864691132923341097
31583,864691132923342889
31584,864691132923346217
31585,864691132923346729
31586,864691132923349033
31587,864691132923349289
31588,864691132923349545
31589,864691132923349801
31590,864691132923350313
31591,864691132923350569
31592,864691132923350825
31593,864691132923440821
31594,864691132923443016
31595,864691132923457893
31596,864691132923500073
31597,864691132923523874
31598,864691132923584802
31599,864691132923711560
31600,864691132923738146
31601,864691132923754281
31602,864691132923825589
31603,864691132923886920
31604,864691132923958306
31605,864691132924052777
31606,864691132924058658
31607,864691132924096181
31608,864691132924155829
31609,864691132924164448
31610,864691132924204872
31611,864691132924223698
31612,864691132924224809
31613,864691132924250144
31614,864691132924310050
31615,864691132924315938
31616,864691132924388649
31617,864691132924457673
31618,864691132924536757
31619,864691132924545352
31620,864691132924555600
31621,864691132924731168
31622,864691132924742216
31623,864691132924762805
31624,864691132924797877
31625,864691132924931816
31626,864691132924935264
31627,864691132925164725
31628,864691132925181877
31629,864691132925354093
31630,864691132925390112
31631,864691132925404648
31632,864691132925490217
31633,864691132925575783
31634,864691132925578706
31635,864691132925644329
31636,864691132925701417
31637,864691132925801001
31638,864691132925900329
31639,864691132925936169
31640,864691132925994855
31641,864691132926025001
31642,864691132926066464
31643,864691132926098248
31644,864691132926100265
31645,864691132926137160
31646,864691132926156585
31647,864691132926161705
31648,864691132926162976
31649,864691132926163232
31650,864691132926188841
31651,864691132926197712
31652,864691132926228777
31653,864691132926274089
31654,864691132926305065
31655,864691132926326569
31656,864691132926333225
31657,864691132926369577
31658,864691132926378421
31659,864691132926380585
31660,864691132926434997
31661,864691132926451497
31662,864691132926618921
31663,864691132926624553
31664,864691132926635305
31665,864691132926677033
31666,864691132926684969
31667,864691132926709033
31668,864691132926738729
31669,864691132926739497
31670,864691132926754601
31671,864691132926793704
31672,864691132926934818
31673,864691132926941256
31674,864691132927132232
31675,864691132927133256
31676,864691132927140936
31677,864691132927188681
31678,864691132927286453
31679,864691132927673297
31680,864691132928138805
31681,864691132928442725
31682,864691132928445031
31683,864691132928469095
31684,864691132928568679
31685,864691132928574829
31686,864691132928771025
31687,864691132928928232
31688,864691132928929256
31689,864691132928929768
31690,864691132928931816
31691,864691132928934632
31692,864691132928935400
31693,864691132928937192
31694,864691132928938984
31695,864691132928939752
31696,864691132928940264
31697,864691132928940520
31698,864691132928940776
31699,864691132928942568
31700,864691132928943848
31701,864691132928945384
31702,864691132928945640
31703,864691132928945896
31704,864691132928947432
31705,864691132928947688
31706,864691132928949480
31707,864691132928951784
31708,864691132928952040
31709,864691132928953064
31710,864691132928953576
31711,864691132928955880
31712,864691132928956648
31713,864691132928957416
31714,864691132928958162
31715,864691132928958952
31716,864691132928959976
31717,864691132928960488
31718,864691132928961256
31719,864691132928962280
31720,864691132928964072
31721,864691132928965864
31722,864691132928968424
31723,864691132928969192
31724,864691132928970216
31725,864691132928970728
31726,864691132928971752
31727,864691132928972520
31728,864691132928972776
31729,864691132928973800
31730,864691132928974056
31731,864691132928974568
31732,864691132928976104
31733,864691132928978152
31734,864691132928978408
31735,864691132928979176
31736,864691132928980456
31737,864691132928984296
31738,864691132928985320
31739,864691132928987112
31740,864691132928987880
31741,864691132928988136
31742,864691132928988648
31743,864691132928991976
31744,864691132928995304
31745,864691132928995816
31746,864691132928996328
31747,864691132928998632
31748,864691132928999656
31749,864691132929073384
31750,864691132929119976
31751,864691132929122024
31752,864691132929122280
31753,864691132929122536
31754,864691132929122792
31755,864691132929124072
31756,864691132929124584
31757,864691132929125352
31758,864691132929126120
31759,864691132929126888
31760,864691132929127912
31761,864691132929131496
31762,864691132929132008
31763,864691132929133288
31764,864691132929134312
31765,864691132929135336
31766,864691132929138664
31767,864691132929138920
31768,864691132929139688
31769,864691132929139944
31770,864691132929141224
31771,864691132929141480
31772,864691132929141992
31773,864691132929142760
31774,864691132929143272
31775,864691132929143784
31776,864691132929144040
31777,864691132929145064
31778,864691132929147112
31779,864691132929164645
31780,864691132929191912
31781,864691132929193448
31782,864691132929198056
31783,864691132929200104
31784,864691132929226087
31785,864691132929313490
31786,864691132929653282
31787,864691132929752821
31788,864691132929784808
31789,864691132929831712
31790,864691132929881525
31791,864691132929946322
31792,864691132929953746
31793,864691132930022244
31794,864691132930054354
31795,864691132930256930
31796,864691132930304103
31797,864691132930331836
31798,864691132930544360
31799,864691132930558696
31800,864691132930777189
31801,864691132930862312
31802,864691132930870453
31803,864691132930881256
31804,864691132930989602
31805,864691132931149032
31806,864691132931391720
31807,864691132931402728
31808,864691132931407592
31809,864691132931421536
31810,864691132931426024
31811,864691132931435240
31812,864691132931448167
31813,864691132931450549
31814,864691132931457256
31815,864691132931547112
31816,864691132931576808
31817,864691132931581160
31818,864691132931671368
31819,864691132931697640
31820,864691132931867624
31821,864691132931904232
31822,864691132932072168
31823,864691132932085480
31824,864691132932106216
31825,864691132932180040
31826,864691132932182050
31827,864691132932192053
31828,864691132932197096
31829,864691132932197608
31830,864691132932221768
31831,864691132932230632
31832,864691132932231144
31833,864691132932239944
31834,864691132932277224
31835,864691132932334951
31836,864691132932373480
31837,864691132932379112
31838,864691132932383976
31839,864691132932394728
31840,864691132932411976
31841,864691132932414184
31842,864691132932426984
31843,864691132932439368
31844,864691132932753609
31845,864691132932822381
31846,864691132932912841
31847,864691132932928840
31848,864691132932951368
31849,864691132933058187
31850,864691132933108552
31851,864691132933306763
31852,864691132933461832
31853,864691132933495477
31854,864691132933532744
31855,864691132933585865
31856,864691132933623880
31857,864691132933826187
31858,864691132933961141
31859,864691132934059403
31860,864691132934066121
31861,864691132934145608
31862,864691132934198923
31863,864691132934225742
31864,864691132934232136
31865,864691132934258315
31866,864691132934315848
31867,864691132934324808
31868,864691132934445266
31869,864691132934721931
31870,864691132934729355
31871,864691132934765346
31872,864691132934867821
31873,864691132934920075
31874,864691132935122097
31875,864691132935155045
31876,864691132935467317
31877,864691132935497800
31878,864691132935585864
31879,864691132935594087
31880,864691132935648651
31881,864691132935650955
31882,864691132935653259
31883,864691132935655563
31884,864691132935656331
31885,864691132935658123
31886,864691132935658379
31887,864691132935661195
31888,864691132935662987
31889,864691132935667851
31890,864691132935671947
31891,864691132935672459
31892,864691132935672715
31893,864691132935672971
31894,864691132935673227
31895,864691132935673739
31896,864691132935676299
31897,864691132935677067
31898,864691132935677323
31899,864691132935679115
31900,864691132935679883
31901,864691132935681163
31902,864691132935682955
31903,864691132935683211
31904,864691132935683467
31905,864691132935685003
31906,864691132935686539
31907,864691132935687563
31908,864691132935688331
31909,864691132935688843
31910,864691132935689867
31911,864691132935690635
31912,864691132935692427
31913,864691132935693195
31914,864691132935694731
31915,864691132935696011
31916,864691132935696267
31917,864691132935697547
31918,864691132935698315
31919,864691132935699083
31920,864691132935700875
31921,864691132935701131
31922,864691132935701643
31923,864691132935703691
31924,864691132935704203
31925,864691132935704715
31926,864691132935705995
31927,864691132935708299
31928,864691132935708811
31929,864691132935720331
31930,864691132935721099
31931,864691132935723403
31932,864691132935723915
31933,864691132935724939
31934,864691132935726219
31935,864691132935727755
31936,864691132935730315
31937,864691132935731083
31938,864691132935736715
31939,864691132935765131
31940,864691132935864971
31941,864691132935866251
31942,864691132935866763
31943,864691132935867531
31944,864691132935868043
31945,864691132935871115
31946,864691132935872395
31947,864691132935872651
31948,864691132935872907
31949,864691132935875723
31950,864691132935877515
31951,864691132935880587
31952,864691132935881099
31953,864691132935881355
31954,864691132935881611
31955,864691132935882123
31956,864691132935883403
31957,864691132935883915
31958,864691132935885195
31959,864691132935885451
31960,864691132935886219
31961,864691132935886475
31962,864691132935886987
31963,864691132935887499
31964,864691132935889035
31965,864691132935890059
31966,864691132935890571
31967,864691132935891851
31968,864691132935892619
31969,864691132935893131
31970,864691132935893387
31971,864691132935925899
31972,864691132935926667
31973,864691132935927179
31974,864691132935927435
31975,864691132935929995
31976,864691132935938955
31977,864691132935945355
31978,864691132935947915
31979,864691132935949195
31980,864691132935949451
31981,864691132935949963
31982,864691132935950475
31983,864691132935950731
31984,864691132935951243
31985,864691132936037515
31986,864691132936046731
31987,864691132936092811
31988,864691132936114827
31989,864691132936154400
31990,864691132936293472
31991,864691132936351953
31992,864691132936531232
31993,864691132936552813
31994,864691132936590901
31995,864691132936604555
31996,864691132936616226
31997,864691132936774089
31998,864691132936839563
31999,864691132936889739
32000,864691132936946865
32001,864691132937174238
32002,864691132937194462
32003,864691132937370763
32004,864691132937431006
32005,864691132937431262
32006,864691132937432798
32007,864691132937433822
32008,864691132937435102
32009,864691132937438430
32010,864691132937438686
32011,864691132937443038
32012,864691132937443806
32013,864691132937444830
32014,864691132937445342
32015,864691132937446110
32016,864691132937447390
32017,864691132937447646
32018,864691132937449694
32019,864691132937449950
32020,864691132937451998
32021,864691132937452510
32022,864691132937454302
32023,864691132937454558
32024,864691132937456094
32025,864691132937456606
32026,864691132937457374
32027,864691132937457886
32028,864691132937458142
32029,864691132937458398
32030,864691132937459422
32031,864691132937460190
32032,864691132937460446
32033,864691132937461470
32034,864691132937461982
32035,864691132937462750
32036,864691132937464030
32037,864691132937464798
32038,864691132937466590
32039,864691132937468382
32040,864691132937471198
32041,864691132937471710
32042,864691132937472478
32043,864691132937474782
32044,864691132937475550
32045,864691132937477342
32046,864691132937477598
32047,864691132937479902
32048,864691132937481950
32049,864691132937482462
32050,864691132937483230
32051,864691132937484254
32052,864691132937487070
32053,864691132937487838
32054,864691132937488094
32055,864691132937489630
32056,864691132937489886
32057,864691132937490398
32058,864691132937490654
32059,864691132937491166
32060,864691132937491422
32061,864691132937491678
32062,864691132937492446
32063,864691132937493470
32064,864691132937493982
32065,864691132937503597
32066,864691132937512331
32067,864691132937634634
32068,864691132937652958
32069,864691132937709022
32070,864691132937709790
32071,864691132937712350
32072,864691132937712862
32073,864691132937713118
32074,864691132937713886
32075,864691132937714654
32076,864691132937717214
32077,864691132937717470
32078,864691132937718494
32079,864691132937719006
32080,864691132937720030
32081,864691132937721054
32082,864691132937722078
32083,864691132937725150
32084,864691132937726430
32085,864691132937726686
32086,864691132937727198
32087,864691132937727454
32088,864691132937730782
32089,864691132937731038
32090,864691132937733086
32091,864691132937734366
32092,864691132937734622
32093,864691132937734878
32094,864691132937735902
32095,864691132937736158
32096,864691132937736414
32097,864691132937738462
32098,864691132937739998
32099,864691132937741278
32100,864691132937742814
32101,864691132937743582
32102,864691132937743838
32103,864691132937746398
32104,864691132937747422
32105,864691132937750494
32106,864691132937751006
32107,864691132937751774
32108,864691132937752030
32109,864691132937753822
32110,864691132937754078
32111,864691132937754334
32112,864691132937754590
32113,864691132937755614
32114,864691132937756894
32115,864691132937757150
32116,864691132937758942
32117,864691132937759454
32118,864691132937760734
32119,864691132937760990
32120,864691132937761502
32121,864691132937761758
32122,864691132937762014
32123,864691132937763038
32124,864691132937763550
32125,864691132937764574
32126,864691132937765086
32127,864691132937765854
32128,864691132937767134
32129,864691132937768414
32130,864691132937769182
32131,864691132937771230
32132,864691132937772766
32133,864691132937773022
32134,864691132937773534
32135,864691132937774046
32136,864691132937775582
32137,864691132937776094
32138,864691132937776350
32139,864691132937776862
32140,864691132937779678
32141,864691132937781214
32142,864691132937781726
32143,864691132937781982
32144,864691132937783262
32145,864691132937784030
32146,864691132937786846
32147,864691132937787870
32148,864691132937788382
32149,864691132937789150
32150,864691132937790430
32151,864691132937790942
32152,864691132937791710
32153,864691132937793502
32154,864691132937794782
32155,864691132937795038
32156,864691132937796318
32157,864691132937797086
32158,864691132937797598
32159,864691132937798366
32160,864691132937799134
32161,864691132937801694
32162,864691132937802206
32163,864691132937802718
32164,864691132937805022
32165,864691132937806558
32166,864691132937806814
32167,864691132937807070
32168,864691132937807582
32169,864691132937808094
32170,864691132937843678
32171,864691132937843934
32172,864691132937845982
32173,864691132937846238
32174,864691132937846494
32175,864691132937846750
32176,864691132937847006
32177,864691132937847262
32178,864691132937847774
32179,864691132937851614
32180,864691132937851870
32181,864691132937854942
32182,864691132937855198
32183,864691132937855710
32184,864691132937856478
32185,864691132937856734
32186,864691132937944542
32187,864691132937965022
32188,864691132938098059
32189,864691132938099851
32190,864691132938108555
32191,864691132938116050
32192,864691132938117259
32193,864691132938121950
32194,864691132938122123
32195,864691132938200459
32196,864691132938204811
32197,864691132938242699
32198,864691132938252498
32199,864691132938266334
32200,864691132938273931
32201,864691132938295179
32202,864691132938301024
32203,864691132938352267
32204,864691132938372747
32205,864691132938388619
32206,864691132938420405
32207,864691132938432907
32208,864691132938455762
32209,864691132938494603
32210,864691132938496651
32211,864691132938504075
32212,864691132938512267
32213,864691132938541963
32214,864691132938553298
32215,864691132938644401
32216,864691132938651836
32217,864691132938689931
32218,864691132938703755
32219,864691132938726366
32220,864691132938749579
32221,864691132938759504
32222,864691132938772619
32223,864691132938779057
32224,864691132938782641
32225,864691132938783153
32226,864691132938783409
32227,864691132938783665
32228,864691132938785201
32229,864691132938785457
32230,864691132938785713
32231,864691132938786481
32232,864691132938786737
32233,864691132938787249
32234,864691132938789553
32235,864691132938789809
32236,864691132938790065
32237,864691132938791857
32238,864691132938794417
32239,864691132938794929
32240,864691132938795185
32241,864691132938795953
32242,864691132938796209
32243,864691132938798001
32244,864691132938801585
32245,864691132938804145
32246,864691132938804913
32247,864691132938805169
32248,864691132938805425
32249,864691132938806193
32250,864691132938806449
32251,864691132938808497
32252,864691132938809777
32253,864691132938810545
32254,864691132938810801
32255,864691132938811569
32256,864691132938812337
32257,864691132938812593
32258,864691132938812849
32259,864691132938813105
32260,864691132938813873
32261,864691132938814129
32262,864691132938815153
32263,864691132938815409
32264,864691132938815665
32265,864691132938816433
32266,864691132938816689
32267,864691132938817969
32268,864691132938819249
32269,864691132938819505
32270,864691132938819761
32271,864691132938821041
32272,864691132938823089
32273,864691132938823857
32274,864691132938826417
32275,864691132938828209
32276,864691132938828721
32277,864691132938830001
32278,864691132938830513
32279,864691132938831281
32280,864691132938831537
32281,864691132938831712
32282,864691132938831793
32283,864691132938832561
32284,864691132938833073
32285,864691132938833329
32286,864691132938834097
32287,864691132938834865
32288,864691132938835121
32289,864691132938836145
32290,864691132938837681
32291,864691132938841265
32292,864691132938842801
32293,864691132938843057
32294,864691132938843313
32295,864691132938844849
32296,864691132938845105
32297,864691132938846641
32298,864691132938846897
32299,864691132938848177
32300,864691132938849969
32301,864691132938852273
32302,864691132938852785
32303,864691132938853041
32304,864691132938854833
32305,864691132938856369
32306,864691132938858161
32307,864691132938858417
32308,864691132938858673
32309,864691132938859953
32310,864691132938860209
32311,864691132938860977
32312,864691132938861233
32313,864691132938861745
32314,864691132938863025
32315,864691132938863281
32316,864691132938866097
32317,864691132938866353
32318,864691132938866865
32319,864691132938869169
32320,864691132938869425
32321,864691132938870449
32322,864691132938870961
32323,864691132938872241
32324,864691132938872753
32325,864691132938873521
32326,864691132938873777
32327,864691132938880651
32328,864691132938918539
32329,864691132938948747
32330,864691132938977639
32331,864691132938992779
32332,864691132939010443
32333,864691132939014321
32334,864691132939014577
32335,864691132939016369
32336,864691132939017905
32337,864691132939018673
32338,864691132939018929
32339,864691132939019441
32340,864691132939019697
32341,864691132939020721
32342,864691132939023537
32343,864691132939025329
32344,864691132939025585
32345,864691132939026865
32346,864691132939027889
32347,864691132939028145
32348,864691132939028657
32349,864691132939029169
32350,864691132939029681
32351,864691132939031985
32352,864691132939032241
32353,864691132939042225
32354,864691132939051697
32355,864691132939053233
32356,864691132939053489
32357,864691132939054513
32358,864691132939058097
32359,864691132939058353
32360,864691132939058865
32361,864691132939065227
32362,864691132939072139
32363,864691132939086987
32364,864691132939104096
32365,864691132939117534
32366,864691132939143563
32367,864691132939149195
32368,864691132939264478
32369,864691132939280094
32370,864691132939315166
32371,864691132939315746
32372,864691132939360096
32373,864691132939366503
32374,864691132939387102
32375,864691132939442865
32376,864691132939460062
32377,864691132939520990
32378,864691132939621598
32379,864691132939758257
32380,864691132939767217
32381,864691132939785762
32382,864691132939801168
32383,864691132939871710
32384,864691132939890910
32385,864691132939899445
32386,864691132939922398
32387,864691132939939761
32388,864691132940006833
32389,864691132940023605
32390,864691132940051422
32391,864691132940155593
32392,864691132940219324
32393,864691132940297438
32394,864691132940321457
32395,864691132940476382
32396,864691132940537310
32397,864691132940584926
32398,864691132940614833
32399,864691132940620465
32400,864691132940624862
32401,864691132940699836
32402,864691132940711902
32403,864691132940717156
32404,864691132940856497
32405,864691132940871601
32406,864691132940876384
32407,864691132940934946
32408,864691132940987102
32409,864691132941013449
32410,864691132941021873
32411,864691132941068254
32412,864691132941071537
32413,864691132941078750
32414,864691132941122270
32415,864691132941143228
32416,864691132941178801
32417,864691132941201118
32418,864691132941347038
32419,864691132941359537
32420,864691132941362865
32421,864691132941375966
32422,864691132941387697
32423,864691132941429982
32424,864691132941468593
32425,864691132941495006
32426,864691132941499870
32427,864691132941524958
32428,864691132941549022
32429,864691132941583025
32430,864691132941587644
32431,864691132941672636
32432,864691132941789105
32433,864691132941801649
32434,864691132941806517
32435,864691132941826737
32436,864691132941826993
32437,864691132941832369
32438,864691132941865393
32439,864691132941868469
32440,864691132941894944
32441,864691132941917873
32442,864691132942025937
32443,864691132942057575
32444,864691132942206385
32445,864691132942251621
32446,864691132942269728
32447,864691132942291633
32448,864691132942323121
32449,864691132942370225
32450,864691132942374577
32451,864691132942407089
32452,864691132942421681
32453,864691132942425801
32454,864691132942584117
32455,864691132942655010
32456,864691132942662503
32457,864691132942749984
32458,864691132942754997
32459,864691132942857945
32460,864691132942862261
32461,864691132943165216
32462,864691132943199847
32463,864691132943362128
32464,864691132943663817
32465,864691132943678169
32466,864691132943713468
32467,864691132943735136
32468,864691132943767740
32469,864691132943781450
32470,864691132943824999
32471,864691132943829705
32472,864691132943943781
32473,864691132943985767
32474,864691132944204341
32475,864691132944231989
32476,864691132944273767
32477,864691132944363623
32478,864691132944392393
32479,864691132944448201
32480,864691132944518688
32481,864691132944810087
32482,864691132944823586
32483,864691132944896336
32484,864691132945392053
32485,864691132945519717
32486,864691132945924197
32487,864691132946241376
32488,864691132946337314
32489,864691132946435793
32490,864691132946441288
32491,864691132946752309
32492,864691132946776501
32493,864691132946840786
32494,864691132946934738
32495,864691132946940626
32496,864691132946958624
32497,864691132947304738
32498,864691132947662801
32499,864691132947792437
32500,864691132947948341
32501,864691132947994825
32502,864691132948094823
32503,864691132948139879
32504,864691132948225312
32505,864691132948330343
32506,864691132948400416
32507,864691132948485223
32508,864691132948626466
32509,864691132948637730
32510,864691132948673468
32511,864691132948705383
32512,864691132948787765
32513,864691132948932455
32514,864691132948936551
32515,864691132948963765
32516,864691132949018221
32517,864691132949101159
32518,864691132949101165
32519,864691132949109794
32520,864691132949144676
32521,864691132949210704
32522,864691132949257290
32523,864691132949333322
32524,864691132949342538
32525,864691132949344053
32526,864691132949378634
32527,864691132949381450
32528,864691132949381962
32529,864691132949382986
32530,864691132949383242
32531,864691132949385290
32532,864691132949385546
32533,864691132949386826
32534,864691132949390922
32535,864691132949391946
32536,864691132949392970
32537,864691132949394250
32538,864691132949395018
32539,864691132949395530
32540,864691132949396042
32541,864691132949396298
32542,864691132949397066
32543,864691132949399114
32544,864691132949399626
32545,864691132949400394
32546,864691132949400906
32547,864691132949401418
32548,864691132949401674
32549,864691132949402954
32550,864691132949405514
32551,864691132949405770
32552,864691132949406282
32553,864691132949406538
32554,864691132949407562
32555,864691132949407818
32556,864691132949408074
32557,864691132949408586
32558,864691132949409610
32559,864691132949409866
32560,864691132949410634
32561,864691132949411402
32562,864691132949412170
32563,864691132949414474
32564,864691132949414986
32565,864691132949416522
32566,864691132949417290
32567,864691132949417546
32568,864691132949417802
32569,864691132949418570
32570,864691132949420874
32571,864691132949421130
32572,864691132949421898
32573,864691132949428298
32574,864691132949429066
32575,864691132949430090
32576,864691132949430346
32577,864691132949430602
32578,864691132949431370
32579,864691132949432906
32580,864691132949433162
32581,864691132949435466
32582,864691132949435722
32583,864691132949435978
32584,864691132949438026
32585,864691132949441866
32586,864691132949442890
32587,864691132949443402
32588,864691132949444170
32589,864691132949444426
32590,864691132949444682
32591,864691132949445450
32592,864691132949446474
32593,864691132949447754
32594,864691132949449546
32595,864691132949454154
32596,864691132949455690
32597,864691132949457738
32598,864691132949460298
32599,864691132949553744
32600,864691132949567335
32601,864691132949609034
32602,864691132949609290
32603,864691132949638197
32604,864691132949644618
32605,864691132949644874
32606,864691132949646410
32607,864691132949646666
32608,864691132949647690
32609,864691132949648458
32610,864691132949648714
32611,864691132949651018
32612,864691132949651786
32613,864691132949652042
32614,864691132949652810
32615,864691132949654346
32616,864691132949655626
32617,864691132949655882
32618,864691132949659466
32619,864691132949662282
32620,864691132949665098
32621,864691132949667402
32622,864691132949667658
32623,864691132949668170
32624,864691132949668426
32625,864691132949669706
32626,864691132949670986
32627,864691132949674570
32628,864691132949675082
32629,864691132949675338
32630,864691132949675594
32631,864691132949676874
32632,864691132949677130
32633,864691132949677386
32634,864691132949677898
32635,864691132949678154
32636,864691132949679178
32637,864691132949679434
32638,864691132949680202
32639,864691132949742261
32640,864691132949769824
32641,864691132949775904
32642,864691132949935925
32643,864691132949965642
32644,864691132949996128
32645,864691132950065845
32646,864691132950169453
32647,864691132950346570
32648,864691132950460234
32649,864691132950530848
32650,864691132950670944
32651,864691132950939722
32652,864691132950981941
32653,864691132951014218
32654,864691132951020618
32655,864691132951064096
32656,864691132951225162
32657,864691132951299273
32658,864691132951557813
32659,864691132951563810
32660,864691132951612746
32661,864691132951614794
32662,864691132951668069
32663,864691132951690784
32664,864691132951693386
32665,864691132951706468
32666,864691132951723296
32667,864691132951747509
32668,864691132951751093
32669,864691132951752629
32670,864691132951793589
32671,864691132951961162
32672,864691132952037962
32673,864691132952042314
32674,864691132952056245
32675,864691132952088906
32676,864691132952128357
32677,864691132952134986
32678,864691132952143690
32679,864691132952189002
32680,864691132952208053
32681,864691132952254026
32682,864691132952292682
32683,864691132952301898
32684,864691132952323914
32685,864691132952379210
32686,864691132952397898
32687,864691132952415335
32688,864691132952418149
32689,864691132952430951
32690,864691132952444234
32691,864691132952471653
32692,864691132952545610
32693,864691132952548960
32694,864691132952643765
32695,864691132952670026
32696,864691132952686183
32697,864691132952691786
32698,864691132952701514
32699,864691132952720231
32700,864691132952920777
32701,864691132953038920
32702,864691132953060965
32703,864691132953064813
32704,864691132953071138
32705,864691132953147749
32706,864691132953469877
32707,864691132953481973
32708,864691132953595829
32709,864691132953676981
32710,864691132953710189
32711,864691132953764711
32712,864691132953786066
32713,864691132953821109
32714,864691132953837769
32715,864691132953865506
32716,864691132953879989
32717,864691132953915317
32718,864691132953922770
32719,864691132953942965
32720,864691132953953205
32721,864691132953993397
32722,864691132954176621
32723,864691132954195900
32724,864691132954209645
32725,864691132954214509
32726,864691132954262204
32727,864691132954265276
32728,864691132954385764
32729,864691132954530485
32730,864691132954546466
32731,864691132954669858
32732,864691132954740077
32733,864691132954777269
32734,864691132954967330
32735,864691132955257781
32736,864691132955313105
32737,864691132955320273
32738,864691132955321041
32739,864691132955321553
32740,864691132955321809
32741,864691132955322065
32742,864691132955323601
32743,864691132955323857
32744,864691132955326417
32745,864691132955327697
32746,864691132955327953
32747,864691132955328209
32748,864691132955330001
32749,864691132955331537
32750,864691132955333073
32751,864691132955333329
32752,864691132955335121
32753,864691132955335377
32754,864691132955336401
32755,864691132955338449
32756,864691132955338705
32757,864691132955339217
32758,864691132955340241
32759,864691132955340753
32760,864691132955341009
32761,864691132955341265
32762,864691132955343569
32763,864691132955344849
32764,864691132955345361
32765,864691132955345873
32766,864691132955346129
32767,864691132955347153
32768,864691132955349713
32769,864691132955350737
32770,864691132955351505
32771,864691132955352785
32772,864691132955353703
32773,864691132955354065
32774,864691132955354833
32775,864691132955356369
32776,864691132955357905
32777,864691132955358417
32778,864691132955359697
32779,864691132955361745
32780,864691132955362001
32781,864691132955363025
32782,864691132955363537
32783,864691132955364305
32784,864691132955366097
32785,864691132955366609
32786,864691132955367633
32787,864691132955403189
32788,864691132955425125
32789,864691132955452701
32790,864691132955455953
32791,864691132955470626
32792,864691132955509457
32793,864691132955511505
32794,864691132955512273
32795,864691132955517137
32796,864691132955518161
32797,864691132955518417
32798,864691132955519953
32799,864691132955521233
32800,864691132955521489
32801,864691132955523537
32802,864691132955523793
32803,864691132955524049
32804,864691132955524305
32805,864691132955525073
32806,864691132955525329
32807,864691132955526097
32808,864691132955527377
32809,864691132955529425
32810,864691132955530193
32811,864691132955530449
32812,864691132955530705
32813,864691132955532241
32814,864691132955532497
32815,864691132955533265
32816,864691132955534033
32817,864691132955534545
32818,864691132955534801
32819,864691132955535057
32820,864691132955536081
32821,864691132955537105
32822,864691132955537617
32823,864691132955538641
32824,864691132955539665
32825,864691132955539921
32826,864691132955540689
32827,864691132955540945
32828,864691132955543505
32829,864691132955544017
32830,864691132955544529
32831,864691132955545041
32832,864691132955585233
32833,864691132955587025
32834,864691132955592145
32835,864691132955636433
32836,864691132955699278
32837,864691132956131918
32838,864691132956132942
32839,864691132956136270
32840,864691132956136526
32841,864691132956137550
32842,864691132956138062
32843,864691132956140110
32844,864691132956140366
32845,864691132956141390
32846,864691132956141902
32847,864691132956142414
32848,864691132956143950
32849,864691132956144206
32850,864691132956148046
32851,864691132956148302
32852,864691132956149070
32853,864691132956151374
32854,864691132956151630
32855,864691132956152654
32856,864691132956153422
32857,864691132956156494
32858,864691132956157262
32859,864691132956157518
32860,864691132956158798
32861,864691132956160590
32862,864691132956161358
32863,864691132956163150
32864,864691132956163406
32865,864691132956163918
32866,864691132956164430
32867,864691132956164942
32868,864691132956166478
32869,864691132956169294
32870,864691132956170318
32871,864691132956170574
32872,864691132956171598
32873,864691132956173646
32874,864691132956174670
32875,864691132956175438
32876,864691132956176462
32877,864691132956176718
32878,864691132956176974
32879,864691132956178254
32880,864691132956180558
32881,864691132956180814
32882,864691132956181070
32883,864691132956182094
32884,864691132956182862
32885,864691132956183118
32886,864691132956183374
32887,864691132956184654
32888,864691132956185166
32889,864691132956185934
32890,864691132956186190
32891,864691132956186446
32892,864691132956187982
32893,864691132956188238
32894,864691132956189518
32895,864691132956189520
32896,864691132956193102
32897,864691132956194126
32898,864691132956194638
32899,864691132956196942
32900,864691132956200014
32901,864691132956200782
32902,864691132956201038
32903,864691132956205390
32904,864691132956206414
32905,864691132956207182
32906,864691132956207950
32907,864691132956208462
32908,864691132956209486
32909,864691132956210510
32910,864691132956211534
32911,864691132956216910
32912,864691132956217678
32913,864691132956217934
32914,864691132956218702
32915,864691132956218958
32916,864691132956221262
32917,864691132956221774
32918,864691132956222286
32919,864691132956222542
32920,864691132956222798
32921,864691132956223310
32922,864691132956224078
32923,864691132956225358
32924,864691132956226382
32925,864691132956227406
32926,864691132956232270
32927,864691132956232782
32928,864691132956233038
32929,864691132956234062
32930,864691132956235342
32931,864691132956235854
32932,864691132956236366
32933,864691132956237390
32934,864691132956238926
32935,864691132956241998
32936,864691132956296526
32937,864691132956356305
32938,864691132956361806
32939,864691132956362318
32940,864691132956363598
32941,864691132956364878
32942,864691132956365001
32943,864691132956366670
32944,864691132956384334
32945,864691132956384590
32946,864691132956385614
32947,864691132956389223
32948,864691132956389454
32949,864691132956389991
32950,864691132956390247
32951,864691132956390503
32952,864691132956391246
32953,864691132956391783
32954,864691132956392295
32955,864691132956393831
32956,864691132956396622
32957,864691132956397159
32958,864691132956397390
32959,864691132956397415
32960,864691132956397646
32961,864691132956397902
32962,864691132956397927
32963,864691132956398695
32964,864691132956398951
32965,864691132956399182
32966,864691132956399207
32967,864691132956399694
32968,864691132956399950
32969,864691132956399975
32970,864691132956400206
32971,864691132956400462
32972,864691132956400718
32973,864691132956400974
32974,864691132956401255
32975,864691132956401767
32976,864691132956402023
32977,864691132956402279
32978,864691132956402510
32979,864691132956402535
32980,864691132956403022
32981,864691132956403047
32982,864691132956403153
32983,864691132956404046
32984,864691132956404071
32985,864691132956404302
32986,864691132956404327
32987,864691132956404583
32988,864691132956404839
32989,864691132956405582
32990,864691132956405863
32991,864691132956406350
32992,864691132956407118
32993,864691132956407655
32994,864691132956407911
32995,864691132956408167
32996,864691132956408423
32997,864691132956408910
32998,864691132956409166
32999,864691132956409447
33000,864691132956411751
33001,864691132956412263
33002,864691132956412775
33003,864691132956413031
33004,864691132956414567
33005,864691132956414823
33006,864691132956415335
33007,864691132956415591
33008,864691132956416359
33009,864691132956417127
33010,864691132956417895
33011,864691132956418407
33012,864691132956419431
33013,864691132956420967
33014,864691132956421223
33015,864691132956421479
33016,864691132956422503
33017,864691132956423271
33018,864691132956424551
33019,864691132956425575
33020,864691132956426855
33021,864691132956429159
33022,864691132956429415
33023,864691132956429671
33024,864691132956430183
33025,864691132956431975
33026,864691132956433511
33027,864691132956433767
33028,864691132956435047
33029,864691132956436071
33030,864691132956436583
33031,864691132956437095
33032,864691132956437351
33033,864691132956437607
33034,864691132956437863
33035,864691132956439911
33036,864691132956442727
33037,864691132956446055
33038,864691132956447335
33039,864691132956447591
33040,864691132956448359
33041,864691132956452455
33042,864691132956454503
33043,864691132956454759
33044,864691132956455271
33045,864691132956455527
33046,864691132956457063
33047,864691132956457575
33048,864691132956459367
33049,864691132956460903
33050,864691132956466023
33051,864691132956468558
33052,864691132956468583
33053,864691132956470375
33054,864691132956470631
33055,864691132956471399
33056,864691132956471911
33057,864691132956472167
33058,864691132956472423
33059,864691132956472935
33060,864691132956473959
33061,864691132956474471
33062,864691132956474727
33063,864691132956476007
33064,864691132956476263
33065,864691132956478055
33066,864691132956480103
33067,864691132956480615
33068,864691132956480871
33069,864691132956481639
33070,864691132956482407
33071,864691132956483687
33072,864691132956485223
33073,864691132956485479
33074,864691132956485735
33075,864691132956487527
33076,864691132956488295
33077,864691132956492903
33078,864691132956494695
33079,864691132956494951
33080,864691132956495719
33081,864691132956496487
33082,864691132956496743
33083,864691132956496999
33084,864691132956497511
33085,864691132956498023
33086,864691132956498535
33087,864691132956499047
33088,864691132956499303
33089,864691132956499559
33090,864691132956502887
33091,864691132956503143
33092,864691132956503911
33093,864691132956504679
33094,864691132956504935
33095,864691132956506215
33096,864691132956506471
33097,864691132956506727
33098,864691132956508263
33099,864691132956508519
33100,864691132956508775
33101,864691132956509031
33102,864691132956512615
33103,864691132956512871
33104,864691132956513895
33105,864691132956516199
33106,864691132956516455
33107,864691132956520039
33108,864691132956616807
33109,864691132956669031
33110,864691132956670311
33111,864691132956670823
33112,864691132956672103
33113,864691132956672359
33114,864691132956672615
33115,864691132956672871
33116,864691132956704615
33117,864691132956706919
33118,864691132956707175
33119,864691132956708711
33120,864691132956708967
33121,864691132956709735
33122,864691132956713831
33123,864691132956714087
33124,864691132956863433
33125,864691132956981070
33126,864691132957067765
33127,864691132957108177
33128,864691132957140046
33129,864691132957154894
33130,864691132957194997
33131,864691132957201105
33132,864691132957228366
33133,864691132957260277
33134,864691132957302125
33135,864691132957315793
33136,864691132957441632
33137,864691132957473233
33138,864691132957597031
33139,864691132957693518
33140,864691132957723214
33141,864691132957858001
33142,864691132957865673
33143,864691132957946471
33144,864691132958001873
33145,864691132958063825
33146,864691132958113489
33147,864691132958124366
33148,864691132958134350
33149,864691132958136167
33150,864691132958178001
33151,864691132958183377
33152,864691132958239441
33153,864691132958239953
33154,864691132958270823
33155,864691132958272359
33156,864691132958310222
33157,864691132958321742
33158,864691132958382670
33159,864691132958386897
33160,864691132958401333
33161,864691132958420945
33162,864691132958459445
33163,864691132958460494
33164,864691132958465358
33165,864691132958471714
33166,864691132958472008
33167,864691132958475848
33168,864691132958502097
33169,864691132958537038
33170,864691132958590673
33171,864691132958598609
33172,864691132958604903
33173,864691132958732903
33174,864691132958786001
33175,864691132958794193
33176,864691132958801767
33177,864691132958843857
33178,864691132958880871
33179,864691132958885454
33180,864691132958891985
33181,864691132958894951
33182,864691132958900839
33183,864691132958902737
33184,864691132958913745
33185,864691132958921757
33186,864691132958922781
33187,864691132958927029
33188,864691132958927901
33189,864691132958928413
33190,864691132958929181
33191,864691132958929437
33192,864691132958929693
33193,864691132958929949
33194,864691132958930205
33195,864691132958931741
33196,864691132958931997
33197,864691132958932765
33198,864691132958933277
33199,864691132958933533
33200,864691132958934045
33201,864691132958934813
33202,864691132958935837
33203,864691132958936349
33204,864691132958938141
33205,864691132958938397
33206,864691132958940701
33207,864691132958941725
33208,864691132958941981
33209,864691132958942237
33210,864691132958942493
33211,864691132958944797
33212,864691132958946333
33213,864691132958947869
33214,864691132958951197
33215,864691132958951453
33216,864691132958953757
33217,864691132958954525
33218,864691132958955549
33219,864691132958956061
33220,864691132958956317
33221,864691132958956829
33222,864691132958957341
33223,864691132958958621
33224,864691132958960413
33225,864691132958960669
33226,864691132958961693
33227,864691132958965021
33228,864691132958966557
33229,864691132958966813
33230,864691132958968861
33231,864691132958970397
33232,864691132958971933
33233,864691132958972445
33234,864691132958973725
33235,864691132958975517
33236,864691132958976541
33237,864691132958977053
33238,864691132958978333
33239,864691132958978589
33240,864691132958979357
33241,864691132958980381
33242,864691132958981149
33243,864691132958981405
33244,864691132958981661
33245,864691132958981917
33246,864691132958982173
33247,864691132958982429
33248,864691132958982685
33249,864691132958984477
33250,864691132958985501
33251,864691132958986269
33252,864691132958987805
33253,864691132958988061
33254,864691132958988317
33255,864691132958988829
33256,864691132958989085
33257,864691132958989853
33258,864691132958991389
33259,864691132958992925
33260,864691132958993693
33261,864691132958995997
33262,864691132958996253
33263,864691132958999655
33264,864691132959004494
33265,864691132959024462
33266,864691132959032167
33267,864691132959042382
33268,864691132959043406
33269,864691132959063118
33270,864691132959070567
33271,864691132959075687
33272,864691132959108461
33273,864691132959139869
33274,864691132959140125
33275,864691132959142173
33276,864691132959142429
33277,864691132959143453
33278,864691132959144989
33279,864691132959145757
33280,864691132959146269
33281,864691132959147293
33282,864691132959148061
33283,864691132959148829
33284,864691132959149853
33285,864691132959150109
33286,864691132959151133
33287,864691132959153181
33288,864691132959153693
33289,864691132959154461
33290,864691132959154973
33291,864691132959155485
33292,864691132959155997
33293,864691132959184925
33294,864691132959185949
33295,864691132959186717
33296,864691132959188509
33297,864691132959188765
33298,864691132959189021
33299,864691132959189277
33300,864691132959189533
33301,864691132959190301
33302,864691132959194141
33303,864691132959195165
33304,864691132959196445
33305,864691132959197725
33306,864691132959198493
33307,864691132959199005
33308,864691132959202845
33309,864691132959204381
33310,864691132959205405
33311,864691132959206685
33312,864691132959221351
33313,864691132959272477
33314,864691132959285607
33315,864691132959330917
33316,864691132959357518
33317,864691132959390286
33318,864691132959415143
33319,864691132959421774
33320,864691132959422055
33321,864691132959504594
33322,864691132959581385
33323,864691132959624221
33324,864691132959654759
33325,864691132959673191
33326,864691132959708750
33327,864691132959720039
33328,864691132959756391
33329,864691132959772263
33330,864691132959781833
33331,864691132959788128
33332,864691132959792462
33333,864691132959816270
33334,864691132959837006
33335,864691132959839054
33336,864691132959839310
33337,864691132959870286
33338,864691132959910759
33339,864691132959913294
33340,864691132959977806
33341,864691132959982281
33342,864691132959992142
33343,864691132960004942
33344,864691132960006759
33345,864691132960021088
33346,864691132960037479
33347,864691132960075365
33348,864691132960175561
33349,864691132960186727
33350,864691132960189031
33351,864691132960223079
33352,864691132960249397
33353,864691132960253799
33354,864691132960319029
33355,864691132960374301
33356,864691132960389833
33357,864691132960490781
33358,864691132960504093
33359,864691132960522269
33360,864691132960601141
33361,864691132960844322
33362,864691132960975138
33363,864691132961023517
33364,864691132961025125
33365,864691132961050653
33366,864691132961052213
33367,864691132961083090
33368,864691132961095378
33369,864691132961125149
33370,864691132961153821
33371,864691132961183186
33372,864691132961188125
33373,864691132961238473
33374,864691132961295389
33375,864691132961490461
33376,864691132961650717
33377,864691132961733917
33378,864691132961797149
33379,864691132961835364
33380,864691132961845093
33381,864691132961895780
33382,864691132961922077
33383,864691132961928733
33384,864691132961999133
33385,864691132962002532
33386,864691132962002642
33387,864691132962015177
33388,864691132962042653
33389,864691132962061597
33390,864691132962082492
33391,864691132962158944
33392,864691132962186013
33393,864691132962229202
33394,864691132962236189
33395,864691132962274748
33396,864691132962329885
33397,864691132962378013
33398,864691132962385181
33399,864691132962388325
33400,864691132962400029
33401,864691132962427421
33402,864691132962428189
33403,864691132962545509
33404,864691132962571365
33405,864691132962703725
33406,864691132962724818
33407,864691132962861925
33408,864691132962899913
33409,864691132962993261
33410,864691132963117769
33411,864691132963139181
33412,864691132963175634
33413,864691132963230930
33414,864691132963328053
33415,864691132963349202
33416,864691132963363173
33417,864691132963482322
33418,864691132963601333
33419,864691132963714002
33420,864691132963855049
33421,864691132963972825
33422,864691132964256713
33423,864691132964335200
33424,864691132964359349
33425,864691132964468425
33426,864691132964488037
33427,864691132964683977
33428,864691132964720821
33429,864691132964943029
33430,864691132965085280
33431,864691132965118498
33432,864691132965182665
33433,864691132965204064
33434,864691132965243701
33435,864691132965250997
33436,864691132965286837
33437,864691132965557685
33438,864691132965580880
33439,864691132965640905
33440,864691132965663333
33441,864691132965841765
33442,864691132965966537
33443,864691132966136677
33444,864691132966154080
33445,864691132966317668
33446,864691132966408045
33447,864691132966504045
33448,864691132966504301
33449,864691132966505069
33450,864691132966507117
33451,864691132966508653
33452,864691132966511570
33453,864691132966511981
33454,864691132966515309
33455,864691132966515821
33456,864691132966518637
33457,864691132966518893
33458,864691132966520429
33459,864691132966521197
33460,864691132966521453
33461,864691132966522477
33462,864691132966522989
33463,864691132966524269
33464,864691132966524488
33465,864691132966525293
33466,864691132966525549
33467,864691132966525805
33468,864691132966526829
33469,864691132966527085
33470,864691132966527597
33471,864691132966528365
33472,864691132966528621
33473,864691132966529389
33474,864691132966530157
33475,864691132966530413
33476,864691132966530925
33477,864691132966531437
33478,864691132966532205
33479,864691132966532461
33480,864691132966533229
33481,864691132966535789
33482,864691132966536045
33483,864691132966536301
33484,864691132966537069
33485,864691132966538605
33486,864691132966538861
33487,864691132966539117
33488,864691132966539373
33489,864691132966540141
33490,864691132966541165
33491,864691132966541933
33492,864691132966542445
33493,864691132966542957
33494,864691132966543725
33495,864691132966543981
33496,864691132966544493
33497,864691132966547053
33498,864691132966550893
33499,864691132966551661
33500,864691132966552429
33501,864691132966552685
33502,864691132966555245
33503,864691132966556781
33504,864691132966557037
33505,864691132966560621
33506,864691132966563437
33507,864691132966564461
33508,864691132966565997
33509,864691132966566253
33510,864691132966567021
33511,864691132966567277
33512,864691132966568301
33513,864691132966568813
33514,864691132966569069
33515,864691132966571373
33516,864691132966571885
33517,864691132966572909
33518,864691132966573677
33519,864691132966574701
33520,864691132966574957
33521,864691132966575213
33522,864691132966575469
33523,864691132966575981
33524,864691132966577773
33525,864691132966578541
33526,864691132966580333
33527,864691132966581101
33528,864691132966581357
33529,864691132966582637
33530,864691132966582893
33531,864691132966583149
33532,864691132966584429
33533,864691132966586733
33534,864691132966587245
33535,864691132966603298
33536,864691132966788205
33537,864691132966788717
33538,864691132966789229
33539,864691132966789997
33540,864691132966790509
33541,864691132966792045
33542,864691132966792557
33543,864691132966793837
33544,864691132966794165
33545,864691132966795117
33546,864691132966795629
33547,864691132966795885
33548,864691132966796141
33549,864691132966797421
33550,864691132966798189
33551,864691132966799469
33552,864691132966799725
33553,864691132966800237
33554,864691132966801261
33555,864691132966801773
33556,864691132966802541
33557,864691132966803053
33558,864691132966812525
33559,864691132966849737
33560,864691132966856045
33561,864691132966859373
33562,864691132966860397
33563,864691132966861677
33564,864691132966862957
33565,864691132966864749
33566,864691132966871917
33567,864691132966873453
33568,864691132966873709
33569,864691132966874221
33570,864691132966874733
33571,864691132966876269
33572,864691132966922194
33573,864691132967036781
33574,864691132967067346
33575,864691132967230573
33576,864691132967236277
33577,864691132967237485
33578,864691132967617077
33579,864691132968105161
33580,864691132968165065
33581,864691132968211189
33582,864691132968227437
33583,864691132968250805
33584,864691132968570569
33585,864691132968625205
33586,864691132968655469
33587,864691132968687138
33588,864691132968777069
33589,864691132968953525
33590,864691132969020013
33591,864691132969022061
33592,864691132969082733
33593,864691132969084013
33594,864691132969094509
33595,864691132969109869
33596,864691132969110637
33597,864691132969116781
33598,864691132969189408
33599,864691132969190325
33600,864691132969205101
33601,864691132969214061
33602,864691132969244269
33603,864691132969356653
33604,864691132969401965
33605,864691132969615469
33606,864691132969647213
33607,864691132969672117
33608,864691132969739629
33609,864691132969743541
33610,864691132969943149
33611,864691132969977445
33612,864691132970005869
33613,864691132970007405
33614,864691132970105453
33615,864691132970115693
33616,864691132970123885
33617,864691132970138221
33618,864691132970241901
33619,864691132970273717
33620,864691132970296941
33621,864691132970366573
33622,864691132970422637
33623,864691132970429805
33624,864691132970492013
33625,864691132970698293
33626,864691132970748469
33627,864691132970748981
33628,864691132970750261
33629,864691132970755893
33630,864691132970756661
33631,864691132970758197
33632,864691132970758965
33633,864691132970760757
33634,864691132970761269
33635,864691132970761781
33636,864691132970764597
33637,864691132970765365
33638,864691132970766133
33639,864691132970766645
33640,864691132970766901
33641,864691132970768181
33642,864691132970769461
33643,864691132970769717
33644,864691132970770229
33645,864691132970770997
33646,864691132970771765
33647,864691132970772021
33648,864691132970773301
33649,864691132970773557
33650,864691132970774069
33651,864691132970774581
33652,864691132970775093
33653,864691132970775349
33654,864691132970775605
33655,864691132970776117
33656,864691132970776629
33657,864691132970776885
33658,864691132970777909
33659,864691132970780213
33660,864691132970780725
33661,864691132970782261
33662,864691132970786869
33663,864691132970787152
33664,864691132970787381
33665,864691132970787893
33666,864691132970788405
33667,864691132970789685
33668,864691132970790197
33669,864691132970790709
33670,864691132970791221
33671,864691132970792501
33672,864691132970792757
33673,864691132970793525
33674,864691132970794037
33675,864691132970794293
33676,864691132970796597
33677,864691132970797621
33678,864691132970799157
33679,864691132970799669
33680,864691132970799925
33681,864691132970800181
33682,864691132970800949
33683,864691132970801461
33684,864691132970802485
33685,864691132970802741
33686,864691132970803253
33687,864691132970805301
33688,864691132970805557
33689,864691132970805813
33690,864691132970806069
33691,864691132970806325
33692,864691132970806837
33693,864691132970809141
33694,864691132970809397
33695,864691132970810933
33696,864691132970885065
33697,864691132970922441
33698,864691132970961461
33699,864691132970961717
33700,864691132970963253
33701,864691132970963765
33702,864691132970964277
33703,864691132970964533
33704,864691132970965557
33705,864691132970967605
33706,864691132970970165
33707,864691132970970677
33708,864691132970972981
33709,864691132970974773
33710,864691132970975029
33711,864691132970975285
33712,864691132970975541
33713,864691132970975797
33714,864691132970976309
33715,864691132970976821
33716,864691132970977333
33717,864691132970977845
33718,864691132970978101
33719,864691132970978357
33720,864691132971009589
33721,864691132971010613
33722,864691132971011381
33723,864691132971011509
33724,864691132971212360
33725,864691132971267538
33726,864691132971350226
33727,864691132971655378
33728,864691132971903797
33729,864691132972057378
33730,864691132972209764
33731,864691132972286773
33732,864691132972397522
33733,864691132972399058
33734,864691132972561461
33735,864691132972569525
33736,864691132972725970
33737,864691132972874962
33738,864691132972875317
33739,864691132973060149
33740,864691132973076021
33741,864691132973085493
33742,864691132973092917
33743,864691132973105973
33744,864691132973257269
33745,864691132973274933
33746,864691132973291573
33747,864691132973356578
33748,864691132973372213
33749,864691132973539637
33750,864691132973596256
33751,864691132973608146
33752,864691132973638197
33753,864691132973662517
33754,864691132973663029
33755,864691132973705013
33756,864691132973756213
33757,864691132973763381
33758,864691132973796452
33759,864691132973883701
33760,864691132973897013
33761,864691132973943605
33762,864691132973943861
33763,864691132974011445
33764,864691132974096224
33765,864691132974177845
33766,864691132974191712
33767,864691132974191925
33768,864691132974211538
33769,864691132974216544
33770,864691132974224850
33771,864691132974233909
33772,864691132974250549
33773,864691132974262837
33774,864691132974263506
33775,864691132974439122
33776,864691132974455136
33777,864691132974467936
33778,864691132974551762
33779,864691132974553525
33780,864691132974668066
33781,864691132974701266
33782,864691132974835280
33783,864691132975128610
33784,864691132975136101
33785,864691132975324256
33786,864691132975460704
33787,864691132975579602
33788,864691132975804517
33789,864691132975816905
33790,864691132975869536
33791,864691132976007890
33792,864691132976121376
33793,864691132976127333
33794,864691132976214372
33795,864691132976262752
33796,864691132976309026
33797,864691132976356196
33798,864691132976712738
33799,864691132976932197
33800,864691132977097909
33801,864691132977242569
33802,864691132977265736
33803,864691132977345893
33804,864691132977635400
33805,864691132977652917
33806,864691132977674421
33807,864691132977947829
33808,864691132978039733
33809,864691132978180192
33810,864691132978180789
33811,864691132978281938
33812,864691132978361957
33813,864691132978584421
33814,864691132978703184
33815,864691132978767952
33816,864691132978783925
33817,864691132978801077
33818,864691132978899381
33819,864691132978930512
33820,864691132979001801
33821,864691132979096144
33822,864691132979238946
33823,864691132979303712
33824,864691132979304994
33825,864691132979768764
33826,864691132979876452
33827,864691132979906148
33828,864691132979925064
33829,864691132979977148
33830,864691132980025020
33831,864691132980026556
33832,864691132980035004
33833,864691132980036284
33834,864691132980036540
33835,864691132980038332
33836,864691132980041148
33837,864691132980042428
33838,864691132980044476
33839,864691132980044732
33840,864691132980045244
33841,864691132980048572
33842,864691132980050364
33843,864691132980051132
33844,864691132980052156
33845,864691132980052412
33846,864691132980052668
33847,864691132980055484
33848,864691132980056252
33849,864691132980056508
33850,864691132980057532
33851,864691132980058556
33852,864691132980058812
33853,864691132980059836
33854,864691132980061116
33855,864691132980061884
33856,864691132980062396
33857,864691132980062908
33858,864691132980065724
33859,864691132980068028
33860,864691132980068284
33861,864691132980068796
33862,864691132980069308
33863,864691132980069564
33864,864691132980069820
33865,864691132980071868
33866,864691132980072636
33867,864691132980073148
33868,864691132980073404
33869,864691132980076988
33870,864691132980078524
33871,864691132980079036
33872,864691132980082620
33873,864691132980084668
33874,864691132980085436
33875,864691132980086716
33876,864691132980089276
33877,864691132980090044
33878,864691132980090556
33879,864691132980091836
33880,864691132980095164
33881,864691132980095420
33882,864691132980096188
33883,864691132980096444
33884,864691132980096956
33885,864691132980097212
33886,864691132980097980
33887,864691132980100796
33888,864691132980101308
33889,864691132980102844
33890,864691132980103100
33891,864691132980104892
33892,864691132980105916
33893,864691132980107196
33894,864691132980107708
33895,864691132980108988
33896,864691132980110012
33897,864691132980110268
33898,864691132980111548
33899,864691132980112060
33900,864691132980114620
33901,864691132980114876
33902,864691132980144674
33903,864691132980167612
33904,864691132980221372
33905,864691132980245948
33906,864691132980246716
33907,864691132980247484
33908,864691132980248252
33909,864691132980248508
33910,864691132980248764
33911,864691132980249276
33912,864691132980249532
33913,864691132980256444
33914,864691132980256700
33915,864691132980259516
33916,864691132980259772
33917,864691132980260540
33918,864691132980261564
33919,864691132980262076
33920,864691132980263100
33921,864691132980263612
33922,864691132980263868
33923,864691132980264124
33924,864691132980264636
33925,864691132980265148
33926,864691132980265404
33927,864691132980265660
33928,864691132980265916
33929,864691132980266684
33930,864691132980269500
33931,864691132980269756
33932,864691132980272316
33933,864691132980272572
33934,864691132980272828
33935,864691132980273596
33936,864691132980274620
33937,864691132980276412
33938,864691132980276924
33939,864691132980277180
33940,864691132980277948
33941,864691132980278204
33942,864691132980278972
33943,864691132980280508
33944,864691132980280764
33945,864691132980281788
33946,864691132980282300
33947,864691132980283068
33948,864691132980283324
33949,864691132980284348
33950,864691132980284860
33951,864691132980285116
33952,864691132980285372
33953,864691132980286652
33954,864691132980286908
33955,864691132980287164
33956,864691132980287420
33957,864691132980287676
33958,864691132980287932
33959,864691132980288188
33960,864691132980288700
33961,864691132980288956
33962,864691132980289980
33963,864691132980290236
33964,864691132980292028
33965,864691132980292540
33966,864691132980293564
33967,864691132980294332
33968,864691132980295100
33969,864691132980295356
33970,864691132980296124
33971,864691132980297148
33972,864691132980297404
33973,864691132980298172
33974,864691132980298428
33975,864691132980298940
33976,864691132980299452
33977,864691132980352188
33978,864691132980356284
33979,864691132980357052
33980,864691132980357820
33981,864691132980358076
33982,864691132980359100
33983,864691132980360380
33984,864691132980362172
33985,864691132980364732
33986,864691132980365500
33987,864691132980368828
33988,864691132980369084
33989,864691132980369340
33990,864691132980370620
33991,864691132980372156
33992,864691132980374204
33993,864691132980375228
33994,864691132980379068
33995,864691132980379324
33996,864691132980381372
33997,864691132980382140
33998,864691132980382396
33999,864691132980382652
34000,864691132980382908
34001,864691132980384956
34002,864691132980385212
34003,864691132980385468
34004,864691132980385724
34005,864691132980441276
34006,864691132980444361
34007,864691132980548448
34008,864691132980728764
34009,864691132980829628
34010,864691132980874320
34011,864691132980904784
34012,864691132980921632
34013,864691132980950880
34014,864691132980954556
34015,864691132980974880
34016,864691132981006780
34017,864691132981015740
34018,864691132981035856
34019,864691132981079228
34020,864691132981124284
34021,864691132981274300
34022,864691132981433545
34023,864691132981555637
34024,864691132981615029
34025,864691132981741756
34026,864691132981771088
34027,864691132981980092
34028,864691132982208444
34029,864691132982254524
34030,864691132982365109
34031,864691132982415973
34032,864691132982417852
34033,864691132982444498
34034,864691132982593724
34035,864691132982611813
34036,864691132982619237
34037,864691132982772668
34038,864691132982801596
34039,864691132982857288
34040,864691132982863136
34041,864691132982876604
34042,864691132982889660
34043,864691132982893756
34044,864691132982912444
34045,864691132982937957
34046,864691132982999228
34047,864691132983086524
34048,864691132983222985
34049,864691132983320610
34050,864691132983346364
34051,864691132983356860
34052,864691132983392444
34053,864691132983403452
34054,864691132983413861
34055,864691132983420860
34056,864691132983438780
34057,864691132983453621
34058,864691132983463868
34059,864691132983493045
34060,864691132983606460
34061,864691132983626172
34062,864691132983724732
34063,864691132983724988
34064,864691132983737525
34065,864691132983800932
34066,864691132983985253
34067,864691132984045257
34068,864691132984050130
34069,864691132984167605
34070,864691132984179125
34071,864691132984194741
34072,864691132984203957
34073,864691132984435296
34074,864691132984435552
34075,864691132984440416
34076,864691132984443232
34077,864691132984445536
34078,864691132984447584
34079,864691132984447840
34080,864691132984449120
34081,864691132984450656
34082,864691132984452448
34083,864691132984453216
34084,864691132984454240
34085,864691132984454496
34086,864691132984454752
34087,864691132984455264
34088,864691132984455776
34089,864691132984456544
34090,864691132984456800
34091,864691132984460384
34092,864691132984460896
34093,864691132984461152
34094,864691132984461920
34095,864691132984463200
34096,864691132984463968
34097,864691132984465760
34098,864691132984466272
34099,864691132984466528
34100,864691132984466784
34101,864691132984467296
34102,864691132984467808
34103,864691132984468320
34104,864691132984469088
34105,864691132984470880
34106,864691132984472160
34107,864691132984472672
34108,864691132984473440
34109,864691132984473952
34110,864691132984477024
34111,864691132984477792
34112,864691132984479840
34113,864691132984480608
34114,864691132984480864
34115,864691132984481888
34116,864691132984482144
34117,864691132984485216
34118,864691132984487264
34119,864691132984487520
34120,864691132984487776
34121,864691132984488288
34122,864691132984489312
34123,864691132984490080
34124,864691132984490336
34125,864691132984490592
34126,864691132984490848
34127,864691132984491104
34128,864691132984491616
34129,864691132984492640
34130,864691132984492896
34131,864691132984493152
34132,864691132984493664
34133,864691132984494176
34134,864691132984494432
34135,864691132984494944
34136,864691132984496736
34137,864691132984496992
34138,864691132984498016
34139,864691132984498272
34140,864691132984498528
34141,864691132984500576
34142,864691132984501600
34143,864691132984502624
34144,864691132984505696
34145,864691132984505952
34146,864691132984507744
34147,864691132984509024
34148,864691132984510816
34149,864691132984511328
34150,864691132984512096
34151,864691132984513120
34152,864691132984513376
34153,864691132984514144
34154,864691132984514400
34155,864691132984516192
34156,864691132984517216
34157,864691132984517728
34158,864691132984518496
34159,864691132984520032
34160,864691132984521056
34161,864691132984522080
34162,864691132984522592
34163,864691132984523104
34164,864691132984534985
34165,864691132984544457
34166,864691132984636256
34167,864691132984691040
34168,864691132984691808
34169,864691132984692576
34170,864691132984693344
34171,864691132984693840
34172,864691132984695136
34173,864691132984695392
34174,864691132984695904
34175,864691132984707253
34176,864691132984717856
34177,864691132984739424
34178,864691132984740960
34179,864691132984741728
34180,864691132984744544
34181,864691132984746848
34182,864691132984747616
34183,864691132984750432
34184,864691132984750688
34185,864691132984751968
34186,864691132984768546
34187,864691132984804533
34188,864691132984845920
34189,864691132985053621
34190,864691132985075552
34191,864691132985202277
34192,864691132985338402
34193,864691132985640658
34194,864691132985657013
34195,864691132985666400
34196,864691132985709152
34197,864691132985726304
34198,864691132985801061
34199,864691132985923936
34200,864691132985970000
34201,864691132986025161
34202,864691132986093392
34203,864691132986126176
34204,864691132986228169
34205,864691132986375264
34206,864691132986416821
34207,864691132986432457
34208,864691132986476901
34209,864691132986598089
34210,864691132986608229
34211,864691132986613026
34212,864691132986613714
34213,864691132986742217
34214,864691132986845541
34215,864691132987126117
34216,864691132987190624
34217,864691132987207269
34218,864691132987228512
34219,864691132987265888
34220,864691132987276645
34221,864691132987313760
34222,864691132987352416
34223,864691132987382117
34224,864691132987401056
34225,864691132987418976
34226,864691132987425632
34227,864691132987505248
34228,864691132987662176
34229,864691132987665760
34230,864691132987741024
34231,864691132987756384
34232,864691132987760992
34233,864691132987766624
34234,864691132987781472
34235,864691132987786848
34236,864691132987984736
34237,864691132988014944
34238,864691132988015968
34239,864691132988062048
34240,864691132988069984
34241,864691132988158304
34242,864691132988244320
34243,864691132988252256
34244,864691132988267104
34245,864691132988275040
34246,864691132988289120
34247,864691132988434720
34248,864691132988679714
34249,864691132988757282
34250,864691132988940233
34251,864691132989146696
34252,864691132989168585
34253,864691132989406674
34254,864691132989665864
34255,864691132989794148
34256,864691132990409032
34257,864691132990465864
34258,864691132990477413
34259,864691132990484258
34260,864691132990548681
34261,864691132990589429
34262,864691132990590709
34263,864691132990591221
34264,864691132990592757
34265,864691132990594293
34266,864691132990594805
34267,864691132990595061
34268,864691132990595317
34269,864691132990595829
34270,864691132990596085
34271,864691132990598645
34272,864691132990598901
34273,864691132990599157
34274,864691132990599413
34275,864691132990599669
34276,864691132990599925
34277,864691132990600693
34278,864691132990600949
34279,864691132990602485
34280,864691132990603253
34281,864691132990604789
34282,864691132990605045
34283,864691132990605557
34284,864691132990605813
34285,864691132990606069
34286,864691132990606581
34287,864691132990607349
34288,864691132990608629
34289,864691132990608885
34290,864691132990609397
34291,864691132990609653
34292,864691132990609909
34293,864691132990610165
34294,864691132990610421
34295,864691132990610933
34296,864691132990611957
34297,864691132990613749
34298,864691132990614005
34299,864691132990614261
34300,864691132990614517
34301,864691132990614773
34302,864691132990616053
34303,864691132990616309
34304,864691132990616821
34305,864691132990617589
34306,864691132990618357
34307,864691132990619893
34308,864691132990620149
34309,864691132990620917
34310,864691132990621173
34311,864691132990621685
34312,864691132990621941
34313,864691132990622709
34314,864691132990622965
34315,864691132990623477
34316,864691132990624245
34317,864691132990624501
34318,864691132990624757
34319,864691132990625013
34320,864691132990626293
34321,864691132990626805
34322,864691132990627829
34323,864691132990628085
34324,864691132990628853
34325,864691132990629109
34326,864691132990629365
34327,864691132990630133
34328,864691132990631157
34329,864691132990631925
34330,864691132990632437
34331,864691132990632693
34332,864691132990632949
34333,864691132990633205
34334,864691132990633973
34335,864691132990634485
34336,864691132990635509
34337,864691132990636277
34338,864691132990636789
34339,864691132990637301
34340,864691132990637557
34341,864691132990639349
34342,864691132990639861
34343,864691132990641397
34344,864691132990641909
34345,864691132990642933
34346,864691132990643957
34347,864691132990645749
34348,864691132990646005
34349,864691132990648309
34350,864691132990653173
34351,864691132990654709
34352,864691132990656501
34353,864691132990656757
34354,864691132990659061
34355,864691132990659317
34356,864691132990661109
34357,864691132990661877
34358,864691132990663413
34359,864691132990663669
34360,864691132990663925
34361,864691132990665717
34362,864691132990666229
34363,864691132990666741
34364,864691132990668021
34365,864691132990669557
34366,864691132990669813
34367,864691132990670581
34368,864691132990671605
34369,864691132990673397
34370,864691132990675189
34371,864691132990677749
34372,864691132990678261
34373,864691132990679285
34374,864691132990679797
34375,864691132990680053
34376,864691132990680821
34377,864691132990681845
34378,864691132990682613
34379,864691132990683637
34380,864691132990684149
34381,864691132990742005
34382,864691132990834933
34383,864691132990835189
34384,864691132990835445
34385,864691132990835957
34386,864691132990836213
34387,864691132990836469
34388,864691132990836981
34389,864691132990837749
34390,864691132990838517
34391,864691132990839541
34392,864691132990841845
34393,864691132990842101
34394,864691132990843893
34395,864691132990844661
34396,864691132990844917
34397,864691132990845173
34398,864691132990848245
34399,864691132990849269
34400,864691132990850293
34401,864691132990850549
34402,864691132990854389
34403,864691132990855157
34404,864691132990855413
34405,864691132990858229
34406,864691132990859253
34407,864691132990859765
34408,864691132990860533
34409,864691132990860789
34410,864691132990876149
34411,864691132990876917
34412,864691132990879477
34413,864691132990879733
34414,864691132990880245
34415,864691132990880501
34416,864691132990882293
34417,864691132990882549
34418,864691132990884085
34419,864691132990884597
34420,864691132990884853
34421,864691132990888437
34422,864691132990888949
34423,864691132990889205
34424,864691132990889973
34425,864691132990965320
34426,864691132990984036
34427,864691132990986933
34428,864691132991039733
34429,864691132991124937
34430,864691132991140041
34431,864691132991155556
34432,864691132991158217
34433,864691132991391824
34434,864691132991391989
34435,864691132991506357
34436,864691132991565513
34437,864691132991687605
34438,864691132991803426
34439,864691132992028149
34440,864691132992118226
34441,864691132992151250
34442,864691132992201060
34443,864691132992245749
34444,864691132992504821
34445,864691132992545234
34446,864691132992635492
34447,864691132992652242
34448,864691132992742069
34449,864691132992820178
34450,864691132992861621
34451,864691132992930549
34452,864691132993005384
34453,864691132993125321
34454,864691132993257461
34455,864691132993263093
34456,864691132993311010
34457,864691132993465545
34458,864691132993470965
34459,864691132993511669
34460,864691132993567221
34461,864691132993583541
34462,864691132993627090
34463,864691132993637877
34464,864691132993646837
34465,864691132993651957
34466,864691132993665269
34467,864691132993668085
34468,864691132993669621
34469,864691132993723893
34470,864691132993742112
34471,864691132993771509
34472,864691132993838581
34473,864691132993946037
34474,864691132993992693
34475,864691132994111221
34476,864691132994163957
34477,864691132994183369
34478,864691132994194421
34479,864691132994275573
34480,864691132994292469
34481,864691132994778658
34482,864691132995614496
34483,864691132996040629
34484,864691132996089298
34485,864691132996115301
34486,864691132996309794
34487,864691132996800592
34488,864691132996892882
34489,864691132997014453
34490,864691132997014709
34491,864691132997014965
34492,864691132997018293
34493,864691132997020085
34494,864691132997021365
34495,864691132997022133
34496,864691132997022389
34497,864691132997022645
34498,864691132997023669
34499,864691132997024181
34500,864691132997025205
34501,864691132997026485
34502,864691132997027253
34503,864691132997028277
34504,864691132997029045
34505,864691132997029301
34506,864691132997031605
34507,864691132997032373
34508,864691132997034165
34509,864691132997034421
34510,864691132997035445
34511,864691132997035701
34512,864691132997035957
34513,864691132997036213
34514,864691132997036725
34515,864691132997036981
34516,864691132997037493
34517,864691132997038005
34518,864691132997039285
34519,864691132997039797
34520,864691132997041077
34521,864691132997041845
34522,864691132997042101
34523,864691132997042613
34524,864691132997042869
34525,864691132997043125
34526,864691132997043893
34527,864691132997044405
34528,864691132997046709
34529,864691132997047733
34530,864691132997047989
34531,864691132997050293
34532,864691132997050549
34533,864691132997050805
34534,864691132997051061
34535,864691132997052597
34536,864691132997053109
34537,864691132997053621
34538,864691132997054133
34539,864691132997055157
34540,864691132997056693
34541,864691132997057717
34542,864691132997058485
34543,864691132997059253
34544,864691132997059765
34545,864691132997060789
34546,864691132997061045
34547,864691132997061301
34548,864691132997062069
34549,864691132997062837
34550,864691132997064117
34551,864691132997064373
34552,864691132997064885
34553,864691132997065909
34554,864691132997066677
34555,864691132997066933
34556,864691132997069237
34557,864691132997069493
34558,864691132997069749
34559,864691132997072053
34560,864691132997073077
34561,864691132997074101
34562,864691132997075637
34563,864691132997076405
34564,864691132997076917
34565,864691132997078965
34566,864691132997079989
34567,864691132997080501
34568,864691132997081013
34569,864691132997081781
34570,864691132997082037
34571,864691132997082549
34572,864691132997082805
34573,864691132997084085
34574,864691132997085109
34575,864691132997088437
34576,864691132997089461
34577,864691132997089717
34578,864691132997092533
34579,864691132997093813
34580,864691132997094069
34581,864691132997096117
34582,864691132997097397
34583,864691132997098677
34584,864691132997099189
34585,864691132997099445
34586,864691132997102773
34587,864691132997103029
34588,864691132997103285
34589,864691132997105589
34590,864691132997106101
34591,864691132997108149
34592,864691132997109685
34593,864691132997111477
34594,864691132997112501
34595,864691132997112757
34596,864691132997115573
34597,864691132997117877
34598,864691132997122229
34599,864691132997122485
34600,864691132997122997
34601,864691132997123509
34602,864691132997124533
34603,864691132997126069
34604,864691132997126581
34605,864691132997127093
34606,864691132997127861
34607,864691132997128629
34608,864691132997129397
34609,864691132997129909
34610,864691132997131189
34611,864691132997131445
34612,864691132997132213
34613,864691132997134005
34614,864691132997135541
34615,864691132997136565
34616,864691132997137333
34617,864691132997139381
34618,864691132997140917
34619,864691132997142453
34620,864691132997143221
34621,864691132997211976
34622,864691132997276341
34623,864691132997277365
34624,864691132997277621
34625,864691132997278645
34626,864691132997278901
34627,864691132997280181
34628,864691132997281205
34629,864691132997281461
34630,864691132997281717
34631,864691132997281973
34632,864691132997283253
34633,864691132997283765
34634,864691132997284021
34635,864691132997285557
34636,864691132997287093
34637,864691132997287861
34638,864691132997288117
34639,864691132997288885
34640,864691132997289653
34641,864691132997291189
34642,864691132997291445
34643,864691132997295029
34644,864691132997295541
34645,864691132997296309
34646,864691132997296565
34647,864691132997296821
34648,864691132997297077
34649,864691132997297845
34650,864691132997298613
34651,864691132997299125
34652,864691132997300149
34653,864691132997301173
34654,864691132997302197
34655,864691132997302709
34656,864691132997305013
34657,864691132997305269
34658,864691132997305781
34659,864691132997306037
34660,864691132997306549
34661,864691132997306805
34662,864691132997307061
34663,864691132997307829
34664,864691132997308085
34665,864691132997308597
34666,864691132997365429
34667,864691132997368245
34668,864691132997369013
34669,864691132997369525
34670,864691132997370293
34671,864691132997371061
34672,864691132997371573
34673,864691132997372341
34674,864691132997372597
34675,864691132997372853
34676,864691132997373621
34677,864691132997374901
34678,864691132997376949
34679,864691132997377205
34680,864691132997377973
34681,864691132997378997
34682,864691132997384373
34683,864691132997476021
34684,864691132997485157
34685,864691132997853109
34686,864691132997902025
34687,864691132998020021
34688,864691132998101685
34689,864691132998204597
34690,864691132998367186
34691,864691132998368713
34692,864691132998513077
34693,864691132998523573
34694,864691132998644681
34695,864691132998912584
34696,864691132999132085
34697,864691132999250357
34698,864691132999342773
34699,864691132999387849
34700,864691132999487925
34701,864691132999641378
34702,864691132999642656
34703,864691132999727797
34704,864691132999773264
34705,864691132999786677
34706,864691132999901109
34707,864691132999920309
34708,864691132999971794
34709,864691133000050386
34710,864691133000162229
34711,864691133000196424
34712,864691133000449205
34713,864691133000450485
34714,864691133000456885
34715,864691133000481973
34716,864691133000509621
34717,864691133000514640
34718,864691133000548688
34719,864691133000587445
34720,864691133000665269
34721,864691133000672466
34722,864691133000706229
34723,864691133000780981
34724,864691133000884661
34725,864691133000978613
34726,864691133001001397
34727,864691133001098421
34728,864691133001141173
34729,864691133001150544
34730,864691133001170101
34731,864691133001183157
34732,864691133001220533
34733,864691133001247413
34734,864691133001248181
34735,864691133001270709
34736,864691133001271632
34737,864691133001330788
34738,864691133001418706
34739,864691133001439954
34740,864691133001516388
34741,864691133001568546
34742,864691133001572898
34743,864691133001583176
34744,864691133001671248
34745,864691133001771108
34746,864691133001890848
34747,864691133002056402
34748,864691133002365541
34749,864691133002768997
34750,864691133002782821
34751,864691133002862692
34752,864691133002908772
34753,864691133002920549
34754,864691133003030884
34755,864691133003159842
34756,864691133003284836
34757,864691133003441508
34758,864691133003475666
34759,864691133003484516
34760,864691133003566546
34761,864691133003664228
34762,864691133003862818
34763,864691133003959250
34764,864691133004001570
34765,864691133004063333
34766,864691133004155237
34767,864691133004401609
34768,864691133004771656
34769,864691133005023186
34770,864691133005271368
34771,864691133005373986
34772,864691133005447760
34773,864691133005494884
34774,864691133005659464
34775,864691133005754696
34776,864691133005771552
34777,864691133005888802
34778,864691133006027848
34779,864691133006144210
34780,864691133006148809
34781,864691133006185032
34782,864691133006257362
34783,864691133006317344
34784,864691133006572872
34785,864691133006603080
34786,864691133006759122
34787,864691133006848840
34788,864691133007146056
34789,864691133007189605
34790,864691133007449957
34791,864691133008121956
34792,864691133008380626
34793,864691133008442914
34794,864691133008605540
34795,864691133008606820
34796,864691133008831844
34797,864691133008932816
34798,864691133009138020
34799,864691133009141712
34800,864691133009374672
34801,864691133009377232
34802,864691133009378256
34803,864691133009382096
34804,864691133009383120
34805,864691133009383632
34806,864691133009384656
34807,864691133009384912
34808,864691133009385680
34809,864691133009386448
34810,864691133009387216
34811,864691133009387472
34812,864691133009388496
34813,864691133009388752
34814,864691133009389264
34815,864691133009389520
34816,864691133009390544
34817,864691133009391312
34818,864691133009393104
34819,864691133009393360
34820,864691133009393872
34821,864691133009395152
34822,864691133009395920
34823,864691133009398224
34824,864691133009398480
34825,864691133009399504
34826,864691133009400272
34827,864691133009402320
34828,864691133009402576
34829,864691133009403344
34830,864691133009403856
34831,864691133009404368
34832,864691133009405136
34833,864691133009405904
34834,864691133009406416
34835,864691133009406672
34836,864691133009407440
34837,864691133009408976
34838,864691133009409744
34839,864691133009410256
34840,864691133009411280
34841,864691133009411536
34842,864691133009411792
34843,864691133009412304
34844,864691133009413072
34845,864691133009414608
34846,864691133009415376
34847,864691133009416656
34848,864691133009417680
34849,864691133009418192
34850,864691133009418448
34851,864691133009419984
34852,864691133009420496
34853,864691133009422544
34854,864691133009423824
34855,864691133009425104
34856,864691133009426640
34857,864691133009427408
34858,864691133009428688
34859,864691133009429200
34860,864691133009430224
34861,864691133009430992
34862,864691133009434576
34863,864691133009435856
34864,864691133009436880
34865,864691133009437648
34866,864691133009438416
34867,864691133009439696
34868,864691133009440464
34869,864691133009440976
34870,864691133009442000
34871,864691133009443024
34872,864691133009443280
34873,864691133009445840
34874,864691133009447376
34875,864691133009450704
34876,864691133009451984
34877,864691133009452240
34878,864691133009452752
34879,864691133009453264
34880,864691133009455056
34881,864691133009455312
34882,864691133009455568
34883,864691133009456592
34884,864691133009456848
34885,864691133009458384
34886,864691133009460432
34887,864691133009461968
34888,864691133009463760
34889,864691133009464528
34890,864691133009465296
34891,864691133009468368
34892,864691133009468624
34893,864691133009469136
34894,864691133009469904
34895,864691133009471952
34896,864691133009473488
34897,864691133009475024
34898,864691133009475280
34899,864691133009476048
34900,864691133009476304
34901,864691133009477328
34902,864691133009477840
34903,864691133009478096
34904,864691133009480400
34905,864691133009480656
34906,864691133009481168
34907,864691133009484496
34908,864691133009484752
34909,864691133009487312
34910,864691133009647568
34911,864691133009647824
34912,864691133009648336
34913,864691133009648848
34914,864691133009649360
34915,864691133009650640
34916,864691133009651152
34917,864691133009651408
34918,864691133009652432
34919,864691133009652944
34920,864691133009653456
34921,864691133009653712
34922,864691133009654224
34923,864691133009656528
34924,864691133009656777
34925,864691133009657808
34926,864691133009658576
34927,864691133009660112
34928,864691133009660624
34929,864691133009661392
34930,864691133009661648
34931,864691133009662416
34932,864691133009681952
34933,864691133009696720
34934,864691133009702352
34935,864691133010121316
34936,864691133010125412
34937,864691133010233808
34938,864691133010458658
34939,864691133010820452
34940,864691133010850768
34941,864691133010934738
34942,864691133011096016
34943,864691133011268560
34944,864691133011324773
34945,864691133011339728
34946,864691133011346976
34947,864691133011362082
34948,864691133011408928
34949,864691133011470800
34950,864691133011481298
34951,864691133011499216
34952,864691133011570896
34953,864691133011612880
34954,864691133011715280
34955,864691133011731664
34956,864691133011839696
34957,864691133011935184
34958,864691133012034768
34959,864691133012074448
34960,864691133012104144
34961,864691133012125648
34962,864691133012194592
34963,864691133012326216
34964,864691133012397008
34965,864691133012404176
34966,864691133012413641
34967,864691133012474576
34968,864691133012539472
34969,864691133012571600
34970,864691133012602320
34971,864691133012613584
34972,864691133012675792
34973,864691133012738768
34974,864691133012903496
34975,864691133012903888
34976,864691133012915152
34977,864691133012939984
34978,864691133012940240
34979,864691133013424841
34980,864691133013676360
34981,864691133013763362
34982,864691133014209225
34983,864691133014382025
34984,864691133014406089
34985,864691133014461394
34986,864691133014466505
34987,864691133014486729
34988,864691133014560969
34989,864691133014561481
34990,864691133014570953
34991,864691133014660057
34992,864691133014713672
34993,864691133014714322
34994,864691133014883920
34995,864691133014891721
34996,864691133015023952
34997,864691133015194834
34998,864691133015245001
34999,864691133015281442
35000,864691133015365221
35001,864691133015482192
35002,864691133015552100
35003,864691133015612744
35004,864691133015632162
35005,864691133015697224
35006,864691133015835337
35007,864691133015960648
35008,864691133015998032
35009,864691133016022985
35010,864691133016231122
35011,864691133016263781
35012,864691133016346725
35013,864691133016422361
35014,864691133016511705
35015,864691133016587108
35016,864691133016659280
35017,864691133016692324
35018,864691133016712292
35019,864691133016764260
35020,864691133016765284
35021,864691133017027529
35022,864691133017157960
35023,864691133017370144
35024,864691133017425232
35025,864691133017515344
35026,864691133017631698
35027,864691133017657632
35028,864691133017892176
35029,864691133017955033
35030,864691133017983522
35031,864691133018155848
35032,864691133018194248
35033,864691133018286882
35034,864691133018304869
35035,864691133018307408
35036,864691133018503625
35037,864691133018539810
35038,864691133018726480
35039,864691133018788944
35040,864691133018813650
35041,864691133018995301
35042,864691133019116745
35043,864691133019143625
35044,864691133019320932
35045,864691133019393864
35046,864691133019972130
35047,864691133020119074
35048,864691133020439653
35049,864691133020459298
35050,864691133020492616
35051,864691133020622626
35052,864691133020676553
35053,864691133020970018
35054,864691133021533385
35055,864691133021710180
35056,864691133022135586
35057,864691133022313552
35058,864691133022655010
35059,864691133022725704
35060,864691133022731848
35061,864691133023116872
35062,864691133023117640
35063,864691133023152162
35064,864691133023444258
35065,864691133023898658
35066,864691133023900450
35067,864691133024070601
35068,864691133024093129
35069,864691133024101704
35070,864691133024158754
35071,864691133024369440
35072,864691133024443680
35073,864691133024482850
35074,864691133024502306
35075,864691133024525602
35076,864691133024573768
35077,864691133024762440
35078,864691133024782626
35079,864691133024814882
35080,864691133024859464
35081,864691133024986952
35082,864691133025131592
35083,864691133025153993
35084,864691133025418018
35085,864691133025432610
35086,864691133025521186
35087,864691133025557832
35088,864691133025856969
35089,864691133025942729
35090,864691133025949540
35091,864691133026114761
35092,864691133026170057
35093,864691133026183200
35094,864691133026241481
35095,864691133026341154
35096,864691133026434376
35097,864691133026567714
35098,864691133026573257
35099,864691133026838096
35100,864691133026907593
35101,864691133027034146
35102,864691133027193634
35103,864691133027423312
35104,864691133027441954
35105,864691133027473992
35106,864691133027672354
35107,864691133027822408
35108,864691133027852368
35109,864691133027853090
35110,864691133028022562
35111,864691133028026834
35112,864691133028331721
35113,864691133028361808
35114,864691133028537424
35115,864691133028745506
35116,864691133028751394
35117,864691133028939986
35118,864691133028940498
35119,864691133028942546
35120,864691133028943570
35121,864691133028943826
35122,864691133028946130
35123,864691133028946386
35124,864691133028947410
35125,864691133028947922
35126,864691133028948946
35127,864691133028950482
35128,864691133028952018
35129,864691133028952530
35130,864691133028954322
35131,864691133028955090
35132,864691133028955602
35133,864691133028958674
35134,864691133028958930
35135,864691133028959186
35136,864691133028960210
35137,864691133028960466
35138,864691133028960722
35139,864691133028962258
35140,864691133028963282
35141,864691133028964306
35142,864691133028965586
35143,864691133028965842
35144,864691133028966354
35145,864691133028969426
35146,864691133028971986
35147,864691133028973266
35148,864691133028974290
35149,864691133029065250
35150,864691133029106248
35151,864691133029119442
35152,864691133029119698
35153,864691133029120722
35154,864691133029120978
35155,864691133029121234
35156,864691133029121490
35157,864691133029159634
35158,864691133029160402
35159,864691133029161682
35160,864691133029162194
35161,864691133029162450
35162,864691133029166802
35163,864691133029167314
35164,864691133029167570
35165,864691133029168082
35166,864691133029169106
35167,864691133029219362
35168,864691133029246052
35169,864691133029337042
35170,864691133029362466
35171,864691133029543458
35172,864691133029603106
35173,864691133029655586
35174,864691133029658834
35175,864691133029741858
35176,864691133029998626
35177,864691133030003666
35178,864691133030050002
35179,864691133030151458
35180,864691133030244432
35181,864691133030256594
35182,864691133030326738
35183,864691133030387016
35184,864691133030594594
35185,864691133030627618
35186,864691133030659362
35187,864691133030707490
35188,864691133030792914
35189,864691133030811237
35190,864691133030813986
35191,864691133030852898
35192,864691133030967250
35193,864691133030979106
35194,864691133031026722
35195,864691133031121362
35196,864691133031200466
35197,864691133031312338
35198,864691133031327266
35199,864691133031407570
35200,864691133031459538
35201,864691133031480354
35202,864691133031485394
35203,864691133031520969
35204,864691133031541193
35205,864691133031604325
35206,864691133031664208
35207,864691133031680978
35208,864691133031697698
35209,864691133031701458
35210,864691133031706066
35211,864691133031734226
35212,864691133031745058
35213,864691133031746082
35214,864691133031746850
35215,864691133031758290
35216,864691133031764178
35217,864691133031843618
35218,864691133031843874
35219,864691133031853156
35220,864691133031888930
35221,864691133031907106
35222,864691133031963426
35223,864691133031997906
35224,864691133032002850
35225,864691133032009544
35226,864691133032048674
35227,864691133032052552
35228,864691133032144082
35229,864691133032163656
35230,864691133032170056
35231,864691133032179922
35232,864691133032184786
35233,864691133032277970
35234,864691133032281554
35235,864691133032324050
35236,864691133032379748
35237,864691133032458056
35238,864691133032480840
35239,864691133032664610
35240,864691133032717413
35241,864691133032748834
35242,864691133032749858
35243,864691133032750114
35244,864691133032751394
35245,864691133032754978
35246,864691133032760354
35247,864691133032761890
35248,864691133032762914
35249,864691133032763426
35250,864691133032764962
35251,864691133032765986
35252,864691133032766498
35253,864691133032767010
35254,864691133032767778
35255,864691133032767816
35256,864691133032768290
35257,864691133032768546
35258,864691133032768802
35259,864691133032769314
35260,864691133032770082
35261,864691133032770338
35262,864691133032771362
35263,864691133032773410
35264,864691133032773922
35265,864691133032774178
35266,864691133032774946
35267,864691133032775714
35268,864691133032776738
35269,864691133032776994
35270,864691133032777506
35271,864691133032777762
35272,864691133032778530
35273,864691133032779298
35274,864691133032780834
35275,864691133032783394
35276,864691133032784674
35277,864691133032785186
35278,864691133032785698
35279,864691133032786466
35280,864691133032789538
35281,864691133032789794
35282,864691133032791330
35283,864691133032793378
35284,864691133032800802
35285,864691133032801058
35286,864691133032801314
35287,864691133032803106
35288,864691133032805410
35289,864691133032805666
35290,864691133032806434
35291,864691133032806946
35292,864691133032808738
35293,864691133032810018
35294,864691133032810786
35295,864691133032811042
35296,864691133032811298
35297,864691133032811554
35298,864691133032811810
35299,864691133032812322
35300,864691133032812834
35301,864691133032813602
35302,864691133032813858
35303,864691133032814114
35304,864691133032814370
35305,864691133032815138
35306,864691133032815650
35307,864691133032816674
35308,864691133032816930
35309,864691133032818210
35310,864691133032818722
35311,864691133032820258
35312,864691133032821794
35313,864691133032822306
35314,864691133032823842
35315,864691133032825634
35316,864691133032826402
35317,864691133032826658
35318,864691133032827426
35319,864691133032828194
35320,864691133032828706
35321,864691133032828962
35322,864691133032829218
35323,864691133032831010
35324,864691133032832546
35325,864691133032833058
35326,864691133032874786
35327,864691133032919257
35328,864691133032991776
35329,864691133033003810
35330,864691133033004834
35331,864691133033005090
35332,864691133033006882
35333,864691133033007138
35334,864691133033007650
35335,864691133033008162
35336,864691133033008930
35337,864691133033009698
35338,864691133033046306
35339,864691133033047842
35340,864691133033048866
35341,864691133033049122
35342,864691133033049634
35343,864691133033049890
35344,864691133033051938
35345,864691133033052962
35346,864691133033055010
35347,864691133033059874
35348,864691133033061666
35349,864691133033062178
35350,864691133033062946
35351,864691133033063202
35352,864691133033063714
35353,864691133033064226
35354,864691133033447113
35355,864691133033453090
35356,864691133033620514
35357,864691133033621026
35358,864691133033649865
35359,864691133033965090
35360,864691133034001186
35361,864691133034120482
35362,864691133034379554
35363,864691133034447561
35364,864691133034854089
35365,864691133035044680
35366,864691133035252768
35367,864691133035394850
35368,864691133035420704
35369,864691133035450658
35370,864691133035522338
35371,864691133035573328
35372,864691133035589410
35373,864691133035658018
35374,864691133035772962
35375,864691133035871778
35376,864691133035908898
35377,864691133035950114
35378,864691133036057890
35379,864691133036076901
35380,864691133036130917
35381,864691133036150050
35382,864691133036223522
35383,864691133036234597
35384,864691133036253730
35385,864691133036256802
35386,864691133036261922
35387,864691133036276325
35388,864691133036328226
35389,864691133036346402
35390,864691133036362018
35391,864691133036474981
35392,864691133036488994
35393,864691133036498978
35394,864691133036520738
35395,864691133036554018
35396,864691133036554530
35397,864691133036579362
35398,864691133036580898
35399,864691133036588834
35400,864691133036603170
35401,864691133036712037
35402,864691133037011744
35403,864691133037016777
35404,864691133037130852
35405,864691133037234768
35406,864691133037247776
35407,864691133037363536
35408,864691133037604128
35409,864691133037733849
35410,864691133038066208
35411,864691133038232421
35412,864691133038584793
35413,864691133038957648
35414,864691133039107104
35415,864691133039443417
35416,864691133039825253
35417,864691133040288869
35418,864691133040386888
35419,864691133040424992
35420,864691133040609312
35421,864691133040684900
35422,864691133041017817
35423,864691133041175396
35424,864691133041288665
35425,864691133041368677
35426,864691133041578312
35427,864691133041636128
35428,864691133041836832
35429,864691133042109129
35430,864691133042255817
35431,864691133042308432
35432,864691133042309081
35433,864691133042429796
35434,864691133042541785
35435,864691133042547145
35436,864691133042648136
35437,864691133042669128
35438,864691133042831688
35439,864691133042892576
35440,864691133042893600
35441,864691133042897440
35442,864691133042898976
35443,864691133042900768
35444,864691133042902048
35445,864691133042903328
35446,864691133042905120
35447,864691133042905888
35448,864691133042906912
35449,864691133042907936
35450,864691133042911008
35451,864691133042912800
35452,864691133042913056
35453,864691133042913568
35454,864691133042913824
35455,864691133042914080
35456,864691133042914336
35457,864691133042915104
35458,864691133042915360
35459,864691133042915616
35460,864691133042915872
35461,864691133042916384
35462,864691133042917152
35463,864691133042917920
35464,864691133042918176
35465,864691133042919200
35466,864691133042919456
35467,864691133042919968
35468,864691133042920224
35469,864691133042920736
35470,864691133042920992
35471,864691133042921248
35472,864691133042922016
35473,864691133042922528
35474,864691133042922784
35475,864691133042923808
35476,864691133042925600
35477,864691133042926112
35478,864691133042927136
35479,864691133042927648
35480,864691133042928160
35481,864691133042929184
35482,864691133042930976
35483,864691133042931232
35484,864691133042931488
35485,864691133042932000
35486,864691133042933280
35487,864691133042935072
35488,864691133042936864
35489,864691133042937120
35490,864691133042939424
35491,864691133042943776
35492,864691133042944032
35493,864691133042945312
35494,864691133042946080
35495,864691133042946592
35496,864691133042947360
35497,864691133042947616
35498,864691133042949664
35499,864691133042950176
35500,864691133042951712
35501,864691133042951881
35502,864691133042951968
35503,864691133042953248
35504,864691133042954272
35505,864691133042954528
35506,864691133042955552
35507,864691133042956064
35508,864691133042956832
35509,864691133042957088
35510,864691133042958624
35511,864691133042958880
35512,864691133042959648
35513,864691133042961440
35514,864691133042962208
35515,864691133042963232
35516,864691133042967840
35517,864691133042968352
35518,864691133042969888
35519,864691133042973984
35520,864691133042975520
35521,864691133042976800
35522,864691133042977568
35523,864691133042979872
35524,864691133042980384
35525,864691133042982688
35526,864691133042982944
35527,864691133042983456
35528,864691133042984224
35529,864691133042985760
35530,864691133042988832
35531,864691133042989088
35532,864691133042992928
35533,864691133042993184
35534,864691133042993696
35535,864691133042995744
35536,864691133042997280
35537,864691133042998048
35538,864691133042998304
35539,864691133042999328
35540,864691133042999584
35541,864691133043000352
35542,864691133043001632
35543,864691133043002144
35544,864691133043002912
35545,864691133043003936
35546,864691133043005216
35547,864691133043005984
35548,864691133043007776
35549,864691133043009056
35550,864691133043009568
35551,864691133043011104
35552,864691133043011872
35553,864691133043012640
35554,864691133043014944
35555,864691133043016224
35556,864691133043017248
35557,864691133043018784
35558,864691133043019040
35559,864691133043019552
35560,864691133043019808
35561,864691133043021344
35562,864691133043022624
35563,864691133043023648
35564,864691133043024160
35565,864691133043025440
35566,864691133043025952
35567,864691133043026976
35568,864691133043028768
35569,864691133043030816
35570,864691133043031072
35571,864691133043031584
35572,864691133043032096
35573,864691133043033888
35574,864691133043036704
35575,864691133043036960
35576,864691133043037216
35577,864691133043037984
35578,864691133043038240
35579,864691133043038496
35580,864691133043039520
35581,864691133043040800
35582,864691133043041568
35583,864691133043042080
35584,864691133043043616
35585,864691133043044896
35586,864691133043046176
35587,864691133043046944
35588,864691133043047200
35589,864691133043047456
35590,864691133043047712
35591,864691133043048224
35592,864691133043048480
35593,864691133043048736
35594,864691133043049248
35595,864691133043049760
35596,864691133043050784
35597,864691133043051296
35598,864691133043051552
35599,864691133043052576
35600,864691133043053088
35601,864691133043054112
35602,864691133043054880
35603,864691133043056672
35604,864691133043058208
35605,864691133043058464
35606,864691133043060000
35607,864691133043207200
35608,864691133043208224
35609,864691133043208480
35610,864691133043208992
35611,864691133043209760
35612,864691133043210272
35613,864691133043210784
35614,864691133043211296
35615,864691133043212576
35616,864691133043212832
35617,864691133043213344
35618,864691133043215648
35619,864691133043216928
35620,864691133043217184
35621,864691133043218464
35622,864691133043220512
35623,864691133043221792
35624,864691133043222048
35625,864691133043222304
35626,864691133043222816
35627,864691133043224864
35628,864691133043225120
35629,864691133043225888
35630,864691133043227680
35631,864691133043228192
35632,864691133043228960
35633,864691133043229216
35634,864691133043229472
35635,864691133043230240
35636,864691133043231008
35637,864691133043232032
35638,864691133043232800
35639,864691133043234848
35640,864691133043235104
35641,864691133043236896
35642,864691133043237408
35643,864691133043237664
35644,864691133043238176
35645,864691133043238944
35646,864691133043239712
35647,864691133043239968
35648,864691133043240480
35649,864691133043240736
35650,864691133043241248
35651,864691133043242016
35652,864691133043243040
35653,864691133043243296
35654,864691133043244064
35655,864691133043244576
35656,864691133043245088
35657,864691133043245344
35658,864691133043246880
35659,864691133043248416
35660,864691133043286304
35661,864691133043286816
35662,864691133043287328
35663,864691133043288352
35664,864691133043288608
35665,864691133043290912
35666,864691133043291168
35667,864691133043291424
35668,864691133043293728
35669,864691133043295776
35670,864691133043298336
35671,864691133043298848
35672,864691133043301152
35673,864691133043301408
35674,864691133043301664
35675,864691133043301920
35676,864691133043302944
35677,864691133043409952
35678,864691133043705928
35679,864691133043717321
35680,864691133044184608
35681,864691133044335392
35682,864691133044349768
35683,864691133044507424
35684,864691133044509512
35685,864691133044770521
35686,864691133044812064
35687,864691133044928288
35688,864691133045022681
35689,864691133045038112
35690,864691133045126176
35691,864691133045152032
35692,864691133045158873
35693,864691133045181984
35694,864691133045257504
35695,864691133045353417
35696,864691133045386784
35697,864691133045425184
35698,864691133045474336
35699,864691133045503264
35700,864691133045536544
35701,864691133045540896
35702,864691133045627936
35703,864691133045629284
35704,864691133045684512
35705,864691133045716937
35706,864691133045746208
35707,864691133045793568
35708,864691133045825056
35709,864691133045840672
35710,864691133045857056
35711,864691133045896992
35712,864691133046087881
35713,864691133046275616
35714,864691133046293280
35715,864691133046446368
35716,864691133046497312
35717,864691133046503269
35718,864691133046634568
35719,864691133046650400
35720,864691133046797600
35721,864691133046837024
35722,864691133046837536
35723,864691133046851872
35724,864691133046881824
35725,864691133046905888
35726,864691133047080804
35727,864691133047134544
35728,864691133047144548
35729,864691133047205988
35730,864691133047206500
35731,864691133047206756
35732,864691133047208548
35733,864691133047209828
35734,864691133047211876
35735,864691133047215972
35736,864691133047217508
35737,864691133047220580
35738,864691133047221092
35739,864691133047222628
35740,864691133047224164
35741,864691133047226724
35742,864691133047229028
35743,864691133047229540
35744,864691133047229796
35745,864691133047230308
35746,864691133047231332
35747,864691133047233124
35748,864691133047234148
35749,864691133047236452
35750,864691133047236708
35751,864691133047237220
35752,864691133047237476
35753,864691133047237732
35754,864691133047237988
35755,864691133047238500
35756,864691133047239012
35757,864691133047239524
35758,864691133047239780
35759,864691133047240292
35760,864691133047240548
35761,864691133047241316
35762,864691133047243876
35763,864691133047244644
35764,864691133047245156
35765,864691133047245924
35766,864691133047246180
35767,864691133047246436
35768,864691133047246692
35769,864691133047248228
35770,864691133047248484
35771,864691133047250020
35772,864691133047251044
35773,864691133047251556
35774,864691133047252068
35775,864691133047252580
35776,864691133047253092
35777,864691133047253604
35778,864691133047254884
35779,864691133047255652
35780,864691133047255908
35781,864691133047256164
35782,864691133047256420
35783,864691133047257700
35784,864691133047257956
35785,864691133047258724
35786,864691133047260260
35787,864691133047260516
35788,864691133047261540
35789,864691133047262564
35790,864691133047263332
35791,864691133047263588
35792,864691133047264100
35793,864691133047266148
35794,864691133047267428
35795,864691133047268196
35796,864691133047268452
35797,864691133047269220
35798,864691133047270500
35799,864691133047272036
35800,864691133047272292
35801,864691133047273060
35802,864691133047277668
35803,864691133047278948
35804,864691133047279204
35805,864691133047279972
35806,864691133047280228
35807,864691133047280996
35808,864691133047281252
35809,864691133047282276
35810,864691133047283044
35811,864691133047285348
35812,864691133047285860
35813,864691133047286628
35814,864691133047288164
35815,864691133047288420
35816,864691133047288932
35817,864691133047290468
35818,864691133047290980
35819,864691133047292004
35820,864691133047292260
35821,864691133047293284
35822,864691133047295076
35823,864691133047295588
35824,864691133047296612
35825,864691133047297380
35826,864691133047297636
35827,864691133047297892
35828,864691133047298148
35829,864691133047298660
35830,864691133047298916
35831,864691133047299428
35832,864691133047299940
35833,864691133047300708
35834,864691133047301476
35835,864691133047301988
35836,864691133047302244
35837,864691133047303012
35838,864691133047303780
35839,864691133047304804
35840,864691133047305572
35841,864691133047306852
35842,864691133047307364
35843,864691133047307620
35844,864691133047308388
35845,864691133047308644
35846,864691133047310180
35847,864691133047311716
35848,864691133047312484
35849,864691133047312740
35850,864691133047313252
35851,864691133047313764
35852,864691133047314788
35853,864691133047315300
35854,864691133047315556
35855,864691133047316068
35856,864691133047316324
35857,864691133047316836
35858,864691133047317860
35859,864691133047318372
35860,864691133047318628
35861,864691133047319396
35862,864691133047319908
35863,864691133047321444
35864,864691133047322468
35865,864691133047324004
35866,864691133047324516
35867,864691133047326820
35868,864691133047327844
35869,864691133047431524
35870,864691133047447140
35871,864691133047447652
35872,864691133047449956
35873,864691133047450212
35874,864691133047450468
35875,864691133047490660
35876,864691133047491172
35877,864691133047492168
35878,864691133047495268
35879,864691133047500644
35880,864691133047501412
35881,864691133047502948
35882,864691133047504228
35883,864691133047652680
35884,864691133048057289
35885,864691133048389476
35886,864691133048466276
35887,864691133048634980
35888,864691133048948425
35889,864691133049043556
35890,864691133049307748
35891,864691133049310409
35892,864691133049352548
35893,864691133049540452
35894,864691133049555812
35895,864691133050049636
35896,864691133050204516
35897,864691133050216292
35898,864691133050293092
35899,864691133050349924
35900,864691133050393188
35901,864691133050455497
35902,864691133050475876
35903,864691133050483300
35904,864691133050488676
35905,864691133050646372
35906,864691133050676068
35907,864691133050705508
35908,864691133050843748
35909,864691133050964068
35910,864691133050997092
35911,864691133051075656
35912,864691133051083721
35913,864691133051338568
35914,864691133051970120
35915,864691133052569416
35916,864691133052570696
35917,864691133053306192
35918,864691133054250085
35919,864691133054905160
35920,864691133056862153
35921,864691133057139657
35922,864691133057233097
35923,864691133057593801
35924,864691133057682889
35925,864691133057759689
35926,864691133057821385
35927,864691133058198217
35928,864691133058452937
35929,864691133058665552
35930,864691133058725833
35931,864691133058901961
35932,864691133059165913
35933,864691133059398857
35934,864691133060149064
35935,864691133060256592
35936,864691133061216328
35937,864691133061334985
35938,864691133062176613
35939,864691133062247496
35940,864691133062251336
35941,864691133062251592
35942,864691133062252872
35943,864691133062253128
35944,864691133062253640
35945,864691133062253896
35946,864691133062257992
35947,864691133062258760
35948,864691133062259528
35949,864691133062260296
35950,864691133062261064
35951,864691133062261320
35952,864691133062262088
35953,864691133062262344
35954,864691133062263112
35955,864691133062263368
35956,864691133062265160
35957,864691133062266184
35958,864691133062266952
35959,864691133062272072
35960,864691133062272328
35961,864691133062273352
35962,864691133062273608
35963,864691133062274632
35964,864691133062274888
35965,864691133062275656
35966,864691133062276168
35967,864691133062276424
35968,864691133062277448
35969,864691133062278216
35970,864691133062278984
35971,864691133062279752
35972,864691133062280776
35973,864691133062281544
35974,864691133062281800
35975,864691133062282056
35976,864691133062282312
35977,864691133062282568
35978,864691133062282824
35979,864691133062283336
35980,864691133062284104
35981,864691133062284616
35982,864691133062287432
35983,864691133062288200
35984,864691133062288456
35985,864691133062288712
35986,864691133062289224
35987,864691133062289480
35988,864691133062289736
35989,864691133062291016
35990,864691133062292296
35991,864691133062292808
35992,864691133062293320
35993,864691133062294344
35994,864691133062295624
35995,864691133062296136
35996,864691133062296648
35997,864691133062298184
35998,864691133062299464
35999,864691133062299720
36000,864691133062300488
36001,864691133062302536
36002,864691133062304072
36003,864691133062304328
36004,864691133062304584
36005,864691133062304840
36006,864691133062305352
36007,864691133062305608
36008,864691133062306120
36009,864691133062306632
36010,864691133062307912
36011,864691133062308680
36012,864691133062309704
36013,864691133062309960
36014,864691133062310216
36015,864691133062310472
36016,864691133062311752
36017,864691133062312264
36018,864691133062313032
36019,864691133062313544
36020,864691133062313800
36021,864691133062314824
36022,864691133062315080
36023,864691133062315592
36024,864691133062315848
36025,864691133062317128
36026,864691133062317384
36027,864691133062317640
36028,864691133062318664
36029,864691133062319944
36030,864691133062321224
36031,864691133062321480
36032,864691133062321992
36033,864691133062322248
36034,864691133062322760
36035,864691133062323016
36036,864691133062323272
36037,864691133062324040
36038,864691133062326600
36039,864691133062328136
36040,864691133062328392
36041,864691133062329160
36042,864691133062330952
36043,864691133062331208
36044,864691133062331464
36045,864691133062333768
36046,864691133062334280
36047,864691133062335560
36048,864691133062336584
36049,864691133062337096
36050,864691133062339400
36051,864691133062340680
36052,864691133062342216
36053,864691133062343752
36054,864691133062345032
36055,864691133062345288
36056,864691133062346568
36057,864691133062346824
36058,864691133062348104
36059,864691133062353480
36060,864691133062355272
36061,864691133062355528
36062,864691133062358088
36063,864691133062358344
36064,864691133062359368
36065,864691133062359880
36066,864691133062361672
36067,864691133062363464
36068,864691133062363720
36069,864691133062363976
36070,864691133062364232
36071,864691133062364744
36072,864691133062365000
36073,864691133062366024
36074,864691133062366536
36075,864691133062366792
36076,864691133062367048
36077,864691133062367304
36078,864691133062368072
36079,864691133062368840
36080,864691133062371400
36081,864691133062371656
36082,864691133062403685
36083,864691133062407496
36084,864691133062454600
36085,864691133062484296
36086,864691133062500041
36087,864691133062534216
36088,864691133062549576
36089,864691133062551880
36090,864691133062553672
36091,864691133062554952
36092,864691133062555464
36093,864691133062555976
36094,864691133062556232
36095,864691133062556744
36096,864691133062557000
36097,864691133062557512
36098,864691133062557768
36099,864691133062558536
36100,864691133062558792
36101,864691133062560840
36102,864691133062561864
36103,864691133062562376
36104,864691133062563656
36105,864691133062564168
36106,864691133062565960
36107,864691133062566728
36108,864691133062568264
36109,864691133062568520
36110,864691133062570312
36111,864691133062570824
36112,864691133062571336
36113,864691133062571592
36114,864691133062571848
36115,864691133062572616
36116,864691133062572872
36117,864691133062573128
36118,864691133062573640
36119,864691133062574152
36120,864691133062574408
36121,864691133062574920
36122,864691133062575176
36123,864691133062575432
36124,864691133062575688
36125,864691133062575944
36126,864691133062576712
36127,864691133062577224
36128,864691133062577480
36129,864691133062578760
36130,864691133062579784
36131,864691133062581064
36132,864691133062581576
36133,864691133062600264
36134,864691133062609224
36135,864691133062609992
36136,864691133062610248
36137,864691133062610504
36138,864691133062679769
36139,864691133063065189
36140,864691133063257672
36141,864691133063352165
36142,864691133063717192
36143,864691133063803208
36144,864691133063826504
36145,864691133063877733
36146,864691133063900121
36147,864691133063904473
36148,864691133063905225
36149,864691133063905497
36150,864691133063910361
36151,864691133063910617
36152,864691133063911129
36153,864691133063912409
36154,864691133063912921
36155,864691133063913433
36156,864691133063914457
36157,864691133063915225
36158,864691133063916505
36159,864691133063917529
36160,864691133063918041
36161,864691133063919065
36162,864691133063920601
36163,864691133063922137
36164,864691133063922649
36165,864691133063923161
36166,864691133063924185
36167,864691133063924953
36168,864691133063925209
36169,864691133063925465
36170,864691133063925721
36171,864691133063926489
36172,864691133063927001
36173,864691133063928025
36174,864691133063928793
36175,864691133063929049
36176,864691133063930073
36177,864691133063931353
36178,864691133063934425
36179,864691133063936473
36180,864691133063936985
36181,864691133063937241
36182,864691133063937497
36183,864691133063938777
36184,864691133063939289
36185,864691133063940057
36186,864691133063940569
36187,864691133063943641
36188,864691133063944153
36189,864691133063944665
36190,864691133063944921
36191,864691133063945433
36192,864691133063946457
36193,864691133063948505
36194,864691133063948761
36195,864691133063949785
36196,864691133063951065
36197,864691133063951577
36198,864691133063952089
36199,864691133063952345
36200,864691133063952601
36201,864691133063952857
36202,864691133063953625
36203,864691133063954649
36204,864691133063954905
36205,864691133063955417
36206,864691133063955929
36207,864691133063956185
36208,864691133063958489
36209,864691133063961033
36210,864691133063991376
36211,864691133064013769
36212,864691133064072393
36213,864691133064085449
36214,864691133064085705
36215,864691133064093401
36216,864691133064093657
36217,864691133064094681
36218,864691133064095961
36219,864691133064096473
36220,864691133064098265
36221,864691133064099545
36222,864691133064099801
36223,864691133064100825
36224,864691133064102361
36225,864691133064103129
36226,864691133064104409
36227,864691133064105177
36228,864691133064105689
36229,864691133064105945
36230,864691133064107481
36231,864691133064108761
36232,864691133064109529
36233,864691133064110809
36234,864691133064111321
36235,864691133064111577
36236,864691133064111833
36237,864691133064112089
36238,864691133064112601
36239,864691133064113113
36240,864691133064113369
36241,864691133064113881
36242,864691133064114137
36243,864691133064114649
36244,864691133064116441
36245,864691133064116697
36246,864691133064117721
36247,864691133064118233
36248,864691133064118489
36249,864691133064119001
36250,864691133064119513
36251,864691133064119769
36252,864691133064120025
36253,864691133064120537
36254,864691133064121049
36255,864691133064121561
36256,864691133064122073
36257,864691133064123609
36258,864691133064123865
36259,864691133064124121
36260,864691133064124633
36261,864691133064124889
36262,864691133064126937
36263,864691133064127193
36264,864691133064147673
36265,864691133064148185
36266,864691133064151257
36267,864691133064153305
36268,864691133064156633
36269,864691133064157913
36270,864691133064166361
36271,864691133064166617
36272,864691133064167641
36273,864691133064167897
36274,864691133064179272
36275,864691133064200393
36276,864691133064205640
36277,864691133064252105
36278,864691133064347720
36279,864691133064371657
36280,864691133064405320
36281,864691133064471112
36282,864691133064488665
36283,864691133064523993
36284,864691133064551129
36285,864691133064659272
36286,864691133064697928
36287,864691133064875848
36288,864691133064897864
36289,864691133064935752
36290,864691133064952392
36291,864691133064970824
36292,864691133064992985
36293,864691133065022792
36294,864691133065087056
36295,864691133065093192
36296,864691133065130568
36297,864691133065291848
36298,864691133065301064
36299,864691133065302600
36300,864691133065330248
36301,864691133065339976
36302,864691133065358297
36303,864691133065416520
36304,864691133065427784
36305,864691133065446472
36306,864691133065610457
36307,864691133065817305
36308,864691133065888072
36309,864691133065918792
36310,864691133065944793
36311,864691133065982169
36312,864691133066027592
36313,864691133066078792
36314,864691133066090312
36315,864691133066115545
36316,864691133066152153
36317,864691133066184665
36318,864691133066190041
36319,864691133066206024
36320,864691133066214472
36321,864691133066284505
36322,864691133066399816
36323,864691133066408264
36324,864691133066423880
36325,864691133066463705
36326,864691133066489928
36327,864691133066501337
36328,864691133066635336
36329,864691133066666568
36330,864691133066670553
36331,864691133066679257
36332,864691133066794568
36333,864691133066817352
36334,864691133066818888
36335,864691133066825032
36336,864691133066825288
36337,864691133066868581
36338,864691133066881096
36339,864691133066883545
36340,864691133066883801
36341,864691133066925273
36342,864691133067057113
36343,864691133067205849
36344,864691133067263961
36345,864691133067319257
36346,864691133067323865
36347,864691133067347161
36348,864691133067378905
36349,864691133067403993
36350,864691133067406041
36351,864691133067430361
36352,864691133068214352
36353,864691133068409801
36354,864691133068410057
36355,864691133068416969
36356,864691133068417737
36357,864691133068418505
36358,864691133068420297
36359,864691133068420553
36360,864691133068427209
36361,864691133068427977
36362,864691133068428745
36363,864691133068429001
36364,864691133068429769
36365,864691133068430025
36366,864691133068432841
36367,864691133068433353
36368,864691133068433865
36369,864691133068434121
36370,864691133068434377
36371,864691133068436169
36372,864691133068436937
36373,864691133068438473
36374,864691133068439497
36375,864691133068441033
36376,864691133068441289
36377,864691133068441801
36378,864691133068442313
36379,864691133068442825
36380,864691133068445385
36381,864691133068448969
36382,864691133068450505
36383,864691133068450761
36384,864691133068451785
36385,864691133068455113
36386,864691133068455369
36387,864691133068457161
36388,864691133068457417
36389,864691133068458441
36390,864691133068458953
36391,864691133068460489
36392,864691133068461513
36393,864691133068462025
36394,864691133068462281
36395,864691133068462537
36396,864691133068462793
36397,864691133068463305
36398,864691133068463817
36399,864691133068464329
36400,864691133068464585
36401,864691133068465097
36402,864691133068466377
36403,864691133068466889
36404,864691133068470473
36405,864691133068472265
36406,864691133068589001
36407,864691133068600521
36408,864691133068600777
36409,864691133068601801
36410,864691133068602313
36411,864691133068603337
36412,864691133068604105
36413,864691133068604617
36414,864691133068604873
36415,864691133068606153
36416,864691133068607177
36417,864691133068610249
36418,864691133068611017
36419,864691133068611529
36420,864691133068612553
36421,864691133068613321
36422,864691133068613577
36423,864691133068617161
36424,864691133068617417
36425,864691133068619465
36426,864691133068620489
36427,864691133068656073
36428,864691133068658377
36429,864691133068658889
36430,864691133068660169
36431,864691133068666313
36432,864691133068666825
36433,864691133068667593
36434,864691133069070281
36435,864691133069259209
36436,864691133069415113
36437,864691133069515209
36438,864691133070225865
36439,864691133070302665
36440,864691133070454985
36441,864691133070508745
36442,864691133070585545
36443,864691133070598857
36444,864691133070615241
36445,864691133070622409
36446,864691133070809801
36447,864691133070817481
36448,864691133070876617
36449,864691133070883529
36450,864691133070897609
36451,864691133070922697
36452,864691133070945737
36453,864691133070976201
36454,864691133071103845
36455,864691133071138249
36456,864691133071245001
36457,864691133071268041
36458,864691133071286729
36459,864691133071303881
36460,864691133071335369
36461,864691133071363273
36462,864691133071376329
36463,864691133071506256
36464,864691133071623113
36465,864691133071704165
36466,864691133071735753
36467,864691133071739337
36468,864691133071926729
36469,864691133071950793
36470,864691133071969993
36471,864691133071980489
36472,864691133072014025
36473,864691133072058057
36474,864691133072279141
36475,864691133072427621
36476,864691133073495141
36477,864691133073966949
36478,864691133075930981
36479,864691133076039013
36480,864691133078251344
36481,864691133079505509
36482,864691133079826789
36483,864691133080524645
36484,864691133080845157
36485,864691133081235024
36486,864691133081650789
36487,864691133081723237
36488,864691133081817168
36489,864691133084555600
36490,864691133084651621
36491,864691133085930341
36492,864691133086358629
36493,864691133086499920
36494,864691133087133797
36495,864691133087275109
36496,864691133087511141
36497,864691133088565072
36498,864691133091876453
36499,864691133093866576
36500,864691133094039653
36501,864691133094128208
36502,864691133094233957
36503,864691133094788944
36504,864691133095061861
36505,864691133095253328
36506,864691133096456272
36507,864691133098331984
36508,864691133098661477
36509,864691133100213349
36510,864691133100662608
36511,864691133101668176
36512,864691133103566416
36513,864691133103992933
36514,864691133104360528
36515,864691133105024869
36516,864691133105613648
36517,864691133105979493
36518,864691133106757200
36519,864691133108091749
36520,864691133108132965
36521,864691133108144741
36522,864691133108770661
36523,864691133109416528
36524,864691133109703504
36525,864691133110584165
36526,864691133111077968
36527,864691133111413584
36528,864691133111947600
36529,864691133112662864
36530,864691133112779088
36531,864691133112945253
36532,864691133114023781
36533,864691133114344037
36534,864691133114802277
36535,864691133114810981
36536,864691133114812773
36537,864691133116069712
36538,864691133117987941
36539,864691133118602064
36540,864691133119081808
36541,864691133119218789
36542,864691133119219045
36543,864691133119223653
36544,864691133119226469
36545,864691133119226981
36546,864691133119227237
36547,864691133119228261
36548,864691133119228773
36549,864691133119229285
36550,864691133119230821
36551,864691133119231845
36552,864691133119232869
36553,864691133119235429
36554,864691133119236453
36555,864691133119238501
36556,864691133119238757
36557,864691133119239269
36558,864691133119239525
36559,864691133119241061
36560,864691133119242597
36561,864691133119243365
36562,864691133119243621
36563,864691133119244389
36564,864691133119244901
36565,864691133119245413
36566,864691133119245669
36567,864691133119246437
36568,864691133119248229
36569,864691133119249765
36570,864691133119250789
36571,864691133119251045
36572,864691133119251557
36573,864691133119251813
36574,864691133119252069
36575,864691133119253093
36576,864691133119253349
36577,864691133119253861
36578,864691133119254373
36579,864691133119255397
36580,864691133119256421
36581,864691133119256677
36582,864691133119256933
36583,864691133119258213
36584,864691133119259237
36585,864691133119260773
36586,864691133119261029
36587,864691133119261541
36588,864691133119263333
36589,864691133119264357
36590,864691133119265637
36591,864691133119265893
36592,864691133119266405
36593,864691133119268197
36594,864691133119269733
36595,864691133119270757
36596,864691133119272549
36597,864691133119273317
36598,864691133119274853
36599,864691133119275877
36600,864691133119276901
36601,864691133119277157
36602,864691133119278949
36603,864691133119279461
36604,864691133119282021
36605,864691133119282533
36606,864691133119283045
36607,864691133119283301
36608,864691133119284325
36609,864691133119285605
36610,864691133119286373
36611,864691133119287653
36612,864691133119289445
36613,864691133119289701
36614,864691133119290981
36615,864691133119291749
36616,864691133119292517
36617,864691133119292773
36618,864691133119294565
36619,864691133119295333
36620,864691133119296357
36621,864691133119297893
36622,864691133119298917
36623,864691133119299429
36624,864691133119299685
36625,864691133119299941
36626,864691133119300197
36627,864691133119300709
36628,864691133119303781
36629,864691133119304293
36630,864691133119304549
36631,864691133119305061
36632,864691133119306341
36633,864691133119306597
36634,864691133119308133
36635,864691133119309157
36636,864691133119309669
36637,864691133119310437
36638,864691133119312485
36639,864691133119313765
36640,864691133119314021
36641,864691133119314789
36642,864691133119318373
36643,864691133119418469
36644,864691133119440485
36645,864691133119440741
36646,864691133119440997
36647,864691133119441253
36648,864691133119441765
36649,864691133119443045
36650,864691133119443301
36651,864691133119443557
36652,864691133119444581
36653,864691133119444837
36654,864691133119445093
36655,864691133119445349
36656,864691133119445861
36657,864691133119446629
36658,864691133119447397
36659,864691133119447909
36660,864691133119448165
36661,864691133119448677
36662,864691133119449445
36663,864691133119450981
36664,864691133119452005
36665,864691133119452773
36666,864691133119453029
36667,864691133119453797
36668,864691133119514725
36669,864691133119517029
36670,864691133119523429
36671,864691133119524965
36672,864691133119525733
36673,864691133119877733
36674,864691133119970149
36675,864691133120083301
36676,864691133120225893
36677,864691133120979301
36678,864691133121579877
36679,864691133121581925
36680,864691133121901669
36681,864691133122043237
36682,864691133122068581
36683,864691133122092389
36684,864691133122218320
36685,864691133122253157
36686,864691133122292581
36687,864691133122469733
36688,864691133122473573
36689,864691133122617701
36690,864691133122701413
36691,864691133122716773
36692,864691133122731877
36693,864691133122747237
36694,864691133123135312
36695,864691133123462480
36696,864691133124690512
36697,864691133125404752
36698,864691133125778768
36699,864691133125913680
36700,864691133125924176
36701,864691133125933648
36702,864691133126116432
36703,864691133126480976
36704,864691133127222352
36705,864691133127725648
36706,864691133128085840
36707,864691133128119888
36708,864691133129001296
36709,864691133129213520
36710,864691133130570064
36711,864691133131556944
36712,864691133132822608
36713,864691133133159248
36714,864691133133855824
36715,864691133134151760
36716,864691133134271056
36717,864691133134353488
36718,864691133134692688
36719,864691133134712144
36720,864691133134805328
36721,864691133134932304
36722,864691133134959440
36723,864691133135109968
36724,864691133135476816
36725,864691133135520080
36726,864691133135568720
36727,864691133135576656
36728,864691133135754320
36729,864691133135955024
36730,864691133136847184
36731,864691133136973136
36732,864691133137015120
36733,864691133137338192
36734,864691133138134864
36735,864691133138743120
36736,864691133139225424
36737,864691133139287888
36738,864691133140327760
36739,864691133141572688
36740,864691133142297168
36741,864691133142306128
36742,864691133142446160
36743,864691133142492496
36744,864691133142647632
36745,864691133142860112
36746,864691133143039568
36747,864691133143725392
36748,864691133143742800
36749,864691133143743824
36750,864691133145219408
36751,864691133145365072
36752,864691133146213456
36753,864691133150589520
36754,864691133151423568
36755,864691133152675920
36756,864691133153831248
36757,864691133154032976
36758,864691133155047248
36759,864691133155115088
36760,864691133155755600
36761,864691133156370512
36762,864691133156737872
36763,864691133157174096
36764,864691133157270864
36765,864691133158491216
36766,864691133158533456
36767,864691133158854736
36768,864691133158875216
36769,864691133159417936
36770,864691133159428688
36771,864691133161728080
36772,864691133161929296
36773,864691133162682448
36774,864691133163448400
36775,864691133163488848
36776,864691133164265296
36777,864691133164283728
36778,864691133164607824
36779,864691133169317968
36780,864691133171870288
36781,864691133174097744
36782,864691133176316240
36783,864691133177682000
36784,864691133178462544
36785,864691133180605008
36786,864691133180819536
36787,864691133181036112
36788,864691133181138256
36789,864691133181622352
36790,864691133182346832
36791,864691133183278672
36792,864691133183306576
36793,864691133183412304
36794,864691133183631184
36795,864691133183972176
36796,864691133184216144
36797,864691133184362320
36798,864691133184783440
36799,864691133184834128
36800,864691133185264976
36801,864691133185274192
36802,864691133186564176
36803,864691133186661968
36804,864691133187063632
36805,864691133187064144
36806,864691133187180624
36807,864691133187723856
36808,864691133188026448
36809,864691133188233552
36810,864691133188754000
36811,864691133189239120
36812,864691133190365520
36813,864691133191394896
36814,864691133192412496
36815,864691133193245776
36816,864691133193478480
36817,864691133195329104
36818,864691133195681872
36819,864691133196291920
36820,864691133196496208
36821,864691133196708176
36822,864691133197991504
36823,864691133198185296
36824,864691133198566224
36825,864691133199331664
36826,864691133199943504
36827,864691133200247632
36828,864691133200750160
36829,864691133200878160
36830,864691133200897104
36831,864691133201268048
36832,864691133204461904
36833,864691133205246032
36834,864691133206305872
36835,864691133206933072
36836,864691133207543376
36837,864691133207845456
36838,864691133208533840
36839,864691133209279056
36840,864691133210632016
36841,864691133210841168
36842,864691133211160656
36843,864691133211222352
36844,864691133211348048
36845,864691133212137808
36846,864691133213392976
36847,864691133213524560
36848,864691133213549392
36849,864691133213996624
36850,864691133214152016
36851,864691133214274896
36852,864691133214314832
36853,864691133214351696
36854,864691133214360400
36855,864691133214364752
36856,864691133214537040
36857,864691133214626384
36858,864691133215018576
36859,864691133215279440
36860,864691133215301456
36861,864691133215308112
36862,864691133215368784
36863,864691133215370064
36864,864691133215387728
36865,864691133215704912
36866,864691133215742288
36867,864691133215746128
36868,864691133215760976
36869,864691133215765072
36870,864691133215927376
36871,864691133216112720
36872,864691133216344144
36873,864691133216424016
36874,864691133216797776
36875,864691133216831312
36876,864691133216878416
36877,864691133217010512
36878,864691133217035856
36879,864691133217046608
36880,864691133217070416
36881,864691133217131856
36882,864691133217925968
36883,864691133218245456
36884,864691133219126608
36885,864691133219284816
36886,864691133219298384
36887,864691133219305808
36888,864691133219632464
36889,864691133219676752
36890,864691133219683664
36891,864691133219687760
36892,864691133219698256
36893,864691133219704912
36894,864691133219718224
36895,864691133219975248
36896,864691133220491600
36897,864691133221386320
36898,864691133221471056
36899,864691133221497680
36900,864691133221951824
36901,864691133222319440
36902,864691133222325584
36903,864691133222327376
36904,864691133222464592
36905,864691133222709840
36906,864691133222772560
36907,864691133223520336
36908,864691133223545680
36909,864691133223602512
36910,864691133223744336
36911,864691133224168016
36912,864691133224381776
36913,864691133224415312
36914,864691133224434768
36915,864691133224447824
36916,864691133224730704
36917,864691133224913232
36918,864691133225293648
36919,864691133225417808
36920,864691133225994320
36921,864691133226062928
36922,864691133226185296
36923,864691133226304592
36924,864691133226362448
36925,864691133226794832
36926,864691133226802768
36927,864691133227169104
36928,864691133227592272
36929,864691133227877456
36930,864691133229619280
36931,864691133229922384
36932,864691133230067536
36933,864691133231401808
36934,864691133231656528
36935,864691133231692624
36936,864691133231995216
36937,864691133232128080
36938,864691133232139344
36939,864691133232241488
36940,864691133233432912
36941,864691133233614416
36942,864691133234173264
36943,864691133234351952
36944,864691133234887504
36945,864691133236075856
36946,864691133236243792
36947,864691133236688208
36948,864691133238093648
36949,864691133239018320
36950,864691133239499344
36951,864691133240331856
36952,864691133240574032
36953,864691133241183824
36954,864691133241430096
36955,864691133241809744
36956,864691133244141648
36957,864691133244284496
36958,864691133244343632
36959,864691133244572496
36960,864691133245537872
36961,864691133245746256
36962,864691133245800272
36963,864691133245806928
36964,864691133246404176
36965,864691133247401552
36966,864691133248596560
36967,864691133249030224
36968,864691133249458000
36969,864691133249495376
36970,864691133252319824
36971,864691133252325200
36972,864691133252426064
36973,864691133254293072
36974,864691133254514512
36975,864691133254595408
36976,864691133255160656
36977,864691133255678288
36978,864691133255937872
36979,864691133256228432
36980,864691133257397328
36981,864691133257686608
36982,864691133260753488
36983,864691133261373520
36984,864691133263195472
36985,864691133263816784
36986,864691133265640528
36987,864691133269408848
36988,864691133270158928
36989,864691133271832912
36990,864691133280940624
36991,864691133281024848
36992,864691133289989456
36993,864691133294825808
36994,864691133294882640
36995,864691133296851536
36996,864691133297287504
36997,864691133297454416
36998,864691133297617488
36999,864691133297619792
37000,864691133297627728
37001,864691133300153680
37002,864691133303561552
37003,864691133304613712
37004,864691133305238352
37005,864691133305510736
37006,864691133306648912
37007,864691133307643728
37008,864691133307647824
37009,864691133308192592
37010,864691133308715600
37011,864691133310553168
37012,864691133310555472
37013,864691133310559824
37014,864691133310560592
37015,864691133310561360
37016,864691133310565200
37017,864691133310566736
37018,864691133310566992
37019,864691133310567760
37020,864691133310568272
37021,864691133310569040
37022,864691133310570576
37023,864691133310571600
37024,864691133310571856
37025,864691133310572368
37026,864691133310573136
37027,864691133310574160
37028,864691133310576208
37029,864691133310576720
37030,864691133310577488
37031,864691133310578256
37032,864691133310579536
37033,864691133310580816
37034,864691133310581072
37035,864691133310581840
37036,864691133310582608
37037,864691133310582864
37038,864691133310583632
37039,864691133310585424
37040,864691133310585680
37041,864691133310586192
37042,864691133310586704
37043,864691133310587472
37044,864691133310587984
37045,864691133310588240
37046,864691133310588752
37047,864691133310589008
37048,864691133310591568
37049,864691133310593104
37050,864691133310593360
37051,864691133310594384
37052,864691133310594640
37053,864691133310596688
37054,864691133310597200
37055,864691133310597456
37056,864691133310598224
37057,864691133310599760
37058,864691133310600784
37059,864691133310602064
37060,864691133310602576
37061,864691133310604112
37062,864691133310604624
37063,864691133310609232
37064,864691133310609744
37065,864691133310610512
37066,864691133310611280
37067,864691133310612048
37068,864691133310612304
37069,864691133310613072
37070,864691133310614096
37071,864691133310614608
37072,864691133310615120
37073,864691133310616144
37074,864691133310616912
37075,864691133310617168
37076,864691133310618192
37077,864691133310619216
37078,864691133310620240
37079,864691133310621264
37080,864691133310622800
37081,864691133310623056
37082,864691133310623568
37083,864691133310624080
37084,864691133310624336
37085,864691133310626128
37086,864691133310627408
37087,864691133310628688
37088,864691133310629200
37089,864691133310629968
37090,864691133310630480
37091,864691133310632528
37092,864691133310633040
37093,864691133310633296
37094,864691133310635344
37095,864691133310635600
37096,864691133310682192
37097,864691133310769488
37098,864691133310779472
37099,864691133310781008
37100,864691133310782288
37101,864691133310782800
37102,864691133310783824
37103,864691133310786896
37104,864691133310788432
37105,864691133310788944
37106,864691133310824528
37107,864691133310839120
37108,864691133310839632
37109,864691133310839888
37110,864691133310840400
37111,864691133310840656
37112,864691133310845520
37113,864691133310845776
37114,864691133311094864
37115,864691133311421008
37116,864691133311471952
37117,864691133311510864
37118,864691133311565392
37119,864691133311656784
37120,864691133311913296
37121,864691133312023120
37122,864691133312556624
37123,864691133312688464
37124,864691133312773200
37125,864691133312805712
37126,864691133313070672
37127,864691133313142352
37128,864691133313167952
37129,864691133313223760
37130,864691133313228880
37131,864691133313324368
37132,864691133313457744
37133,864691133313480784
37134,864691133313483600
37135,864691133313553488
37136,864691133313623120
37137,864691133313634896
37138,864691133313656912
37139,864691133313750608
37140,864691133313781072
37141,864691133313902672
37142,864691133313945424
37143,864691133313995856
37144,864691133314003024
37145,864691133314020688
37146,864691133314093648
37147,864691133314103120
37148,864691133314147664
37149,864691133314168144
37150,864691133314176848
37151,864691133314185552
37152,864691133314195280
37153,864691133314233424
